Name	SAMPLE_NAME	CTRL	Project	DNA_extraction_plate	Plate	Bacterial conc. (ng/uL)
364528_534-LP3-16S-1110	DNA49_NegCtrl	NegCtrl	SoilColonialization	DNA49	P12	2.4
364528_413-LP3-16S-0989	DNA24_posCtrl_2	PosCtrl	BotrytizedWine	DNA41	P11	6.1
364528_292-LP3-16S-0868	Grenchen_2023-06-20_1A	Sample	SoilColonialization	DNA42	P10	4.2
364528_535-LP3-16S-1111	Grenchen_2023-10-10_1C_grapes	Sample	SoilColonialization	DNA49	P12	2.7
364528_414-LP3-16S-0990	22DL05M_5654_wine	Sample	BotrytizedWine	DNA41	P11	5.0
364528_293-LP3-16S-0869	Grenchen_2023-06-20_2B	Sample	SoilColonialization	DNA42	P10	3.9
364528_536-LP3-16S-1112	Grenchen_2023-10-10_1A_grapes	Sample	SoilColonialization	DNA49	P12	3.2
364528_415-LP3-16S-0991	22DL05M_89_wine	Sample	BotrytizedWine	DNA41	P11	2.4
364528_294-LP3-16S-0870	DO NOT USE (DUPLICATE)	Sample	NOT-USE	DNA42	P10	3.0
364528_416-LP3-16S-0992	22DL05M_8075_wine	Sample	BotrytizedWine	DNA41	P11	3.5
364528_295-LP3-16S-0871	DO NOT USE (DUPLICATE)	Sample	NOT-USE	DNA42	P10	4.0
364528_530-LP3-16S-1106	Champlan_1_30-08-2023_berries	Sample	WINE	DNA49	P12	4.9
364528_409-LP3-16S-0985	21DL05S_2751_lees	Sample	BotrytizedWine	DNA41	P11	3.9
364528_288-LP3-16S-0864	P09_PCR-_PCR1_20240918	NegCtrl	Lavaux		P9	7.1
364528_531-LP3-16S-1107	Weinmanufaktur_14-09-2023_berries	Sample	WINE	DNA49	P12	3.4
364528_410-LP3-16S-0986	21DL07S_BL30_lees	Sample	BotrytizedWine	DNA41	P11	1.6
364528_289-LP3-16S-0865	Lavaux_2021-08-31_bark_Plot5	Sample	Lavaux	DNA42	P10	3.5
364528_532-LP3-16S-1108	Diederik_14-09-2023_berries	Sample	WINE	DNA49	P12	4.0
364528_411-LP3-16S-0987	21DL06S_1094_lees	Sample	BotrytizedWine	DNA41	P11	1.9
364528_290-LP3-16S-0866	Lavaux_2021-08-31_bark_Plot4	Sample	Lavaux	DNA42	P10	4.3
364528_533-LP3-16S-1109	Grenchen_2023-10-10_1B_grapes	Sample	SoilColonialization	DNA49	P12	4.7
364528_412-LP3-16S-0988	DNA41_negCtrl_3	NegCtrl	BotrytizedWine	DNA41	P11	1.7
364528_291-LP3-16S-0867	Grenchen_2023-06-20_2A	Sample	SoilColonialization	DNA42	P10	3.8
364528_296-LP3-16S-0872	Fluntern_2023-06-20_1C	Sample	SoilColonialization	DNA42	P10	5.5
364528_537-LP3-16S-1113	Grenchen_2023-08-23_2C_grapes	Sample	SoilColonialization	DNA49	P12	3.2
364528_538-LP3-16S-1114	Grenchen_2023-08-23_1A_grapes	Sample	SoilColonialization	DNA49	P12	2.6
364528_417-LP3-16S-0993	19DMB_D2_wine	Sample	BotrytizedWine	DNA41	P11	1.8
364528_539-LP3-16S-1115	Grenchen_2023-08-23_1B_grapes	Sample	SoilColonialization	DNA49	P12	2.1
364528_418-LP3-16S-0994	19DMB_C13_wine	Sample	BotrytizedWine	DNA41	P11	1.4
364528_297-LP3-16S-0873	Grenchen_2023-06-20_1B	Sample	SoilColonialization	DNA42	P10	9.4
364528_540-LP3-16S-1116	Grenchen_2023-08-23_1C_grapes	Sample	SoilColonialization	DNA49	P12	10.6
364528_419-LP3-16S-0995	21DL01S_5295_wine	Sample	BotrytizedWine	DNA41	P11	1.2
364528_298-LP3-16S-0874	Erlenbach_2023-06-20_1	Sample	SoilColonialization	DNA42	P10	6.2
364528_177-LP3-16S-0753	MV_Post-AF_Plot20_Rep2_2021-10-16	Sample	Lavaux	DNA23	P8	7.0
364528_523-LP3-16S-1099	Baur_Wein_14-09-2023_berries	Sample	WINE	DNA49	P12	2.9
364528_402-LP3-16S-0978	21DL09_1893_lees	Sample	BotrytizedWine	DNA41	P11	2.3
364528_281-LP3-16S-0857	Lavaux_2022-08-10_bark_Plot13	Sample	Lavaux	DNA16	P9	4.5
364528_524-LP3-16S-1100	Leytron_Agroscope2_30-08-2023_berries	Sample	WINE	DNA49	P12	2.8
364528_403-LP3-16S-0979	22DL01S_4609_lees	Sample	BotrytizedWine	DNA41	P11	2.3
364528_282-LP3-16S-0858	Lavaux_2021-08-31_bark_Plot12	Sample	Lavaux	DNA16	P9	12.6
364528_525-LP3-16S-1101	Leytron_Agroscope1_30-08-2023_berries	Sample	WINE	DNA49	P12	2.3
364528_404-LP3-16S-0980	DO NOT USE (DUPLICATE) 	Sample	NOT-USE	DNA41	P11	2.3
364528_283-LP3-16S-0859	Lavaux_2021-08-31_leaf_Plot9	Sample	Lavaux	DNA16	P9	10.4
364528_526-LP3-16S-1102	Mart_6_30-08-2023_berries	Sample	WINE	DNA49	P12	1.6
364528_405-LP3-16S-0981	22DL05M_89_lees	Sample	BotrytizedWine	DNA41	P11	2.1
364528_284-LP3-16S-0860	DNA16_NegCtrl	NegCtrl	Lavaux	DNA16	P9	6.4
364528_519-LP3-16S-1095	Sav_3_30-08-2023_berries	Sample	WINE	DNA49	P12	2.3
364528_398-LP3-16S-0974	22DL05S_7101_lees	Sample	BotrytizedWine	DNA41	P11	2.6
364528_277-LP3-16S-0853	Lavaux_2021-08-31_bark_Plot18	Sample	Lavaux	DNA16	P9	3.6
364528_520-LP3-16S-1096	Sav_1_30-08-2023_berries	Sample	WINE	DNA49	P12	2.0
364528_399-LP3-16S-0975	22DL03S_4618_lees	Sample	BotrytizedWine	DNA41	P11	3.1
364528_278-LP3-16S-0854	Lavaux_2021-08-31_bark_Plot14	Sample	Lavaux	DNA16	P9	2.9
364528_521-LP3-16S-1097	Leuk_1_30-08-2023_berries	Sample	WINE	DNA49	P12	1.7
364528_400-LP3-16S-0976	22DL04M_4761_lees	Sample	BotrytizedWine	DNA41	P11	3.1
364528_279-LP3-16S-0855	Lavaux_2022-08-10_bark_Plot15	Sample	Lavaux	DNA16	P9	3.2
364528_522-LP3-16S-1098	Muraz_1_30-08-2023_berries	Sample	WINE	DNA49	P12	2.6
364528_401-LP3-16S-0977	22DL05S_4763_lees	Sample	BotrytizedWine	DNA41	P11	4.4
364528_280-LP3-16S-0856	Lavaux_2021-08-31_bark_Plot15	Sample	Lavaux	DNA16	P9	5.3
364528_406-LP3-16S-0982	21DL04M_1066_lees	Sample	BotrytizedWine	DNA41	P11	2.5
364528_285-LP3-16S-0861	Lavaux_2021-08-31_bark_Plot9	Sample	Lavaux	DNA16	P9	6.5
364528_286-LP3-16S-0862	Lavaux_2021-08-31_bark_Plot13	Sample	Lavaux	DNA16	P9	6.6
364528_527-LP3-16S-1103	Rebhalde_14-09-2023_berries	Sample	WINE	DNA49	P12	1.6
364528_528-LP3-16S-1104	Hasenhalde_14-09-2023_berries	Sample	WINE	DNA49	P12	2.6
364528_407-LP3-16S-0983	21DL02S_51_lees	Sample	BotrytizedWine	DNA41	P11	2.7
364528_529-LP3-16S-1105	Wine_by_Jet_14-09-2023_berries	Sample	WINE	DNA49	P12	5.7
364528_408-LP3-16S-0984	22DL02M_4630_lees	Sample	BotrytizedWine	DNA41	P11	2.9
364528_287-LP3-16S-0863	Lavaux_2021-08-31_bark_Plot11	Sample	Lavaux	DNA16	P9	7.5
364528_556-LP3-16S-1132	Grenchen_2022-07-02_1A_grapes	Sample	SoilColonialization	DNA49	P12	13.9
364528_435-LP3-16S-1011	21DL06M_BL25_wine	Sample	BotrytizedWine	DNA41	P11	3.1
364528_314-LP3-16S-0890	Lavaux_2021-08-31_must_Plot19	Sample	Lavaux	DNA42	P10	2.2
364528_193-LP3-16S-0769	Lavaux_2023-09-20_must_Plot13_RepA	Sample	Lavaux	DNA40	P9	3.0
364528_436-LP3-16S-1012	21DL06M_9060_wine	Sample	BotrytizedWine	DNA41	P11	2.6
364528_315-LP3-16S-0891	Lavaux_2021-08-31_must_Plot14	Sample	Lavaux	DNA42	P10	2.4
364528_194-LP3-16S-0770	Lavaux_2023-09-20_must_Plot15_RepA	Sample	Lavaux	DNA40	P9	3.2
364528_316-LP3-16S-0892	Lavaux_2021-08-31_must_Plot12	Sample	Lavaux	DNA42	P10	2.4
364528_195-LP3-16S-0771	Lavaux_2023-09-20_must_Plot4_RepE	Sample	Lavaux	DNA40	P9	2.9
364528_196-LP3-16S-0772	Lavaux_2023-09-20_must_Plot4_RepD	Sample	Lavaux	DNA40	P9	4.7
364528_552-LP3-16S-1128	DNA28_NegCtrl	NegCtrl	SoilColonialization	DNA28	P12	12.6
364528_431-LP3-16S-1007	21DL05S_2206_wine	Sample	BotrytizedWine	DNA41	P11	2.0
364528_310-LP3-16S-0886	Lavaux_2021-08-31_must_Plot9	Sample	Lavaux	DNA42	P10	1.6
364528_189-LP3-16S-0765	MV_Post-MLF_Plot20_2022-01-24	Sample	Lavaux	DNA23	P8	7.8
364528_553-LP3-16S-1129	Grenchen_2022-07-02_2A_grapes	Sample	SoilColonialization	DNA49	P12	11.1
364528_432-LP3-16S-1008	21DL05S_2751_wine	Sample	BotrytizedWine	DNA41	P11	1.7
364528_311-LP3-16S-0887	Lavaux_2021-08-31_must_Plot20	Sample	Lavaux	DNA42	P10	1.7
364528_190-LP3-16S-0766	MV_Post-AF_Plot5_Rep2_2021-10-16	Sample	Lavaux	DNA23	P8	7.0
364528_554-LP3-16S-1130	Grenchen_2022-07-02_2C_grapes	Sample	SoilColonialization	DNA49	P12	9.8
364528_433-LP3-16S-1009	21DL05S_4235_wine	Sample	BotrytizedWine	DNA41	P11	4.4
364528_312-LP3-16S-0888	Lavaux_2021-08-31_must_Plot15	Sample	Lavaux	DNA42	P10	2.1
364528_191-LP3-16S-0767	MV_Post-AF_Plot9_Rep1_2021-10-16	Sample	Lavaux	DNA23	P8	7.0
364528_555-LP3-16S-1131	Grenchen_2022-07-02_1B_grapes	Sample	SoilColonialization	DNA49	P12	12.5
364528_434-LP3-16S-1010	DNA24_negCtrl_5	NegCtrl	BotrytizedWine	DNA41	P11	3.5
364528_313-LP3-16S-0889	Lavaux_2021-08-31_must_Plot13	Sample	Lavaux	DNA42	P10	5.1
364528_192-LP3-16S-0768	MV_Post-AF_Plot18_Rep2_2021-10-16	Sample	Lavaux	DNA23	P8	7.9
364528_559-LP3-16S-1135	MV_Post-AF_Plot9_2022-09-30	Sample	Lavaux	DNA28	P12	10.1
364528_438-LP3-16S-1014	21DL06S_1081_wine	Sample	BotrytizedWine	DNA41	P11	2.8
364528_317-LP3-16S-0893	Lavaux_2021-08-31_must_Plot11	Sample	Lavaux	DNA42	P10	1.9
364528_560-LP3-16S-1136	MV_Must_Plot19_2022-09-13	Sample	Lavaux	DNA28	P12	13.2
364528_439-LP3-16S-1015	21DL06S_1094_wine	Sample	BotrytizedWine	DNA41	P11	3.0
364528_318-LP3-16S-0894	Lavaux_2021-08-31_must_Plot18	Sample	Lavaux	DNA42	P10	5.0
364528_197-LP3-16S-0773	Lavaux_2023-09-20_must_Plot20_RepA	Sample	Lavaux	DNA40	P9	3.2
364528_561-LP3-16S-1137	MV_Must_Plot15_2022-09-13	Sample	Lavaux	DNA28	P12	7.9
364528_440-LP3-16S-1016	21DL06S_1080_wine	Sample	BotrytizedWine	DNA41	P11	2.9
364528_319-LP3-16S-0895	Lavaux_2021-09-30_must_Plot20_Row6/Vine10_ID205	Sample	Lavaux	DNA42	P10	2.5
364528_198-LP3-16S-0774	Lavaux_2023-09-20_must_Plot19_RepB	Sample	Lavaux	DNA40	P9	3.3
364528_077-LP3-16S-0653	DO NOT USE (DUPLICATE)	Sample	NOT-USE	DNA31	P7	3.2
364528_562-LP3-16S-1138	MV_Post-AF_Plot5_2022-09-30	Sample	Lavaux	DNA28	P12	6.6
364528_441-LP3-16S-1017	21DL07M_1083_wine	Sample	BotrytizedWine	DNA41	P11	2.8
364528_320-LP3-16S-0896	Lavaux_2021-09-30_must_Plot14_Row4/Vine4_ID104	Sample	Lavaux	DNA42	P10	3.9
364528_199-LP3-16S-0775	Lavaux_2023-09-20_must_Plot15_RepC	Sample	Lavaux	DNA40	P9	3.4
364528_078-LP3-16S-0654	DO NOT USE (DUPLICATE)	Sample	NOT-USE	DNA31	P7	3.7
364528_557-LP3-16S-1133	MV_Must_Plot14_2022-09-13	Sample	Lavaux	DNA28	P12	14.1
364528_558-LP3-16S-1134	MV_Must_Plot5_2022-09-13	Sample	Lavaux	DNA28	P12	14.7
364528_437-LP3-16S-1013	21DL06M_54_wine	Sample	BotrytizedWine	DNA41	P11	4.1
364528_545-LP3-16S-1121	do not use	Sample	NOT-USE	DNA49	P12	1.5
364528_424-LP3-16S-1000	21DL02S_1090_wine	Sample	BotrytizedWine	DNA41	P11	1.7
364528_303-LP3-16S-0879	Fluntern_2023-06-20_1A	Sample	SoilColonialization	DNA42	P10	6.9
364528_182-LP3-16S-0758	MV_Post-AF_Plot17_Rep1_2021-10-16	Sample	Lavaux	DNA23	P8	5.3
364528_546-LP3-16S-1122	do not use	Sample	NOT-USE	DNA49	P12	1.6
364528_425-LP3-16S-1001	21DL03M_1073_wine	Sample	BotrytizedWine	DNA41	P11	1.8
364528_304-LP3-16S-0880	Grenchen_2023-06-20_2C	Sample	SoilColonialization	DNA42	P10	5.5
364528_183-LP3-16S-0759	MV_Post-AF_Plot15_Rep1_2021-10-16	Sample	Lavaux	DNA23	P8	7.2
364528_426-LP3-16S-1002	21DL03M_4185_wine	Sample	BotrytizedWine	DNA41	P11	1.6
364528_305-LP3-16S-0881	Erlenbach_2023-06-20_3	Sample	SoilColonialization	DNA42	P10	3.2
364528_184-LP3-16S-0760	MV_Post-AF_Plot13_Rep1_2021-10-16	Sample	Lavaux	DNA23	P8	6.5
364528_306-LP3-16S-0882	Fluntern_2023-06-20_1B	Sample	SoilColonialization	DNA42	P10	5.8
364528_185-LP3-16S-0761	MV_Post-AF_Plot19_Rep2_2021-10-16	Sample	Lavaux	DNA23	P8	7.2
364528_541-LP3-16S-1117	Grenchen_2023-08-23_2A_grapes	Sample	SoilColonialization	DNA49	P12	4.0
364528_420-LP3-16S-0996	empty	Sample	NOT-USE	DNA41	P11	4.6
364528_299-LP3-16S-0875	DNA42_NegCtrl	Sample	SoilColonialization	DNA42	P10	2.7
364528_178-LP3-16S-0754	MV_Post-AF_Plot17_Rep2_2021-10-16	Sample	Lavaux	DNA23	P8	4.7
364528_542-LP3-16S-1118	Grenchen_2023-08-23_2B_grapes	Sample	SoilColonialization	DNA49	P12	4.2
364528_421-LP3-16S-0997	21DL01S_2654_wine	Sample	BotrytizedWine	DNA41	P11	1.7
364528_300-LP3-16S-0876	Grenchen_2023-06-20_1C	Sample	SoilColonialization	DNA42	P10	5.8
364528_179-LP3-16S-0755	MV_Post-AF_Plot13_Rep2_2021-10-16	Sample	Lavaux	DNA23	P8	4.6
364528_543-LP3-16S-1119	Grenchen_2022-07-02_1C_grapes	Sample	SoilColonialization	DNA49	P12	2.9
364528_422-LP3-16S-0998	21DL02S_51_wine	Sample	BotrytizedWine	DNA41	P11	2.0
364528_301-LP3-16S-0877	DO NOT USE (DUPLICATE)	Sample	NOT-USE	DNA42	P10	4.2
364528_180-LP3-16S-0756	MV_Post-AF_Plot11_Rep1_2021-10-16	Sample	Lavaux	DNA23	P8	7.5
364528_544-LP3-16S-1120	Grenchen_2022-07-02_2B_grapes	Sample	SoilColonialization	DNA49	P12	9.5
364528_423-LP3-16S-0999	21DL02S_6535_wine	Sample	BotrytizedWine	DNA41	P11	2.7
364528_302-LP3-16S-0878	Erlenbach_2023-06-20_2	Sample	SoilColonialization	DNA42	P10	4.4
364528_181-LP3-16S-0757	MV_Post-AF_Plot4_Rep1_2021-10-16	Sample	Lavaux	DNA23	P8	7.8
364528_186-LP3-16S-0762	MV_Post-AF_Plot12_Rep2_2021-10-16	Sample	Lavaux	DNA23	P8	7.6
364528_548-LP3-16S-1124	do not use	Sample	NOT-USE	DNA49	P12	7.8
364528_427-LP3-16S-1003	21DL03M_2194_wine	Sample	BotrytizedWine	DNA41	P11	2.2
364528_549-LP3-16S-1125	MV_Post-AF_Plot13_2022-09-30	Sample	Lavaux	DNA28	P12	2.1
364528_428-LP3-16S-1004	21DL04M_52_wine	Sample	BotrytizedWine	DNA41	P11	1.7
364528_307-LP3-16S-0883	Lavaux_2021-08-31_must_Plot17	Sample	Lavaux	DNA42	P10	1.9
364528_550-LP3-16S-1126	MV_Post-AF_Plot15_2022-09-30	Sample	Lavaux	DNA28	P12	2.1
364528_429-LP3-16S-1005	21DL04M_2752_wine	Sample	BotrytizedWine	DNA41	P11	1.7
364528_308-LP3-16S-0884	Lavaux_2021-08-31_must_Plot5	Sample	Lavaux	DNA42	P10	2.0
364528_187-LP3-16S-0763	MV_Post-AF_Plot9_Rep3_2021-10-16	Sample	Lavaux	DNA23	P8	7.3
364528_551-LP3-16S-1127	MV_Must_Plot17_2022-09-13	Sample	Lavaux	DNA28	P12	1.5
364528_430-LP3-16S-1006	21DL04M_1066_wine	Sample	BotrytizedWine	DNA41	P11	2.0
364528_309-LP3-16S-0885	Lavaux_2021-08-31_must_Plot4	Sample	Lavaux	DNA42	P10	1.9
364528_188-LP3-16S-0764	MV_Post-MLF_Plot4_2022-01-24	Sample	Lavaux	DNA23	P8	6.9
364528_547-LP3-16S-1123	do not use	Sample	NOT-USE	DNA49	P12	1.8
364528_490-LP3-16S-1066	Lavaux_2021-08-31_leaf_Plot5_washed	Sample	Lavaux	DNA49	P12	6.1
364528_491-LP3-16S-1067	Lavaux_2023-08-24_leaf_Plot15_washed	Sample	Lavaux	DNA49	P12	2.2
364528_492-LP3-16S-1068	Lavaux_2021-08-31_leaf_Plot14_washed	Sample	Lavaux	DNA49	P12	3.2
364528_493-LP3-16S-1069	Lavaux_2022-08-10_leaf_Plot20_washed	Sample	Lavaux	DNA49	P12	3.1
364528_487-LP3-16S-1063	Lavaux_2023-08-24_leaf_Plot17_washed	Sample	Lavaux	DNA49	P12	7.4
364528_488-LP3-16S-1064	Lavaux_2023-08-24_leaf_Plot20_washed	Sample	Lavaux	DNA49	P12	7.1
364528_489-LP3-16S-1065	Lavaux_2023-08-24_leaf_Plot14_washed	Sample	Lavaux	DNA49	P12	10.0
364528_494-LP3-16S-1070	Lavaux_2022-08-10_leaf_Plot12_washed	Sample	Lavaux	DNA49	P12	2.5
364528_495-LP3-16S-1071	Lavaux_2023-08-24_leaf_Plot9_washed	Sample	Lavaux	DNA49	P12	2.5
364528_496-LP3-16S-1072	Lavaux_2022-08-10_leaf_Plot14_washed	Sample	Lavaux	DNA49	P12	3.2
364528_479-LP3-16S-1055	DNA41_negCtrl_2	NegCtrl	BotrytizedWine	DNA41	P11	7.7
364528_480-LP3-16S-1056	DNA24_negCtrl_3	NegCtrl	BotrytizedWine	DNA41	P11	9.2
364528_481-LP3-16S-1057	Lavaux_2021-08-31_leaf_Plot9_washed	Sample	Lavaux	DNA49	P12	7.9
364528_482-LP3-16S-1058	Lavaux_2021-08-31_leaf_Plot19_washed	Sample	Lavaux	DNA49	P12	6.9
364528_477-LP3-16S-1053	22DL07_5656_wine	Sample	BotrytizedWine	DNA41	P11	8.2
364528_478-LP3-16S-1054	DNA24_negCtrl_2	NegCtrl	BotrytizedWine	DNA41	P11	7.7
364528_483-LP3-16S-1059	empty	Sample	NOT-USE	DNA49	P12	6.2
364528_484-LP3-16S-1060	Lavaux_2021-08-31_leaf_Plot12_washed	Sample	Lavaux	DNA49	P12	9.5
364528_485-LP3-16S-1061	Lavaux_2023-08-24_leaf_Plot13_washed	Sample	Lavaux	DNA49	P12	9.8
364528_486-LP3-16S-1062	Lavaux_2022-08-10_leaf_Plot17_washed	Sample	Lavaux	DNA49	P12	4.0
364528_512-LP3-16S-1088	Lavaux_2021-08-31_leaf_Plot17_washed	Sample	Lavaux	DNA49	P12	4.0
364528_391-LP3-16S-0967	empty	Sample	NOT-USE	DNA41	P11	4.4
364528_513-LP3-16S-1089	Lavaux_2021-08-31_leaf_Plot4_washed	Sample	Lavaux	DNA49	P12	1.4
364528_392-LP3-16S-0968	empty	Sample	NOT-USE	DNA41	P11	5.6
364528_514-LP3-16S-1090	Ruetihof_14-09-2023_berries	Sample	WINE	DNA49	P12	2.3
364528_393-LP3-16S-0969	21DL02S_1090_lees	Sample	BotrytizedWine	DNA41	P11	5.9
364528_515-LP3-16S-1091	Miege_3_30-08-2023_berries	Sample	WINE	DNA49	P12	2.4
364528_394-LP3-16S-0970	22DL04M_5657_lees	Sample	BotrytizedWine	DNA41	P11	5.7
364528_508-LP3-16S-1084	Lavaux_2021-08-31_leaf_Plot18_washed	Sample	Lavaux	DNA49	P12	2.5
364528_387-LP3-16S-0963	DNA41_negCtrl_4	NegCtrl	BotrytizedWine	DNA41	P11	5.2
364528_509-LP3-16S-1085	Lavaux_2022-08-10_leaf_Plot15_washed	Sample	Lavaux	DNA49	P12	2.6
364528_388-LP3-16S-0964	DNA24_posCtrl_1	PosCtrl	BotrytizedWine	DNA41	P11	6.8
364528_510-LP3-16S-1086	Lavaux_2023-08-24_leaf_Plot19_washed	Sample	Lavaux	DNA49	P12	5.1
364528_389-LP3-16S-0965	21DL08M_1885_lees	Sample	BotrytizedWine	DNA41	P11	5.4
364528_511-LP3-16S-1087	Lavaux_2022-08-10_leaf_Plot5_washed	Sample	Lavaux	DNA49	P12	1.8
364528_390-LP3-16S-0966	21DL06M_54_lees	Sample	BotrytizedWine	DNA41	P11	5.5
364528_516-LP3-16S-1092	Leytron_Agroscope3_30-08-2023_berries	Sample	WINE	DNA49	P12	6.4
364528_395-LP3-16S-0971	22DL07_5656_lees	Sample	BotrytizedWine	DNA41	P11	2.7
364528_396-LP3-16S-0972	21DL01S_2653_lees	Sample	BotrytizedWine	DNA41	P11	2.4
364528_517-LP3-16S-1093	Strickhof_14-09-2023_berries	Sample	WINE	DNA49	P12	3.2
364528_518-LP3-16S-1094	Leytron_Agroscope4_30-08-2023_berries	Sample	WINE	DNA49	P12	1.7
364528_397-LP3-16S-0973	21DL03M_2194_lees	Sample	BotrytizedWine	DNA41	P11	2.1
364528_501-LP3-16S-1077	Lavaux_2022-08-10_leaf_Plot19_washed	Sample	Lavaux	DNA49	P12	2.8
364528_380-LP3-16S-0956		Sample	NOT-USE		P10	10.5
364528_502-LP3-16S-1078	Lavaux_2022-08-10_leaf_Plot4_washed	Sample	Lavaux	DNA49	P12	2.3
364528_381-LP3-16S-0957		Sample	NOT-USE		P10	12.4
364528_503-LP3-16S-1079	Lavaux_2021-08-31_leaf_Plot15_washed	Sample	Lavaux	DNA49	P12	2.1
364528_382-LP3-16S-0958		Sample	NOT-USE		P10	9.2
364528_504-LP3-16S-1080	Lavaux_2023-08-24_leaf_Plot5_washed	Sample	Lavaux	DNA49	P12	3.0
364528_383-LP3-16S-0959		Sample	NOT-USE		P10	5.9
364528_497-LP3-16S-1073	Lavaux_2022-08-10_leaf_Plot11_washed	Sample	Lavaux	DNA49	P12	4.9
364528_498-LP3-16S-1074	Lavaux_2021-08-31_leaf_Plot13_washed	Sample	Lavaux	DNA49	P12	3.1
364528_377-LP3-16S-0953		Sample	NOT-USE		P10	12.7
364528_499-LP3-16S-1075	DNA49_PosCtrl	PosCtrl	Lavaux	DNA49	P12	14.6
364528_378-LP3-16S-0954		Sample	NOT-USE		P10	12.4
364528_500-LP3-16S-1076	Lavaux_2022-08-10_leaf_Plot13_washed	Sample	Lavaux	DNA49	P12	3.1
364528_379-LP3-16S-0955		Sample	NOT-USE		P10	8.6
364528_505-LP3-16S-1081	Lavaux_2022-08-10_leaf_Plot9_washed	Sample	Lavaux	DNA49	P12	4.4
364528_384-LP3-16S-0960		Sample	NOT-USE		P10	10.1
364528_506-LP3-16S-1082	Lavaux_2021-08-31_leaf_Plot11_washed	Sample	Lavaux	DNA49	P12	1.9
364528_385-LP3-16S-0961	21DL07S_BL30_wine	Sample	BotrytizedWine	DNA41	P11	6.0
364528_386-LP3-16S-0962	21DL01S_2653_wine	Sample	BotrytizedWine	DNA41	P11	4.4
364528_507-LP3-16S-1083	Lavaux_2023-08-24_leaf_Plot4_washed	Sample	Lavaux	DNA49	P12	1.7
364528_057-LP3-16S-0633	Miege_3_17-08-2023_soil	Sample	WINE	DNA31	P7	2.5
364528_058-LP3-16S-0634	DO NOT USE (DUPLICATE)	Sample	NOT-USE	DNA31	P7	1.3
364528_059-LP3-16S-0635	DO NOT USE (DUPLICATE)	Sample	NOT-USE	DNA31	P7	1.5
364528_064-LP3-16S-0640	DO NOT USE (DUPLICATE)	Sample	NOT-USE	DNA31	P7	3.2
364528_065-LP3-16S-0641	DO NOT USE (DUPLICATE)	Sample	NOT-USE	DNA31	P7	1.6
364528_066-LP3-16S-0642	Rebhalde_05-09-2023_soil	Sample	WINE	DNA31	P7	2.3
364528_060-LP3-16S-0636	DO NOT USE (DUPLICATE)	Sample	NOT-USE	DNA31	P7	3.0
364528_061-LP3-16S-0637	DO NOT USE (DUPLICATE)	Sample	NOT-USE	DNA31	P7	2.2
364528_062-LP3-16S-0638	DO NOT USE (DUPLICATE)	Sample	NOT-USE	DNA31	P7	2.3
364528_063-LP3-16S-0639	DO NOT USE (DUPLICATE)	Sample	NOT-USE	DNA31	P7	1.7
364528_046-LP3-16S-0622	Fluntern_2023-10-10_1B	Sample	SoilColonialization	DNA31	P7	2.2
364528_167-LP3-16S-0743	MV_Post-AF_Plot12_Rep1_2021-10-16	Sample	Lavaux	DNA23	P8	1.7
364528_168-LP3-16S-0744	MV_Post-AF_Plot17_Rep3_2021-10-16	Sample	Lavaux	DNA23	P8	8.6
364528_047-LP3-16S-0623	DO NOT USE (DUPLICATE)	Sample	NOT-USE	DNA31	P7	1.1
364528_169-LP3-16S-0745	MV_Post-AF_Plot13_Rep3_2021-10-16	Sample	Lavaux	DNA23	P8	8.4
364528_048-LP3-16S-0624	Grenchen_2023-10-10_2C	Sample	SoilColonialization	DNA31	P7	2.1
364528_174-LP3-16S-0750	MV_Post-AF_Plot15_Rep2_2021-10-16	Sample	Lavaux	DNA23	P8	10.5
364528_053-LP3-16S-0629	Lavaux_2021-08-31_soil_Plot15	Sample	Lavaux	DNA31	P7	3.2
364528_175-LP3-16S-0751	MV_Post-AF_Plot4_Rep2_2021-10-16	Sample	Lavaux	DNA23	P8	9.5
364528_054-LP3-16S-0630	Lavaux_2021-08-31_soil_Plot14	Sample	Lavaux	DNA31	P7	3.0
364528_176-LP3-16S-0752	MV_Post-AF_Plot14_Rep2_2021-10-16	Sample	Lavaux	DNA23	P8	9.3
364528_055-LP3-16S-0631	DO NOT USE (DUPLICATE)	Sample	NOT-USE	DNA31	P7	1.6
364528_056-LP3-16S-0632	Sav_3_17-08-2023_soil	Sample	WINE	DNA31	P7	2.8
364528_170-LP3-16S-0746	MV_Post-AF_Plot20_Rep3_2021-10-16	Sample	Lavaux	DNA23	P8	6.9
364528_049-LP3-16S-0625	DNA31_NegCtrl	NegCtrl	SoilColonialization	DNA31	P7	2.5
364528_171-LP3-16S-0747	MV_Post-AF_Plot14_Rep3_2021-10-16	Sample	Lavaux	DNA23	P8	8.5
364528_050-LP3-16S-0626	Fluntern_2023-10-10_1A	Sample	SoilColonialization	DNA31	P7	3.3
364528_172-LP3-16S-0748	MV_Post-AF_Plot19_Rep3_2021-10-16	Sample	Lavaux	DNA23	P8	9.4
364528_051-LP3-16S-0627	Grenchen_2023-10-10_2B	Sample	SoilColonialization	DNA31	P7	3.1
364528_173-LP3-16S-0749	MV_Post-AF_Plot11_Rep2_2021-10-16	Sample	Lavaux	DNA23	P8	9.6
364528_052-LP3-16S-0628	Grenchen_2023-10-10_1B	Sample	SoilColonialization	DNA31	P7	3.1
364528_067-LP3-16S-0643	Strickhof_05-09-2023_soil	Sample	WINE	DNA31	P7	2.6
364528_068-LP3-16S-0644	Diederik_05-09-2023_soil	Sample	WINE	DNA31	P7	4.0
364528_069-LP3-16S-0645	Baur_Wein_05-09-2023_soil	Sample	WINE	DNA31	P7	2.3
364528_070-LP3-16S-0646	Hasenhalde_05-09-2023_soil	Sample	WINE	DNA31	P7	2.3
364528_075-LP3-16S-0651	DO NOT USE (DUPLICATE)	Sample	NOT-USE	DNA31	P7	3.3
364528_076-LP3-16S-0652	DO NOT USE (DUPLICATE)	Sample	NOT-USE	DNA31	P7	4.1
364528_071-LP3-16S-0647	Ruetihof_05-09-2023_soil	Sample	WINE	DNA31	P7	2.5
364528_072-LP3-16S-0648	Wine_by_Jet_05-09-2023_soil	Sample	WINE	DNA31	P7	3.5
364528_073-LP3-16S-0649	Weinmanufaktur_05-09-2023_soil	Sample	WINE	DNA31	P7	2.8
364528_074-LP3-16S-0650	DO NOT USE (DUPLICATE)	Sample	NOT-USE	DNA31	P7	3.0
364528_376-LP3-16S-0952	MV_Post-MLF_Plot14_2022-01-24	Sample	Lavaux	DNA23	P10	10.3
364528_255-LP3-16S-0831		Sample	NOT-USE		P9	2.1
364528_134-LP3-16S-0710	Lavaux_2023-08-24_leaf_Plot20	Sample	Lavaux	DNA39	P8	2.0
364528_013-LP3-16S-0589	DO NOT USE (DUPLICATE)	Sample	NOT-USE	DNA31	P7	1.6
364528_256-LP3-16S-0832		Sample	NOT-USE		P9	3.6
364528_135-LP3-16S-0711	Empty	Sample	NOT-USE	DNA39	P8	2.5
364528_014-LP3-16S-0590	Grenchen_2023-08-23_1C	Sample	WINE	DNA31	P7	3.0
364528_136-LP3-16S-0712	Lavaux_2023-08-24_leaf_Plot15	Sample	Lavaux	DNA39	P8	1.8
364528_015-LP3-16S-0591	DNA31_PosCtrl	PosCtrl	WINE	DNA31	P7	3.9
364528_016-LP3-16S-0592	DO NOT USE (DUPLICATE)	Sample	NOT-USE	DNA31	P7	1.9
364528_257-LP3-16S-0833	Lavaux_2021-08-31_leaf_Plot18	Sample	Lavaux	DNA16	P9	1.4
364528_262-LP3-16S-0838	Lavaux_2021-08-31_leaf_Plot12_1	Sample	Lavaux	DNA16	P9	1.3
364528_141-LP3-16S-0717	Empty	Sample	NOT-USE	DNA39	P8	2.3
364528_020-LP3-16S-0596	Lavaux_2023-05-10_soil_Plot19	Sample	Lavaux	DNA31	P7	3.7
364528_263-LP3-16S-0839	Lavaux_2021-08-31_leaf_Plot11	Sample	Lavaux	DNA16	P9	1.2
364528_142-LP3-16S-0718	Lavaux_2023-08-24_leaf_Plot17	Sample	Lavaux	DNA39	P8	2.1
364528_021-LP3-16S-0597	Lavaux_2023-05-10_soil_Plot13	Sample	Lavaux	DNA31	P7	3.3
364528_264-LP3-16S-0840	DO NOT USE (DUPLICATE)	Sample	NOT-USE	DNA16	P9	8.4
364528_143-LP3-16S-0719	Lavaux_2023-08-24_leaf_Plot5	Sample	Lavaux	DNA39	P8	1.9
364528_022-LP3-16S-0598	Lavaux_2023-05-10_soil_Plot14	Sample	Lavaux	DNA31	P7	3.7
364528_265-LP3-16S-0841	Lavaux_2021-08-31_leaf_Plot5	Sample	Lavaux	DNA16	P9	5.0
364528_144-LP3-16S-0720	Lavaux_2023-08-24_leaf_Plot19	Sample	Lavaux	DNA39	P8	1.6
364528_023-LP3-16S-0599	Lavaux_2023-05-10_soil_Plot4	Sample	Lavaux	DNA31	P7	3.8
364528_258-LP3-16S-0834	Lavaux_2021-08-31_leaf_Plot17	Sample	Lavaux	DNA16	P9	1.3
364528_137-LP3-16S-0713	Lavaux_2023-08-24_leaf_Plot9	Sample	Lavaux	DNA39	P8	2.1
364528_259-LP3-16S-0835	Lavaux_2021-08-31_soil_Plot5	Sample	Lavaux	DNA16	P9	1.6
364528_138-LP3-16S-0714	Lavaux_2023-08-24_leaf_Plot4	Sample	Lavaux	DNA39	P8	2.1
364528_017-LP3-16S-0593	Lavaux_2023-05-10_soil_Plot5	Sample	Lavaux	DNA31	P7	3.7
364528_260-LP3-16S-0836	Lavaux_2021-08-31_leaf_Plot15	Sample	Lavaux	DNA16	P9	7.1
364528_139-LP3-16S-0715	Lavaux_2023-08-24_leaf_Plot12	Sample	Lavaux	DNA39	P8	2.2
364528_018-LP3-16S-0594	Lavaux_2023-05-10_soil_Plot15	Sample	Lavaux	DNA31	P7	3.7
364528_261-LP3-16S-0837	Lavaux_2021-08-31_leaf_Plot13	Sample	Lavaux	DNA16	P9	1.2
364528_140-LP3-16S-0716	Empty	Sample	NOT-USE	DNA39	P8	2.0
364528_019-LP3-16S-0595	Lavaux_2023-05-10_soil_Plot9	Sample	Lavaux	DNA31	P7	3.6
364528_006-LP3-16S-0582	Erlenbach_2023-08-23_1	Sample	WINE	DNA31	P7	5.1
364528_365-LP3-16S-0941		Sample	NOT-USE		P10	12.0
364528_244-LP3-16S-0820	Lavaux_2023-08-24_must_Plot5	Sample	Lavaux	DNA40	P9	2.7
364528_123-LP3-16S-0699	Lavaux_2023-08-24_bark_Plot17	Sample	Lavaux	DNA39	P8	4.7
364528_002-LP3-16S-0578	Erlenbach_2023-08-23_6	Sample	WINE	DNA31	P7	3.2
364528_366-LP3-16S-0942		Sample	NOT-USE		P10	12.8
364528_245-LP3-16S-0821	Lavaux_2023-08-24_must_Plot14	Sample	Lavaux	DNA40	P9	3.1
364528_124-LP3-16S-0700	Lavaux_2023-08-24_bark_Plot13	Sample	Lavaux	DNA39	P8	2.3
364528_003-LP3-16S-0579	Grenchen_2023-08-23_2B	Sample	WINE	DNA31	P7	3.8
364528_246-LP3-16S-0822	Lavaux_2023-09-20_must_Plot9_RepC	Sample	Lavaux	DNA40	P9	2.2
364528_125-LP3-16S-0701	Lavaux_2023-08-24_bark_Plot4	Sample	Lavaux	DNA39	P8	2.6
364528_004-LP3-16S-0580	Fluntern_2023-08-23_1B	Sample	WINE	DNA31	P7	4.7
364528_126-LP3-16S-0702	Lavaux_2023-08-24_bark_Plot5	Sample	Lavaux	DNA39	P8	6.3
364528_005-LP3-16S-0581	Grenchen_2023-08-23_2C	Sample	WINE	DNA31	P7	4.9
364528_367-LP3-16S-0943		Sample	NOT-USE		P10	11.2
364528_372-LP3-16S-0948	MV_Post-AF_Plot14_Rep1_2021-10-16	Sample	Lavaux	DNA23	P10	7.8
364528_251-LP3-16S-0827	Lavaux_2023-09-20_must_Plot14_RepD	Sample	Lavaux	DNA40	P9	1.8
364528_130-LP3-16S-0706	DNA39_NegCtrl	NegCtrl	Lavaux	DNA39	P8	2.0
364528_009-LP3-16S-0585	DO NOT USE (DUPLICATE)	Sample	NOT-USE	DNA31	P7	3.2
364528_373-LP3-16S-0949	MV_Post-AF_Plot11_Rep3_2021-10-16	Sample	Lavaux	DNA23	P10	4.0
364528_252-LP3-16S-0828	Lavaux_2023-09-20_must_Plot5_RepE	Sample	Lavaux	DNA40	P9	3.3
364528_131-LP3-16S-0707	Lavaux_2021-08-31_leaf_Plot19	Sample	Lavaux	DNA39	P8	1.8
364528_010-LP3-16S-0586	Grenchen_2023-08-23_1A	Sample	WINE	DNA31	P7	3.5
364528_374-LP3-16S-0950	MV_Post-MLF_Plot19_2022-01-24	Sample	Lavaux	DNA23	P10	4.9
364528_253-LP3-16S-0829	Lavaux_2023-09-20_must_Plot14_RepC	Sample	Lavaux	DNA40	P9	2.0
364528_132-LP3-16S-0708	Lavaux_2021-08-31_leaf_Plot20	Sample	Lavaux	DNA39	P8	5.4
364528_011-LP3-16S-0587	Fluntern_2023-08-23_1A	Sample	WINE	DNA31	P7	2.9
364528_375-LP3-16S-0951	MV_Post-AF_Plot12_Rep3_2021-10-16	Sample	Lavaux	DNA23	P10	11.3
364528_254-LP3-16S-0830	Lavaux_2023-09-20_must_Plot9_RepD	Sample	Lavaux	DNA40	P9	2.3
364528_133-LP3-16S-0709	Lavaux_2021-08-31_leaf_Plot14	Sample	Lavaux	DNA39	P8	2.4
364528_012-LP3-16S-0588	Grenchen_2023-08-23_2A	Sample	WINE	DNA31	P7	2.9
364528_368-LP3-16S-0944		Sample	NOT-USE		P10	9.8
364528_247-LP3-16S-0823	Lavaux_2023-09-20_must_Plot17_RepE	Sample	Lavaux	DNA40	P9	2.3
364528_369-LP3-16S-0945	MV_Post-MLF_Plot5_2022-01-24	Sample	Lavaux	DNA23	P10	8.8
364528_248-LP3-16S-0824	Lavaux_2023-08-24_must_Plot9	Sample	Lavaux	DNA40	P9	2.4
364528_127-LP3-16S-0703	Lavaux_2023-08-24_bark_Plot15	Sample	Lavaux	DNA39	P8	2.4
364528_370-LP3-16S-0946	MV_Post-MLF_Plot13_2022-01-24	Sample	Lavaux	DNA23	P10	5.3
364528_249-LP3-16S-0825	Lavaux_2023-09-20_must_Plot17_RepA	Sample	Lavaux	DNA40	P9	2.2
364528_128-LP3-16S-0704	Lavaux_2023-08-24_bark_Plot14	Sample	Lavaux	DNA39	P8	5.7
364528_007-LP3-16S-0583	Grenchen_2023-08-23_1B	Sample	WINE	DNA31	P7	5.0
364528_371-LP3-16S-0947	MV_Post-MLF_Plot11_2022-01-24	Sample	Lavaux	DNA23	P10	7.3
364528_250-LP3-16S-0826	Lavaux_2023-08-24_must_Plot13	Sample	Lavaux	DNA40	P9	1.4
364528_129-LP3-16S-0705	Lavaux_2021-08-31_bark_Plot17	Sample	Lavaux	DNA39	P8	2.1
364528_008-LP3-16S-0584	Erlenbach_2023-08-23_2	Sample	WINE	DNA31	P7	5.2
364528_156-LP3-16S-0732	MV_Post-MLF_Plot17_2022-01-24	Sample	Lavaux	DNA23	P8	9.2
364528_035-LP3-16S-0611	DO NOT USE (DUPLICATE)	Sample	NOT-USE	DNA31	P7	1.1
364528_036-LP3-16S-0612	Lavaux_2023-08-24_soil_Plot19	Sample	Lavaux	DNA31	P7	3.7
364528_157-LP3-16S-0733	MV_Post-AF_Plot20_Rep1_2021-10-16	Sample	Lavaux	DNA23	P8	5.5
364528_158-LP3-16S-0734	MV_Post-AF_Plot15_Rep3_2021-10-16	Sample	Lavaux	DNA23	P8	4.4
364528_037-LP3-16S-0613	Erlenbach_2023-10-10_1	Sample	SoilColonialization	DNA31	P7	2.9
364528_163-LP3-16S-0739	MV_Post-MLF_Plot9_2022-01-24	Sample	Lavaux	DNA23	P8	1.7
364528_042-LP3-16S-0618	Grenchen_2023-10-10_2A	Sample	SoilColonialization	DNA31	P7	2.5
364528_164-LP3-16S-0740	MV_Post-AF_Plot5_Rep1_2021-10-16	Sample	Lavaux	DNA23	P8	7.9
364528_043-LP3-16S-0619	DO NOT USE (DUPLICATE)	Sample	NOT-USE	DNA31	P7	2.2
364528_165-LP3-16S-0741	MV_Post-MLF_Plot15_2022-01-24	Sample	Lavaux	DNA23	P8	2.0
364528_044-LP3-16S-0620	Erlenbach_2023-10-10_2	Sample	SoilColonialization	DNA31	P7	2.5
364528_166-LP3-16S-0742	MV_Post-AF_Plot9_Rep2_2021-10-16	Sample	Lavaux	DNA23	P8	1.9
364528_045-LP3-16S-0621	Fluntern_2023-10-10_1C	Sample	SoilColonialization	DNA31	P7	1.8
364528_159-LP3-16S-0735	MV_Post-MLF_Plot18_2022-01-24	Sample	Lavaux	DNA23	P8	3.6
364528_038-LP3-16S-0614	Grenchen_2023-10-10_1A	Sample	SoilColonialization	DNA31	P7	2.6
364528_160-LP3-16S-0736	MV_Post-AF_Plot19_Rep1_2021-10-16	Sample	Lavaux	DNA23	P8	9.5
364528_039-LP3-16S-0615	Grenchen_2023-10-10_1C	Sample	SoilColonialization	DNA31	P7	3.7
364528_161-LP3-16S-0737	MV_Post-AF_Plot18_Rep3_2021-10-16	Sample	Lavaux	DNA23	P8	1.7
364528_040-LP3-16S-0616	Erlenbach_2023-10-10_3	Sample	SoilColonialization	DNA31	P7	3.3
364528_162-LP3-16S-0738	MV_Post-AF_Plot5_Rep3_2021-10-16	Sample	Lavaux	DNA23	P8	1.7
364528_041-LP3-16S-0617	Erlenbach_2023-10-10_6	Sample	SoilColonialization	DNA31	P7	2.1
364528_266-LP3-16S-0842	Lavaux_2021-08-31_leaf_Plot4	Sample	Lavaux	DNA16	P9	4.4
364528_145-LP3-16S-0721	Lavaux_2023-08-24_leaf_Plot13	Sample	Lavaux	DNA39	P8	5.9
364528_024-LP3-16S-0600	Lavaux_2023-05-10_soil_Plot12	Sample	Lavaux	DNA31	P7	4.4
364528_146-LP3-16S-0722	Lavaux_2023-08-24_leaf_Plot14	Sample	Lavaux	DNA39	P8	4.8
364528_025-LP3-16S-0601	Lavaux_2023-05-10_soil_Plot17	Sample	Lavaux	DNA31	P7	2.6
364528_026-LP3-16S-0602	Lavaux_2023-05-10_soil_Plot20	Sample	Lavaux	DNA31	P7	2.2
364528_267-LP3-16S-0843	Lavaux_2022-08-10_bark_Plot14	Sample	Lavaux	DNA16	P9	5.9
364528_268-LP3-16S-0844	Lavaux_2022-08-10_bark_Plot9	Sample	Lavaux	DNA16	P9	5.0
364528_147-LP3-16S-0723		Sample	NOT-USE		P8	4.0
364528_273-LP3-16S-0849	Lavaux_2022-08-10_bark_Plot5	Sample	Lavaux	DNA16	P9	3.8
364528_152-LP3-16S-0728	P08_NegCtrl	NegCtrl	NOT-USE		P8	3.6
364528_031-LP3-16S-0607	Lavaux_2023-08-24_soil_Plot15	Sample	Lavaux	DNA31	P7	3.2
364528_274-LP3-16S-0850	Lavaux_2022-08-10_bark_Plot20	Sample	Lavaux	DNA16	P9	4.0
364528_153-LP3-16S-0729	MV_Post-AF_Plot4_Rep3_2021-10-16	Sample	Lavaux	DNA23	P8	3.8
364528_032-LP3-16S-0608	DO NOT USE (DUPLICATE)	Sample	NOT-USE	DNA31	P7	4.2
364528_275-LP3-16S-0851	Lavaux_2021-08-31_bark_Plot20	Sample	Lavaux	DNA16	P9	3.2
364528_154-LP3-16S-0730	MV_Post-MLF_Plot12_2022-01-24	Sample	Lavaux	DNA23	P8	2.5
364528_033-LP3-16S-0609	DO NOT USE (DUPLICATE)	Sample	NOT-USE	DNA31	P7	1.9
364528_276-LP3-16S-0852	Lavaux_2021-08-31_bark_Plot19	Sample	Lavaux	DNA16	P9	5.6
364528_155-LP3-16S-0731	MV_Post-AF_Plot18_Rep1_2021-10-16	Sample	Lavaux	DNA23	P8	2.4
364528_034-LP3-16S-0610	Lavaux_2023-08-24_soil_Plot17	Sample	Lavaux	DNA31	P7	2.1
364528_269-LP3-16S-0845	Lavaux_2022-08-10_bark_Plot19	Sample	Lavaux	DNA16	P9	5.4
364528_148-LP3-16S-0724		Sample	NOT-USE		P8	3.6
364528_027-LP3-16S-0603	Lavaux_2023-08-24_soil_Plot12	Sample	Lavaux	DNA31	P7	2.6
364528_270-LP3-16S-0846	Lavaux_2022-08-10_bark_Plot11	Sample	Lavaux	DNA16	P9	6.1
364528_149-LP3-16S-0725		Sample	NOT-USE		P8	6.1
364528_028-LP3-16S-0604	Lavaux_2023-08-24_soil_Plot14	Sample	Lavaux	DNA31	P7	1.6
364528_271-LP3-16S-0847	Lavaux_2022-08-10_bark_Plot12	Sample	Lavaux	DNA16	P9	6.0
364528_150-LP3-16S-0726		Sample	NOT-USE		P8	3.9
364528_029-LP3-16S-0605	DO NOT USE (DUPLICATE)	Sample	NOT-USE	DNA31	P7	1.2
364528_272-LP3-16S-0848	Lavaux_2022-08-10_bark_Plot4	Sample	Lavaux	DNA16	P9	8.8
364528_151-LP3-16S-0727		Sample	NOT-USE		P8	3.3
364528_030-LP3-16S-0606	Lavaux_2023-08-24_soil_Plot4	Sample	Lavaux	DNA31	P7	3.8
364528_336-LP3-16S-0912	Lavaux_2021-09-30_must_Plot11_Row8/Vine11_ID71	Sample	Lavaux	DNA42	P10	1.5
364528_215-LP3-16S-0791	Lavaux_2023-09-20_must_Plot19_RepD	Sample	Lavaux	DNA40	P9	2.3
364528_094-LP3-16S-0670	PCR1water_PCR2PNA_2		PNA-test	DNA31	P7	3.3
364528_216-LP3-16S-0792	Lavaux_2023-09-20_must_Plot20_RepE	Sample	Lavaux	DNA40	P9	2.9
364528_095-LP3-16S-0671	PCR1water_PCR2water-PNA_1		PNA-test	DNA31	P7	0.8
364528_096-LP3-16S-0672	PCR1water_PCR2water-PNA_2		PNA-test	DNA31	P7	0.9
364528_574-LP3-16S-1150	MV_Post-AF_Plot14_2022-09-30	Sample	Lavaux	DNA28	P12	11.9
364528_453-LP3-16S-1029	DNA24_posCtrl_3	PosCtrl	BotrytizedWine	DNA41	P11	5.4
364528_332-LP3-16S-0908	Lavaux_2021-09-30_must_Plot4_Row18/Vine30_ID20	Sample	Lavaux	DNA42	P10	2.5
364528_211-LP3-16S-0787	Lavaux_2023-09-20_must_Plot20_RepB	Sample	Lavaux	DNA40	P9	3.1
364528_090-LP3-16S-0666	PCR1water_PCR2noPNA_2		PNA-test	DNA31	P7	3.6
364528_575-LP3-16S-1151	do not use	Sample	NOT-USE		P12	19.5
364528_454-LP3-16S-1030	DNA24_posCtrl_4	PosCtrl	BotrytizedWine	DNA41	P11	5.0
364528_333-LP3-16S-0909	DO NOT USE (DUPLICATE)	Sample	NOT-USE	DNA42	P10	1.9
364528_212-LP3-16S-0788	Lavaux_2023-09-20_must_Plot13_RepD	Sample	Lavaux	DNA40	P9	2.3
364528_091-LP3-16S-0667	PCR1water_PCR2water-noPNA_1		PNA-test	DNA31	P7	0.9
364528_576-LP3-16S-1152	do not use	Sample	NOT-USE		P12	17.4
364528_455-LP3-16S-1031	22DL01S_8054_wine	Sample	BotrytizedWine	DNA41	P11	1.8
364528_334-LP3-16S-0910	Lavaux_2021-09-30_must_Plot20_Row6/Vine30_ID206	Sample	Lavaux	DNA42	P10	1.9
364528_213-LP3-16S-0789	Lavaux_2023-09-20_must_Plot4_RepA	Sample	Lavaux	DNA40	P9	1.9
364528_092-LP3-16S-0668	PCR1water_PCR2water-noPNA_2		PNA-test	DNA31	P7	0.8
364528_456-LP3-16S-1032	22DL01S_5665_wine	Sample	BotrytizedWine	DNA41	P11	6.6
364528_335-LP3-16S-0911	Lavaux_2021-09-30_must_Plot19_Row4/Vine5_ID197	Sample	Lavaux	DNA42	P10	1.9
364528_214-LP3-16S-0790	Lavaux_2023-09-20_must_Plot15_RepD	Sample	Lavaux	DNA40	P9	2.4
364528_093-LP3-16S-0669	PCR1water_PCR2PNA_1		PNA-test	DNA31	P7	3.3
364528_460-LP3-16S-1036	22DL02M_4630_wine	Sample	BotrytizedWine	DNA41	P11	7.1
364528_339-LP3-16S-0915	Lavaux_2021-09-30_must_Plot9_Row11/Vine22_ID54	Sample	Lavaux	DNA42	P10	3.7
364528_218-LP3-16S-0794	Lavaux_2023-09-20_must_Plot12_RepC	Sample	Lavaux	DNA40	P9	1.6
364528_097-LP3-16S-0673	Erlenbach_2023-06-20_4	Sample	WINE	DNA39	P8	13.1
364528_461-LP3-16S-1037	22DL03S_4618_wine	Sample	BotrytizedWine	DNA41	P11	7.5
364528_340-LP3-16S-0916	Lavaux_2021-09-30_must_Plot9_Row2/Vine10_ID38	Sample	Lavaux	DNA42	P10	3.7
364528_219-LP3-16S-0795	Lavaux_2023-09-20_must_Plot20_RepC	Sample	Lavaux	DNA40	P9	0.9
364528_098-LP3-16S-0674	Erlenbach_2023-06-20_5	Sample	WINE	DNA39	P8	10.2
364528_462-LP3-16S-1038	22DL03S_8059_wine	Sample	BotrytizedWine	DNA41	P11	8.1
364528_341-LP3-16S-0917	Lavaux_2021-09-30_must_Plot9_Row10/Vine31_ID53	Sample	Lavaux	DNA42	P10	3.2
364528_220-LP3-16S-0796	Lavaux_2023-09-20_must_Plot4_RepB	Sample	Lavaux	DNA40	P9	1.8
364528_099-LP3-16S-0675	Muraz_1_17-08-2023_soil	Sample	WINE	DNA39	P8	7.1
364528_463-LP3-16S-1039	22DL03S_5660_wine	Sample	BotrytizedWine	DNA41	P11	7.5
364528_342-LP3-16S-0918	MV_Post-MLF_Plot19_2023-12-11	Sample	Lavaux	DNA42	P10	3.3
364528_221-LP3-16S-0797	Lavaux_2023-09-20_must_Plot13_RepE	Sample	Lavaux	DNA40	P9	1.3
364528_100-LP3-16S-0676	Leytron_Agroscope2_17-08-2023_soil	Sample	WINE	DNA39	P8	12.3
364528_457-LP3-16S-1033	22DL01S_4609_wine	Sample	BotrytizedWine	DNA41	P11	7.8
364528_458-LP3-16S-1034	22DL02M_4622_wine	Sample	BotrytizedWine	DNA41	P11	5.8
364528_337-LP3-16S-0913	Lavaux_2021-09-30_must_Plot18_Row2/Vine7_ID185	Sample	Lavaux	DNA42	P10	5.9
364528_459-LP3-16S-1035	22DL02M_5661_wine	Sample	BotrytizedWine	DNA41	P11	7.8
364528_338-LP3-16S-0914	Lavaux_2021-09-30_must_Plot20_Row7/Vine20_ID207	Sample	Lavaux	DNA42	P10	4.7
364528_217-LP3-16S-0793	Lavaux_2023-09-20_must_Plot19_RepC	Sample	Lavaux	DNA40	P9	2.4
364528_446-LP3-16S-1022	21DL07S_2199_wine	Sample	BotrytizedWine	DNA41	P11	3.3
364528_325-LP3-16S-0901	Lavaux_2021-09-30_must_Plot17_Row17/Vine20_ID179	Sample	Lavaux	DNA42	P10	3.0
364528_204-LP3-16S-0780	Lavaux_2023-09-20_must_Plot20_RepD	Sample	Lavaux	DNA40	P9	2.4
364528_083-LP3-16S-0659	DO NOT USE (DUPLICATE)	Sample	NOT-USE	DNA31	P7	1.9
364528_326-LP3-16S-0902	Lavaux_2021-09-30_must_Plot4_Row10/Vine30_ID8	Sample	Lavaux	DNA42	P10	2.9
364528_205-LP3-16S-0781	DNA40_NegCtrl	NegCtrl	Lavaux	DNA40	P9	1.9
364528_084-LP3-16S-0660	DO NOT USE (DUPLICATE)	Sample	NOT-USE	DNA31	P7	2.7
364528_206-LP3-16S-0782	Lavaux_2023-09-20_must_Plot19_RepA	Sample	Lavaux	DNA40	P9	1.9
364528_085-LP3-16S-0661	DO NOT USE (DUPLICATE)	Sample	NOT-USE	DNA31	P7	2.7
364528_086-LP3-16S-0662	DO NOT USE (DUPLICATE)	Sample	NOT-USE	DNA31	P7	2.4
364528_563-LP3-16S-1139	MV_Must_Plot20_2022-09-13	Sample	Lavaux	DNA28	P12	4.3
364528_442-LP3-16S-1018	21DL07M_2198_wine	Sample	BotrytizedWine	DNA41	P11	2.0
364528_321-LP3-16S-0897	Lavaux_2021-09-30_must_Plot17_Row7/Vine21_ID159	Sample	Lavaux	DNA42	P10	2.8
364528_200-LP3-16S-0776	Lavaux_2023-09-20_must_Plot13_RepC	Sample	Lavaux	DNA40	P9	3.3
364528_079-LP3-16S-0655	DO NOT USE (DUPLICATE)	Sample	NOT-USE	DNA31	P7	3.3
364528_564-LP3-16S-1140	MV_Must_Plot9_2022-09-13	Sample	Lavaux	DNA28	P12	12.4
364528_443-LP3-16S-1019	21DL07M_BL31_wine	Sample	BotrytizedWine	DNA41	P11	2.0
364528_322-LP3-16S-0898	Lavaux_2021-09-30_must_Plot20_Row2/Vine11_ID199	Sample	Lavaux	DNA42	P10	2.3
364528_201-LP3-16S-0777	Lavaux_2023-09-20_must_Plot19_RepE	Sample	Lavaux	DNA40	P9	6.0
364528_080-LP3-16S-0656	DO NOT USE (DUPLICATE)	Sample	NOT-USE	DNA31	P7	3.3
364528_565-LP3-16S-1141	MV_Post-AF_Plot20_2022-09-30	Sample	Lavaux	DNA28	P12	12.8
364528_444-LP3-16S-1020	21DL07S_3810_wine	Sample	BotrytizedWine	DNA41	P11	5.1
364528_323-LP3-16S-0899	Lavaux_2021-09-30_must_Plot17_Row18/Vine40_ID184	Sample	Lavaux	DNA42	P10	2.8
364528_202-LP3-16S-0778	Lavaux_2023-09-20_must_Plot12_RepA	Sample	Lavaux	DNA40	P9	5.0
364528_081-LP3-16S-0657	DO NOT USE (DUPLICATE)	Sample	NOT-USE	DNA31	P7	2.1
364528_566-LP3-16S-1142	MV_Post-AF_Plot17_2022-09-30	Sample	Lavaux	DNA28	P12	6.6
364528_445-LP3-16S-1021	empty	Sample	NOT-USE	DNA41	P11	2.4
364528_324-LP3-16S-0900	Lavaux_2021-09-30_must_Plot20_Row16/Vine20_ID219	Sample	Lavaux	DNA42	P10	5.0
364528_203-LP3-16S-0779	Lavaux_2023-09-20_must_Plot13_RepB	Sample	Lavaux	DNA40	P9	2.2
364528_082-LP3-16S-0658	DO NOT USE (DUPLICATE)	Sample	NOT-USE	DNA31	P7	3.3
364528_570-LP3-16S-1146	MV_Post-AF_Plot12_2022-09-30	Sample	Lavaux	DNA28	P12	14.5
364528_449-LP3-16S-1025	21DL08M_1884_wine	Sample	BotrytizedWine	DNA41	P11	1.4
364528_328-LP3-16S-0904	Lavaux_2021-09-30_must_Plot18_Row8/Vine7_ID191	Sample	Lavaux	DNA42	P10	1.9
364528_207-LP3-16S-0783	Lavaux_2023-09-20_must_Plot12_RepE	Sample	Lavaux	DNA40	P9	2.8
364528_571-LP3-16S-1147	MV_Must_Plot13_2022-09-13	Sample	Lavaux	DNA28	P12	12.9
364528_450-LP3-16S-1026	21DL09_1893_wine	Sample	BotrytizedWine	DNA41	P11	1.2
364528_329-LP3-16S-0905	DO NOT USE (DUPLICATE)	Sample	NOT-USE	DNA42	P10	2.1
364528_208-LP3-16S-0784	Lavaux_2023-09-20_must_Plot15_RepE	Sample	Lavaux	DNA40	P9	2.9
364528_087-LP3-16S-0663	DO NOT USE (DUPLICATE)	Sample	NOT-USE	DNA31	P7	3.5
364528_572-LP3-16S-1148	MV_Post-AF_Plot19_2022-09-30	Sample	Lavaux	DNA28	P12	14.6
364528_451-LP3-16S-1027	21DL09_1897_wine	Sample	BotrytizedWine	DNA41	P11	1.6
364528_330-LP3-16S-0906	DNA42_PosCtrl	PosCtrl	Lavaux	DNA42	P10	9.2
364528_209-LP3-16S-0785	Lavaux_2023-09-20_must_Plot12_RepD	Sample	Lavaux	DNA40	P9	4.5
364528_088-LP3-16S-0664	DO NOT USE (DUPLICATE)	Sample	NOT-USE	DNA31	P7	2.2
364528_573-LP3-16S-1149	MV_Must_Plot12_2022-09-13	Sample	Lavaux	DNA28	P12	17.0
364528_452-LP3-16S-1028	21DL09_1895_wine	Sample	BotrytizedWine	DNA41	P11	5.7
364528_331-LP3-16S-0907	Lavaux_2021-09-30_must_Plot20_Row14/Vine10_ID216	Sample	Lavaux	DNA42	P10	1.9
364528_210-LP3-16S-0786	Lavaux_2023-09-20_must_Plot4_RepC	Sample	Lavaux	DNA40	P9	2.8
364528_089-LP3-16S-0665	PCR1water_PCR2noPNA_1		PNA-test	DNA31	P7	4.6
364528_567-LP3-16S-1143	DNA28_PosCtrl	PosCtrl	Lavaux	DNA28	P12	20.3
364528_568-LP3-16S-1144	MV_Post-AF_Plot4_2022-09-30	Sample	Lavaux	DNA28	P12	9.5
364528_447-LP3-16S-1023	21DL08M_1885_wine	Sample	BotrytizedWine	DNA41	P11	2.8
364528_569-LP3-16S-1145	MV_Must_Plot4_2022-09-13	Sample	Lavaux	DNA28	P12	13.4
364528_448-LP3-16S-1024	21DL08M_1883_wine	Sample	BotrytizedWine	DNA41	P11	5.2
364528_327-LP3-16S-0903	Lavaux_2021-09-30_must_Plot17_Row6/Vine10_ID157	Sample	Lavaux	DNA42	P10	2.5
364528_116-LP3-16S-0692	Erlenbach_2023-06-20_6	Sample	SoilColonialization	DNA39	P8	6.4
364528_475-LP3-16S-1051	22DL07_102_wine	Sample	BotrytizedWine	DNA41	P11	7.6
364528_354-LP3-16S-0930	MV_Must_Plot17_2023-09-23	Sample	Lavaux	DNA42	P10	2.5
364528_233-LP3-16S-0809	Lavaux_2023-08-24_must_Plot15	Sample	Lavaux	DNA40	P9	1.5
364528_112-LP3-16S-0688	Lavaux_2023-08-24_soil_Plot20	Sample	Lavaux	DNA39	P8	6.6
364528_476-LP3-16S-1052	DNA24_negCtrl_4	NegCtrl	BotrytizedWine	DNA41	P11	7.3
364528_355-LP3-16S-0931	MV_Post-MLF_Plot17_2023-12-11	Sample	Lavaux	DNA42	P10	2.4
364528_234-LP3-16S-0810	Lavaux_2023-09-20_must_Plot5_RepA	Sample	Lavaux	DNA40	P9	2.0
364528_113-LP3-16S-0689	Sav_1_17-08-2023_soil	Sample	WINE	DNA39	P8	8.0
364528_356-LP3-16S-0932	MV_Post-AF_Plot14_2023-10-11	Sample	Lavaux	DNA42	P10	6.9
364528_235-LP3-16S-0811	Lavaux_2023-09-20_must_Plot9_RepB	Sample	Lavaux	DNA40	P9	2.0
364528_114-LP3-16S-0690	Leytron_Agroscope4_17-08-2023_soil	Sample	WINE	DNA39	P8	4.0
364528_236-LP3-16S-0812	Lavaux_2023-09-20_must_Plot14_RepE	Sample	Lavaux	DNA40	P9	1.7
364528_115-LP3-16S-0691	Erlenbach_2023-10-10_4	Sample	SoilColonialization	DNA39	P8	5.4
364528_361-LP3-16S-0937	MV_Must_Plot12_2023-09-23	Sample	Lavaux	DNA42	P10	12.4
364528_240-LP3-16S-0816	Lavaux_2023-09-20_must_Plot5_RepB	Sample	Lavaux	DNA40	P9	1.0
364528_119-LP3-16S-0695	Lavaux_2023-08-24_bark_Plot9	Sample	Lavaux	DNA39	P8	3.8
364528_362-LP3-16S-0938	MV_Post-AF_Plot20_2023-10-11	Sample	Lavaux	DNA42	P10	11.4
364528_241-LP3-16S-0817	Lavaux_2023-09-20_must_Plot14_RepB	Sample	Lavaux	DNA40	P9	3.7
364528_120-LP3-16S-0696	Lavaux_2023-08-24_bark_Plot20	Sample	Lavaux	DNA39	P8	5.2
364528_363-LP3-16S-0939	P10_PCR-_PCR1_20240918	NegCtrl	Lavaux		P10	13.1
364528_242-LP3-16S-0818	Lavaux_2023-08-24_must_Plot4	Sample	Lavaux	DNA40	P9	4.1
364528_121-LP3-16S-0697	Lavaux_2023-08-24_bark_Plot12	Sample	Lavaux	DNA39	P8	4.4
364528_364-LP3-16S-0940		Sample	NOT-USE		P10	12.4
364528_243-LP3-16S-0819	Lavaux_2023-09-20_must_Plot5_RepC	Sample	Lavaux	DNA40	P9	3.8
364528_122-LP3-16S-0698	Lavaux_2023-08-24_bark_Plot19	Sample	Lavaux	DNA39	P8	1.7
364528_001-LP3-16S-0577	Fluntern_2023-08-23_1C	Sample	WINE	DNA31	P7	3.3
364528_357-LP3-16S-0933	MV_Post-AF_Plot4_2023-10-11	Sample	Lavaux	DNA42	P10	1.8
364528_358-LP3-16S-0934	MV_Must_Plot9_2023-09-23	Sample	Lavaux	DNA42	P10	2.5
364528_237-LP3-16S-0813	Lavaux_2023-08-24_must_Plot12	Sample	Lavaux	DNA40	P9	1.4
364528_359-LP3-16S-0935	MV_Post-MLF_Plot15_2023-12-11	Sample	Lavaux	DNA42	P10	2.8
364528_238-LP3-16S-0814	Lavaux_2023-09-20_must_Plot5_RepD	Sample	Lavaux	DNA40	P9	1.7
364528_117-LP3-16S-0693	Erlenbach_2023-08-23_3	Sample	SoilColonialization	DNA39	P8	4.4
364528_360-LP3-16S-0936	MV_Post-MLF_Plot14_2023-12-11	Sample	Lavaux	DNA42	P10	5.2
364528_239-LP3-16S-0815	Lavaux_2023-08-24_must_Plot20	Sample	Lavaux	DNA40	P9	1.5
364528_118-LP3-16S-0694	Erlenbach_2023-08-23_5	Sample	SoilColonialization	DNA39	P8	4.4
364528_226-LP3-16S-0802	Lavaux_2023-08-24_must_Plot17	Sample	Lavaux	DNA40	P9	1.9
364528_105-LP3-16S-0681	Erlenbach_2023-08-23_4	Sample	WINE	DNA39	P8	15.4
364528_106-LP3-16S-0682	Erlenbach_2023-10-10_5	Sample	WINE	DNA39	P8	11.3
364528_464-LP3-16S-1040	22DL04M_8415_wine	Sample	BotrytizedWine	DNA41	P11	7.6
364528_343-LP3-16S-0919	MV_Must_Plot5_2023-09-23	Sample	Lavaux	DNA42	P10	2.9
364528_222-LP3-16S-0798	Lavaux_2023-09-20_must_Plot15_RepB	Sample	Lavaux	DNA40	P9	3.2
364528_101-LP3-16S-0677	Leytron_Agroscope3_17-08-2023_soil	Sample	WINE	DNA39	P8	9.4
364528_465-LP3-16S-1041	22DL04M_8419_wine	Sample	BotrytizedWine	DNA41	P11	6.7
364528_344-LP3-16S-0920	MV_Post-AF_Plot5_2023-10-11	Sample	Lavaux	DNA42	P10	3.6
364528_223-LP3-16S-0799	DNA40_PosCtrl	PosCtrl	Lavaux	DNA40	P9	5.1
364528_102-LP3-16S-0678	DNA39_PosCtrl	PosCtrl	WINE	DNA39	P8	10.0
364528_466-LP3-16S-1042	22DL04M_4761_wine	Sample	BotrytizedWine	DNA41	P11	4.7
364528_345-LP3-16S-0921	MV_Must_Plot20_2023-09-23	Sample	Lavaux	DNA42	P10	4.3
364528_224-LP3-16S-0800	Lavaux_2023-09-20_must_Plot12_RepB	Sample	Lavaux	DNA40	P9	2.8
364528_103-LP3-16S-0679	Champlan_1_17-08-2023_soil	Sample	WINE	DNA39	P8	10.6
364528_346-LP3-16S-0922	MV_Post-AF_Plot19_2023-10-11	Sample	Lavaux	DNA42	P10	2.6
364528_225-LP3-16S-0801	Lavaux_2023-09-20_must_Plot17_RepC	Sample	Lavaux	DNA40	P9	1.5
364528_104-LP3-16S-0680	Lavaux_2023-08-24_soil_Plot5	Sample	WINE	DNA39	P8	9.4
364528_471-LP3-16S-1047	22DL05S_5653_wine	Sample	BotrytizedWine	DNA41	P11	6.7
364528_350-LP3-16S-0926	MV_Post-AF_Plot17_2023-10-11	Sample	Lavaux	DNA42	P10	3.0
364528_229-LP3-16S-0805	Lavaux_2023-08-24_must_Plot19	Sample	Lavaux	DNA40	P9	1.8
364528_108-LP3-16S-0684	Mart_6_17-08-2023_soil	Sample	WINE	DNA39	P8	7.1
364528_472-LP3-16S-1048	22DL05S_4763_wine	Sample	BotrytizedWine	DNA41	P11	7.0
364528_351-LP3-16S-0927	MV_Post-AF_Plot15_2023-10-11	Sample	Lavaux	DNA42	P10	3.1
364528_230-LP3-16S-0806	Lavaux_2023-09-20_must_Plot17_RepB	Sample	Lavaux	DNA40	P9	1.5
364528_109-LP3-16S-0685	Leytron_Agroscope1_17-08-2023_soil	Sample	WINE	DNA39	P8	8.1
364528_473-LP3-16S-1049	22DL05S_7101_wine	Sample	BotrytizedWine	DNA41	P11	9.1
364528_352-LP3-16S-0928	MV_Post-AF_Plot9_2023-10-11	Sample	Lavaux	DNA42	P10	4.4
364528_231-LP3-16S-0807	Lavaux_2023-09-20_must_Plot14_RepA	Sample	Lavaux	DNA40	P9	2.1
364528_110-LP3-16S-0686	Lavaux_2023-08-24_soil_Plot13	Sample	Lavaux	DNA39	P8	8.8
364528_474-LP3-16S-1050	22DL07_8069_wine	Sample	BotrytizedWine	DNA41	P11	9.1
364528_353-LP3-16S-0929	MV_Post-MLF_Plot20_2023-12-11	Sample	Lavaux	DNA42	P10	2.8
364528_232-LP3-16S-0808	Lavaux_2023-09-20_must_Plot9_RepE	Sample	Lavaux	DNA40	P9	2.0
364528_111-LP3-16S-0687	Lavaux_2023-08-24_soil_Plot9	Sample	Lavaux	DNA39	P8	4.5
364528_467-LP3-16S-1043	22DL04M_4621_wine	Sample	BotrytizedWine	DNA41	P11	4.0
364528_468-LP3-16S-1044	DNA41_negCtrl_1	NegCtrl	BotrytizedWine	DNA41	P11	7.3
364528_347-LP3-16S-0923	MV_Must_Plot4_2023-09-23	Sample	Lavaux	DNA42	P10	2.8
364528_469-LP3-16S-1045	22DL04M_5657_wine	Sample	BotrytizedWine	DNA41	P11	6.8
364528_348-LP3-16S-0924	MV_Post-MLF_Plot12_2023-12-11	Sample	Lavaux	DNA42	P10	9.0
364528_227-LP3-16S-0803	Lavaux_2023-09-20_must_Plot17_RepD	Sample	Lavaux	DNA40	P9	1.9
364528_470-LP3-16S-1046	empty	Sample	NOT-USE	DNA41	P11	5.1
364528_349-LP3-16S-0925	MV_Must_Plot15_2023-09-23	Sample	Lavaux	DNA42	P10	3.2
364528_228-LP3-16S-0804	Lavaux_2023-09-20_must_Plot9_RepA	Sample	Lavaux	DNA40	P9	6.3
364528_107-LP3-16S-0683	Leuk_1_17-08-2023_soil	Sample	WINE	DNA39	P8	5.1
364527_143-LP3-16S-0143	Lavaux_2021-09-30_must_Plot15_Row8/Vine29_ID131a	Sample	Lavaux	DNA12	P2	1.7
364527_022-LP3-16S-0022	Lavaux_2021-09-30_must_Plot15_Row13/Vine20_ID139	Sample	Lavaux	DNA11	P1	3.0
364527_023-LP3-16S-0023	Lavaux_2021-09-30_must_Plot17_Row6/Vine30_ID158b	Sample	Lavaux	DNA11	P1	2.7
364527_139-LP3-16S-0139	Lavaux_2021-09-30_must_Plot4_Row18/Vine10_ID19	Sample	Lavaux	DNA12	P2	2.2
364527_018-LP3-16S-0018	Lavaux_2021-09-30_must_Plot4_Row20/Vine30_ID23	Sample	Lavaux	DNA11	P1	2.5
364527_140-LP3-16S-0140	Lavaux_2021-09-30_must_Plot17_Row18/Vine30_ID183	Sample	Lavaux	DNA12	P2	1.7
364527_019-LP3-16S-0019	Lavaux_2021-09-30_must_Plot4_Row8/Vine10_ID4	Sample	Lavaux	DNA11	P1	2.9
364527_141-LP3-16S-0141	Lavaux_2021-09-30_must_Plot12_Row3/Vine60_ID81	Sample	Lavaux	DNA12	P2	1.9
364527_020-LP3-16S-0020	Lavaux_2021-09-30_must_Plot11_Row2/Vine10_ID56	Sample	Lavaux	DNA11	P1	2.7
364527_142-LP3-16S-0142	Lavaux_2021-09-30_must_Plot13_Row5/Vine10_ID100	Sample	Lavaux	DNA12	P2	1.8
364527_021-LP3-16S-0021	Lavaux_2021-09-30_must_Plot20_Row8/Vine30_ID209	Sample	Lavaux	DNA11	P1	2.4
364527_146-LP3-16S-0146	Lavaux_2021-09-30_must_Plot15_Row7/Vine39_ID129a	Sample	Lavaux	DNA12	P2	3.0
364527_025-LP3-16S-0025	Lavaux_2021-09-30_must_Plot15_Row12/Vine9_ID137	Sample	Lavaux	DNA11	P1	3.9
364527_147-LP3-16S-0147	Lavaux_2021-09-30_must_Plot20_Row10/Vine30_ID212	Sample	Lavaux	DNA12	P2	2.6
364527_026-LP3-16S-0026	Lavaux_2021-09-30_must_Plot4_Row11/Vine20_ID9	Sample	Lavaux	DNA11	P1	1.6
364527_148-LP3-16S-0148	Lavaux_2021-09-30_must_Plot15_Row6/Vine30_ID127	Sample	Lavaux	DNA12	P2	2.3
364527_027-LP3-16S-0027	Lavaux_2021-09-30_must_Plot4_Row6/Vine10_ID1	Sample	Lavaux	DNA11	P1	1.9
364527_149-LP3-16S-0149	Lavaux_2021-09-30_must_Plot19_Row2/Vine5_ID195	Sample	Lavaux	DNA12	P2	3.3
364527_028-LP3-16S-0028	Lavaux_2021-09-30_must_Plot12_Row2/Vine50_ID78	Sample	Lavaux	DNA11	P1	2.2
364527_144-LP3-16S-0144	Lavaux_2021-09-30_must_Plot4_Row14/Vine30_ID14	Sample	Lavaux	DNA12	P2	1.4
364527_145-LP3-16S-0145	Lavaux_2021-09-30_must_Plot11_Row4/Vine32_ID62	Sample	Lavaux	DNA12	P2	3.6
364527_024-LP3-16S-0024	Lavaux_2021-09-30_must_Plot15_Row5/Vine20_ID124	Sample	Lavaux	DNA11	P1	2.8
364527_253-LP3-16S-0253	Lavaux_2022-09-09_must_Plot14_RepE	Sample	Lavaux	DNA14	P3	3.2
364527_132-LP3-16S-0132	Lavaux_2021-09-30_must_Plot9_Row3/Vine20_ID39	Sample	Lavaux	DNA12	P2	5.1
364527_011-LP3-16S-0011	Lavaux_2021-09-30_must_Plot20_Row4/Vine30_ID203	Sample	Lavaux	DNA11	P1	2.7
364527_133-LP3-16S-0133	DO NOT USE (DUPLICATE)	Sample	NOT-USE	DNA12	P2	2.1
364527_012-LP3-16S-0012	Lavaux_2021-09-30_must_Plot12_Row4/Vine30_ID83	Sample	Lavaux	DNA11	P1	2.4
364527_013-LP3-16S-0013	Lavaux_2021-09-30_must_Plot19_Row4/Vine11_ID198	Sample	Lavaux	DNA11	P1	1.9
364527_249-LP3-16S-0249	Lavaux_2021-09-30_must_Plot9_Row5/Vine20_ID42	Sample	Lavaux	DNA14	P3	3.3
364527_128-LP3-16S-0128	Lavaux_2021-09-30_must_Plot15_Row8/Vine10_ID130	Sample	Lavaux	DNA12	P2	3.2
364527_007-LP3-16S-0007	Lavaux_2021-09-30_must_Plot20_Row10/Vine10_ID211	Sample	Lavaux	DNA11	P1	6.2
364527_250-LP3-16S-0250	Lavaux_2021-09-30_must_Plot5_Row6/Vine12_ID35	Sample	Lavaux	DNA14	P3	2.8
364527_129-LP3-16S-0129	Lavaux_2021-09-30_must_Plot14_Row15/Vine9_ID116	Sample	Lavaux	DNA12	P2	1.9
364527_008-LP3-16S-0008	Lavaux_2021-09-30_must_Plot5_Row2/Vine30_ID26	Sample	Lavaux	DNA11	P1	5.4
364527_251-LP3-16S-0251	Lavaux_2022-09-09_must_Plot5_RepA	Sample	Lavaux	DNA14	P3	2.7
364527_130-LP3-16S-0130	Lavaux_2021-09-30_must_Plot13_Row6/Vine20_ID102	Sample	Lavaux	DNA12	P2	1.9
364527_009-LP3-16S-0009	Lavaux_2021-09-30_must_Plot9_Row9/Vine40_ID51	Sample	Lavaux	DNA11	P1	7.6
364527_252-LP3-16S-0252	Lavaux_2022-09-09_must_Plot12_RepC	Sample	Lavaux	DNA14	P3	8.8
364527_131-LP3-16S-0131	Lavaux_2021-09-30_must_Plot5_Row3/Vine20_ID28	Sample	Lavaux	DNA12	P2	2.1
364527_010-LP3-16S-0010	Lavaux_2021-09-30_must_Plot20_Row11/Vine20_ID213	Sample	Lavaux	DNA11	P1	6.3
364527_135-LP3-16S-0135	Lavaux_2021-09-30_must_Plot17_Row11/Vine40_ID168	Sample	Lavaux	DNA12	P2	2.2
364527_014-LP3-16S-0014	DNA11_PosCtrl_1	PosCtrl	Lavaux	DNA11	P1	8.4
364527_136-LP3-16S-0136	Lavaux_2021-09-30_must_Plot9_Row6/Vine30_ID45	Sample	Lavaux	DNA12	P2	1.8
364527_015-LP3-16S-0015	Lavaux_2021-09-30_must_Plot15_Row11/Vine20_ID135	Sample	Lavaux	DNA11	P1	3.3
364527_137-LP3-16S-0137	Lavaux_2021-09-30_must_Plot9_Row10/Vine10_ID52	Sample	Lavaux	DNA12	P2	1.8
364527_016-LP3-16S-0016	Lavaux_2021-09-30_must_Plot15_Row7/Vine39_ID129b	Sample	Lavaux	DNA11	P1	2.6
364527_138-LP3-16S-0138	Lavaux_2021-09-30_must_Plot9_Row7/Vine40_ID47	Sample	Lavaux	DNA12	P2	1.9
364527_017-LP3-16S-0017	Lavaux_2021-09-30_must_Plot4_Row10/Vine10_ID7	Sample	Lavaux	DNA11	P1	4.9
364527_134-LP3-16S-0134	Lavaux_2021-09-30_must_Plot5_Row4/Vine31_ID31	Sample	Lavaux	DNA12	P2	2.5
364527_040-LP3-16S-0040	Lavaux_2021-09-30_must_Plot20_Row8/Vine11_ID208	Sample	Lavaux	DNA11	P1	2.1
364527_041-LP3-16S-0041	Lavaux_2021-09-30_must_Plot11_Row9/Vine20_ID74	Sample	Lavaux	DNA11	P1	2.2
364527_042-LP3-16S-0042	Lavaux_2021-09-30_must_Plot17_Row17/Vine40_ID180	Sample	Lavaux	DNA11	P1	1.9
364527_043-LP3-16S-0043	Lavaux_2021-09-30_must_Plot15_Row7/Vine39_ID129c	Sample	Lavaux	DNA11	P1	2.2
364527_047-LP3-16S-0047	DNA11_NegCtrl_1	NegCtrl	Lavaux	DNA11	P1	1.8
364527_048-LP3-16S-0048	Lavaux_2021-09-30_must_Plot4_Row6/Vine30_ID2	Sample	Lavaux	DNA11	P1	1.4
364527_049-LP3-16S-0049	Lavaux_2021-09-30_must_Plot13_Row2/Vine20_ID96	Sample	Lavaux	DNA11	P1	5.1
364527_050-LP3-16S-0050	do not use	Sample	NOT-USE	DNA11	P1	3.9
364527_044-LP3-16S-0044	DNA11_PosCtrl_2	PosCtrl	Lavaux	DNA11	P1	5.1
364527_045-LP3-16S-0045	Lavaux_2021-09-30_must_Plot20_Row13/Vine20_ID215	Sample	Lavaux	DNA11	P1	1.5
364527_046-LP3-16S-0046	Lavaux_2021-09-30_must_Plot15_Row12/Vine30_ID138	Sample	Lavaux	DNA11	P1	2.0
364527_033-LP3-16S-0033	Lavaux_2021-09-30_must_Plot5_Row3/Vine40_ID29	Sample	Lavaux	DNA11	P1	2.1
364527_150-LP3-16S-0150	Lavaux_2021-09-30_must_Plot9_Row8/Vine10_ID48	Sample	Lavaux	DNA12	P2	2.6
364527_029-LP3-16S-0029	Lavaux_2021-09-30_must_Plot15_Row8/Vine29_ID131c	Sample	Lavaux	DNA11	P1	1.6
364527_151-LP3-16S-0151	Lavaux_2021-09-30_must_Plot14_Row9/Vine10_ID110	Sample	Lavaux	DNA12	P2	2.2
364527_030-LP3-16S-0030	Lavaux_2021-09-30_must_Plot17_Row12/Vine30_ID170	Sample	Lavaux	DNA11	P1	3.6
364527_152-LP3-16S-0152	Lavaux_2021-09-30_must_Plot17_Row9/Vine40_ID164	Sample	Lavaux	DNA12	P2	2.4
364527_031-LP3-16S-0031	Lavaux_2021-09-30_must_Plot17_Row4/Vine35_ID151	Sample	Lavaux	DNA11	P1	2.1
364527_153-LP3-16S-0153	Lavaux_2021-09-30_must_Plot5_Row2/Vine50_ID27	Sample	Lavaux	DNA12	P2	2.4
364527_032-LP3-16S-0032	Lavaux_2021-09-30_must_Plot13_Row1/Vine30_ID95	Sample	Lavaux	DNA11	P1	2.8
364527_036-LP3-16S-0036	Lavaux_2021-09-30_must_Plot14_Row8/Vine4_ID109	Sample	Lavaux	DNA11	P1	6.5
364527_037-LP3-16S-0037	Lavaux_2021-09-30_must_Plot5_Row4/Vine50_ID32	Sample	Lavaux	DNA11	P1	1.8
364527_038-LP3-16S-0038	Lavaux_2021-09-30_must_Plot5_Row4/Vine10_ID30	Sample	Lavaux	DNA11	P1	2.2
364527_039-LP3-16S-0039	Lavaux_2021-09-30_must_Plot9_Row11/Vine40_ID55	Sample	Lavaux	DNA11	P1	2.6
364527_034-LP3-16S-0034	Lavaux_2021-09-30_must_Plot4_Row16/Vine30_ID17	Sample	Lavaux	DNA11	P1	1.8
364527_035-LP3-16S-0035	do not use	Sample	NOT-USE	DNA11	P1	2.2
364527_341-LP3-16S-0341	DNA15_NegCtrl	NegCtrl	SoilColonialization	DNA15	P4	3.2
364527_220-LP3-16S-0220	Lavaux_2022-09-09_must_Plot9_RepD	Sample	Lavaux	DNA14	P3	2.0
364527_099-LP3-16S-0099	Lavaux_2021-09-30_must_Plot17_Row13/Vine40_ID172	Sample	Lavaux	DNA12	P2	3.9
364527_342-LP3-16S-0342	Grenchen_2021-10-13_soil_2B	Sample	SoilColonialization	DNA15	P4	4.9
364527_221-LP3-16S-0221	Lavaux_2022-09-09_must_Plot14_RepA	Sample	Lavaux	DNA14	P3	1.4
364527_100-LP3-16S-0100	Lavaux_2021-09-30_must_Plot9_Row4/Vine30_ID41	Sample	Lavaux	DNA12	P2	5.0
364527_343-LP3-16S-0343	Grenchen_2021-10-13_soil_2A	Sample	SoilColonialization	DNA15	P4	4.8
364527_222-LP3-16S-0222	Lavaux_2022-09-09_must_Plot17_RepA	Sample	Lavaux	DNA14	P3	3.5
364527_101-LP3-16S-0101	Lavaux_2021-09-30_must_Plot14_Row10/Vine4_ID111	Sample	Lavaux	DNA12	P2	4.5
364527_223-LP3-16S-0223	Lavaux_2022-09-09_must_Plot20_RepC	Sample	Lavaux	DNA14	P3	2.0
364527_102-LP3-16S-0102	Lavaux_2021-09-30_must_Plot20_Row16/Vine10_ID218	Sample	Lavaux	DNA12	P2	5.1
364527_337-LP3-16S-0337	Erlenbach_2022-06-03_2	Sample	SoilColonialization	DNA15	P4	3.8
364527_216-LP3-16S-0216	Lavaux_2022-08-10_must_Plot15	Sample	Lavaux	DNA14	P3	3.2
364527_095-LP3-16S-0095	Lavaux_2021-09-30_must_Plot15_Row4/Vine10_ID122	Sample	Lavaux	DNA11	P1	6.3
364527_338-LP3-16S-0338	Erlenbach_2022-08-11_1	Sample	SoilColonialization	DNA15	P4	3.3
364527_217-LP3-16S-0217	Lavaux_2021-09-30_must_Plot11_Row8/Vine30_ID72	Sample	Lavaux	DNA14	P3	4.1
364527_096-LP3-16S-0096	Lavaux_2021-09-30_must_Plot18_Row3/Vine14_ID186	Sample	Lavaux	DNA11	P1	6.7
364527_339-LP3-16S-0339	Erlenbach_2022-08-11_2	Sample	SoilColonialization	DNA15	P4	3.6
364527_218-LP3-16S-0218	Lavaux_2021-09-30_must_Plot11_Row5/Vine41_ID65	Sample	Lavaux	DNA14	P3	1.7
364527_097-LP3-16S-0097	Lavaux_2021-09-30_must_Plot17_Row18/Vine20_ID182	Sample	Lavaux	DNA12	P2	5.4
364527_340-LP3-16S-0340	Grenchen_2021-10-13_soil_2C	Sample	SoilColonialization	DNA15	P4	4.9
364527_219-LP3-16S-0219	Lavaux_2022-09-09_must_Plot4_RepB	Sample	Lavaux	DNA14	P3	1.9
364527_098-LP3-16S-0098	Lavaux_2021-09-30_must_Plot15_Row15/Vine20_ID143	Sample	Lavaux	DNA12	P2	5.7
364527_103-LP3-16S-0103	Lavaux_2021-09-30_must_Plot15_Row7/Vine20_ID128a	Sample	Lavaux	DNA12	P2	4.7
364527_344-LP3-16S-0344	DO NOT USE (DUPLICATE)	Sample	NOT-USE	DNA15	P4	4.4
364527_345-LP3-16S-0345	Grenchen_2021-06-11_soil_1B_ref	Sample	SoilColonialization	DNA15	P4	2.4
364527_224-LP3-16S-0224	Lavaux_2022-08-10_must_Plot17	Sample	Lavaux	DNA14	P3	3.4
364527_346-LP3-16S-0346	Grenchen_2021-06-11_soil_1C_ref	Sample	SoilColonialization	DNA15	P4	2.3
364527_225-LP3-16S-0225	Lavaux_2021-09-30_must_Plot11_Row3/Vine40_ID60	Sample	Lavaux	DNA14	P3	1.7
364527_104-LP3-16S-0104	Lavaux_2021-09-30_must_Plot20_Row15/Vine5_ID217	Sample	Lavaux	DNA12	P2	4.2
364527_347-LP3-16S-0347	Grenchen_2021-06-11_soil_2A	Sample	SoilColonialization	DNA15	P4	2.6
364527_226-LP3-16S-0226	Lavaux_2021-09-30_must_Plot17_Row15/Vine40_ID176	Sample	Lavaux	DNA14	P3	2.1
364527_105-LP3-16S-0105	Lavaux_2021-09-30_must_Plot17_Row4/Vine15_ID149	Sample	Lavaux	DNA12	P2	5.9
364527_330-LP3-16S-0330	Grenchen_2022-07-02_2C	Sample	SoilColonialization	DNA15	P4	3.3
364527_209-LP3-16S-0209	Lavaux_2021-09-30_must_Plot12_Row5/Vine40_ID86	Sample	Lavaux	DNA14	P3	5.5
364527_088-LP3-16S-0088	Lavaux_2021-09-30_must_Plot15_Row10/Vine10_ID133	Sample	Lavaux	DNA11	P1	5.9
364527_331-LP3-16S-0331	Erlenbach_2022-06-30_2	Sample	SoilColonialization	DNA15	P4	1.8
364527_210-LP3-16S-0210	Lavaux_2021-09-30_must_Plot4_Row19/Vine20_ID21	Sample	Lavaux	DNA14	P3	3.1
364527_089-LP3-16S-0089	Lavaux_2021-09-30_must_Plot12_Row6/Vine50_ID90	Sample	Lavaux	DNA11	P1	6.3
364527_332-LP3-16S-0332	DNA15_PosCtrl	PosCtrl	SoilColonialization	DNA15	P4	4.0
364527_211-LP3-16S-0211	Lavaux_2022-09-09_must_Plot4_RepA	Sample	Lavaux	DNA14	P3	1.8
364527_090-LP3-16S-0090	Lavaux_2021-09-30_must_Plot18_Row4/Vine8_ID187	Sample	Lavaux	DNA11	P1	6.7
364527_333-LP3-16S-0333	Erlenbach_2022-10-20_1	Sample	SoilColonialization	DNA15	P4	2.2
364527_212-LP3-16S-0212	Lavaux_2022-09-09_must_Plot9_RepC	Sample	Lavaux	DNA14	P3	2.7
364527_091-LP3-16S-0091	Lavaux_2021-09-30_must_Plot20_Row2/Vine30_ID200b	Sample	Lavaux	DNA11	P1	6.3
364527_326-LP3-16S-0326	Lavaux_2022-08-10_bark_Plot17	Sample	Lavaux	DNA15	P4	1.6
364527_205-LP3-16S-0205	Lavaux_2022-09-09_must_Plot13_RepD	Sample	Lavaux	DNA14	P3	2.3
364527_084-LP3-16S-0084	Lavaux_2021-09-30_must_Plot9_Row9/Vine20_ID50	Sample	Lavaux	DNA11	P1	6.2
364527_327-LP3-16S-0327	Erlenbach_2022-10-20_2	Sample	SoilColonialization	DNA15	P4	3.3
364527_206-LP3-16S-0206	Lavaux_2022-09-09_must_Plot15_RepE	Sample	Lavaux	DNA14	P3	2.2
364527_085-LP3-16S-0085	Lavaux_2021-09-30_must_Plot20_Row9/Vine20_ID210	Sample	Lavaux	DNA11	P1	5.6
364527_328-LP3-16S-0328	Erlenbach_2022-06-03_1	Sample	SoilColonialization	DNA15	P4	3.5
364527_207-LP3-16S-0207	Lavaux_2022-09-09_must_Plot20_RepA	Sample	Lavaux	DNA14	P3	2.5
364527_086-LP3-16S-0086	Lavaux_2021-09-30_must_Plot18_Row11/Vine14_ID194	Sample	Lavaux	DNA11	P1	4.6
364527_329-LP3-16S-0329	Erlenbach_2022-06-30_3	Sample	SoilColonialization	DNA15	P4	1.6
364527_208-LP3-16S-0208	Lavaux_2022-08-10_must_Plot14	Sample	Lavaux	DNA14	P3	2.5
364527_087-LP3-16S-0087	Lavaux_2021-09-30_must_Plot17_Row3/Vine25_ID147	Sample	Lavaux	DNA11	P1	6.5
364527_213-LP3-16S-0213	Lavaux_2022-09-09_must_Plot13_RepE	Sample	Lavaux	DNA14	P3	2.1
364527_092-LP3-16S-0092	Lavaux_2021-09-30_must_Plot12_Row6/Vine11_ID88	Sample	Lavaux	DNA11	P1	6.4
364527_093-LP3-16S-0093	Lavaux_2021-09-30_must_Plot15_Row10/Vine30_ID134	Sample	Lavaux	DNA11	P1	6.7
364527_334-LP3-16S-0334	Erlenbach_2022-06-03_3	Sample	SoilColonialization	DNA15	P4	1.5
364527_335-LP3-16S-0335	Grenchen_2022-07-02_2B	Sample	SoilColonialization	DNA15	P4	2.8
364527_214-LP3-16S-0214	DNA14_NegCtrl_1	NegCtrl	Lavaux	DNA14	P3	2.3
364527_336-LP3-16S-0336	Erlenbach_2022-06-30_1	Sample	SoilColonialization	DNA15	P4	2.5
364527_215-LP3-16S-0215	Lavaux_2022-09-09_must_Plot20_RepB	Sample	Lavaux	DNA14	P3	2.3
364527_094-LP3-16S-0094	Lavaux_2021-09-30_must_Plot12_Row4/Vine50_ID84	Sample	Lavaux	DNA11	P1	6.1
364527_242-LP3-16S-0242	DO NOT USE (DUPLICATE)	Sample	NOT-USE	DNA14	P3	4.4
364527_121-LP3-16S-0121	Lavaux_2021-09-30_must_Plot17_Row2/Vine5_ID144	Sample	Lavaux	DNA12	P2	3.3
364527_243-LP3-16S-0243	Lavaux_2022-09-09_must_Plot4_RepE	Sample	Lavaux	DNA14	P3	3.0
364527_122-LP3-16S-0122	Lavaux_2021-09-30_must_Plot14_Row5/Vine8_ID105	Sample	Lavaux	DNA12	P2	1.7
364527_001-LP3-16S-0001	Lavaux_2021-09-30_must_Plot4_Row9/Vine20_ID6	Sample	Lavaux	DNA11	P1	4.5
364527_123-LP3-16S-0123	Lavaux_2021-09-30_must_Plot17_Row6/Vine30_ID158a	Sample	Lavaux	DNA12	P2	1.9
364527_002-LP3-16S-0002	Lavaux_2021-09-30_must_Plot15_Row3/Vine20_ID121b	Sample	Lavaux	DNA11	P1	4.5
364527_003-LP3-16S-0003	Lavaux_2021-09-30_must_Plot17_Row13/Vine20_ID171	Sample	Lavaux	DNA11	P1	3.7
364527_238-LP3-16S-0238	Lavaux_2022-09-09_must_Plot17_RepC	Sample	Lavaux	DNA14	P3	1.5
364527_117-LP3-16S-0117	DNA12_PosCtrl	PosCtrl	Lavaux	DNA12	P2	5.4
364527_239-LP3-16S-0239	Lavaux_2022-09-09_must_Plot20_RepE	Sample	Lavaux	DNA14	P3	1.6
364527_118-LP3-16S-0118	Lavaux_2021-09-30_must_Plot12_Row2/Vine30_ID77	Sample	Lavaux	DNA12	P2	2.8
364527_240-LP3-16S-0240	DNA14_NegCtrl_2	NegCtrl	Lavaux	DNA14	P3	1.4
364527_119-LP3-16S-0119	Lavaux_2021-09-30_must_Plot15_Row14/Vine10_ID141	Sample	Lavaux	DNA12	P2	2.1
364527_241-LP3-16S-0241	Lavaux_2021-09-30_must_Plot13_Row5/Vine31_ID101	Sample	Lavaux	DNA14	P3	3.8
364527_120-LP3-16S-0120	Lavaux_2021-09-30_must_Plot14_Row6/Vine4_ID106	Sample	Lavaux	DNA12	P2	1.9
364527_245-LP3-16S-0245	Lavaux_2022-09-09_must_Plot14_RepD	Sample	Lavaux	DNA14	P3	4.4
364527_124-LP3-16S-0124	Lavaux_2021-09-30_must_Plot15_Row7/Vine20_ID128b	Sample	Lavaux	DNA12	P2	1.7
364527_246-LP3-16S-0246	Lavaux_2022-09-09_must_Plot17_RepD	Sample	Lavaux	DNA14	P3	2.6
364527_125-LP3-16S-0125	Lavaux_2021-09-30_must_Plot15_Row3/Vine20_ID121a	Sample	Lavaux	DNA12	P2	1.8
364527_004-LP3-16S-0004	Lavaux_2021-09-30_must_Plot5_Row6/Vine30_ID37b	Sample	Lavaux	DNA11	P1	5.0
364527_247-LP3-16S-0247	Lavaux_2021-09-30_must_Plot4_Row12/Vine30_ID11	Sample	Lavaux	DNA14	P3	2.7
364527_126-LP3-16S-0126	Lavaux_2021-09-30_must_Plot17_Row9/Vine20_ID163	Sample	Lavaux	DNA12	P2	3.9
364527_005-LP3-16S-0005	Lavaux_2021-09-30_must_Plot11_Row6/Vine22_ID66	Sample	Lavaux	DNA11	P1	5.0
364527_248-LP3-16S-0248	Lavaux_2022-08-10_must_Plot19	Sample	Lavaux	DNA14	P3	2.8
364527_127-LP3-16S-0127	Lavaux_2021-09-30_must_Plot11_Row6/Vine40_ID67	Sample	Lavaux	DNA12	P2	1.9
364527_006-LP3-16S-0006	Lavaux_2021-09-30_must_Plot15_Row3/Vine20_ID121c	Sample	Lavaux	DNA11	P1	5.1
364527_244-LP3-16S-0244	Lavaux_2022-09-09_must_Plot12_RepB	Sample	Lavaux	DNA14	P3	3.3
364527_352-LP3-16S-0352	Erlenbach_2022-10-20_3	Sample	SoilColonialization	DNA15	P4	2.4
364527_231-LP3-16S-0231	Lavaux_2022-09-09_must_Plot20_RepD	Sample	Lavaux	DNA14	P3	2.3
364527_110-LP3-16S-0110	Lavaux_2021-09-30_must_Plot12_Row3/Vine41_ID80	Sample	Lavaux	DNA12	P2	2.5
364527_353-LP3-16S-0353	Grenchen_2022-10-20_2C	Sample	SoilColonialization	DNA15	P4	1.8
364527_232-LP3-16S-0232	DNA14_PosCtrl_2	PosCtrl	Lavaux	DNA14	P3	9.2
364527_111-LP3-16S-0111	Lavaux_2021-09-30_must_Plot12_Row6/Vine31_ID89	Sample	Lavaux	DNA12	P2	2.3
364527_233-LP3-16S-0233	Lavaux_2021-09-30_must_Plot9_Row7/Vine20_ID46	Sample	Lavaux	DNA14	P3	2.1
364527_112-LP3-16S-0112	Lavaux_2021-09-30_must_Plot12_Row7/Vine40_ID92	Sample	Lavaux	DNA12	P2	2.4
364527_113-LP3-16S-0113	Lavaux_2021-09-30_must_Plot17_Row14/Vine10_ID173	Sample	Lavaux	DNA12	P2	3.8
364527_348-LP3-16S-0348	Grenchen_2022-10-20_2B	Sample	SoilColonialization	DNA15	P4	3.1
364527_227-LP3-16S-0227	Lavaux_2022-09-09_must_Plot4_RepC	Sample	Lavaux	DNA14	P3	2.0
364527_106-LP3-16S-0106	Lavaux_2021-09-30_must_Plot9_Row4/Vine10_ID40	Sample	Lavaux	DNA12	P2	4.7
364527_349-LP3-16S-0349	Grenchen_2021-06-11_soil_2A_ref	Sample	SoilColonialization	DNA15	P4	2.6
364527_228-LP3-16S-0228	Lavaux_2022-09-09_must_Plot9_RepE	Sample	Lavaux	DNA14	P3	5.8
364527_107-LP3-16S-0107	do not use	Sample	NOT-USE	DNA12	P2	2.3
364527_350-LP3-16S-0350	Grenchen_2021-07-21_soil_2B	Sample	SoilColonialization	DNA15	P4	2.4
364527_229-LP3-16S-0229	Lavaux_2022-09-09_must_Plot14_RepB	Sample	Lavaux	DNA14	P3	1.8
364527_108-LP3-16S-0108	Lavaux_2021-09-30_must_Plot9_Row5/Vine40_ID43	Sample	Lavaux	DNA12	P2	2.1
364527_351-LP3-16S-0351	empty	Sample	NOT-USE	DNA15	P4	2.0
364527_230-LP3-16S-0230	Lavaux_2022-09-09_must_Plot17_RepB	Sample	Lavaux	DNA14	P3	1.9
364527_109-LP3-16S-0109	do not use	Sample	NOT-USE	DNA12	P2	2.0
364527_234-LP3-16S-0234	Lavaux_2021-09-30_must_Plot17_Row4/Vine5_ID148	Sample	Lavaux	DNA14	P3	1.9
364527_235-LP3-16S-0235	Lavaux_2022-09-09_must_Plot4_RepD	Sample	Lavaux	DNA14	P3	2.0
364527_114-LP3-16S-0114	Lavaux_2021-09-30_must_Plot12_Row7/Vine20_ID91	Sample	Lavaux	DNA12	P2	2.3
364527_236-LP3-16S-0236	Lavaux_2022-09-09_must_Plot12_RepA	Sample	Lavaux	DNA14	P3	1.7
364527_115-LP3-16S-0115	Lavaux_2021-09-30_must_Plot15_Row9/Vine20_ID132	Sample	Lavaux	DNA12	P2	2.3
364527_237-LP3-16S-0237	Lavaux_2022-09-09_must_Plot14_RepC	Sample	Lavaux	DNA14	P3	1.8
364527_116-LP3-16S-0116	Lavaux_2021-09-30_must_Plot14_Row13/Vine10_ID114	Sample	Lavaux	DNA12	P2	2.0
364527_297-LP3-16S-0297	Lavaux_2022-08-10_soil_Plot19	Sample	Lavaux	DNA15	P4	1.3
364527_176-LP3-16S-0176	Lavaux_2021-09-30_must_Plot13_Row1/Vine10_ID94	Sample	Lavaux	DNA12	P2	8.1
364527_055-LP3-16S-0055	Lavaux_2021-09-30_must_Plot20_Row12/Vine11_ID214	Sample	Lavaux	DNA11	P1	2.8
364527_298-LP3-16S-0298	Lavaux_2022-08-10_soil_Plot12	Sample	Lavaux	DNA15	P4	1.5
364527_177-LP3-16S-0177	Lavaux_2021-09-30_must_Plot11_Row2/Vine31_ID57	Sample	Lavaux	DNA12	P2	5.2
364527_056-LP3-16S-0056	Lavaux_2021-09-30_must_Plot15_Row14/Vine31_ID142	Sample	Lavaux	DNA11	P1	2.7
364527_299-LP3-16S-0299	Lavaux_2021-08-31_soil_Plot20	Sample	Lavaux	DNA15	P4	1.3
364527_178-LP3-16S-0178	Lavaux_2021-09-30_must_Plot15_Row4/Vine30_ID123	Sample	Lavaux	DNA12	P2	3.3
364527_057-LP3-16S-0057	Lavaux_2021-09-30_must_Plot4_Row16/Vine10_ID16	Sample	Lavaux	DNA11	P1	2.9
364527_300-LP3-16S-0300	Lavaux_2022-03-08_soil_Plot19	Sample	Lavaux	DNA15	P4	1.4
364527_179-LP3-16S-0179	Lavaux_2021-09-30_must_Plot11_Row3/Vine19_ID59	Sample	Lavaux	DNA12	P2	2.7
364527_058-LP3-16S-0058	Lavaux_2021-09-30_must_Plot4_Row21/Vine20_ID24	Sample	Lavaux	DNA11	P1	2.1
364527_294-LP3-16S-0294	Lavaux_2022-08-10_soil_Plot20	Sample	Lavaux	DNA15	P4	4.6
364527_295-LP3-16S-0295	Lavaux_2022-08-10_soil_Plot15	Sample	Lavaux	DNA15	P4	5.0
364527_174-LP3-16S-0174	Lavaux_2021-09-30_must_Plot4_Row15/Vine20_ID15	Sample	Lavaux	DNA12	P2	9.7
364527_296-LP3-16S-0296	Lavaux_2022-08-10_soil_Plot4	Sample	Lavaux	DNA15	P4	4.7
364527_175-LP3-16S-0175	Lavaux_2021-09-30_must_Plot13_Row3/Vine30_ID98	Sample	Lavaux	DNA12	P2	8.4
364527_054-LP3-16S-0054	Lavaux_2021-09-30_must_Plot5_Row5/Vine20_ID33	Sample	Lavaux	DNA11	P1	2.8
364527_063-LP3-16S-0063	Lavaux_2021-09-30_must_Plot17_Row8/Vine10_ID161	Sample	Lavaux	DNA11	P1	3.2
364527_301-LP3-16S-0301	Lavaux_2022-03-08_soil_Plot20	Sample	Lavaux	DNA15	P4	1.4
364527_180-LP3-16S-0180	Lavaux_2021-09-30_must_Plot17_Row10/Vine10_ID165	Sample	Lavaux	DNA12	P2	5.9
364527_059-LP3-16S-0059	Lavaux_2021-09-30_must_Plot5_Row5/Vine41_ID34	Sample	Lavaux	DNA11	P1	2.3
364527_302-LP3-16S-0302	Lavaux_2022-08-10_soil_Plot9	Sample	Lavaux	DNA15	P4	1.3
364527_181-LP3-16S-0181	Lavaux_2021-09-30_must_Plot18_Row5/Vine14_ID188	Sample	Lavaux	DNA12	P2	4.8
364527_060-LP3-16S-0060	Lavaux_2021-09-30_must_Plot14_Row2/Vine4_ID103	Sample	Lavaux	DNA11	P1	6.4
364527_303-LP3-16S-0303	Lavaux_2021-08-31_soil_Plot13	Sample	Lavaux	DNA15	P4	1.3
364527_182-LP3-16S-0182	Lavaux_2021-09-30_must_Plot12_Row5/Vine60_ID87	Sample	Lavaux	DNA12	P2	4.2
364527_061-LP3-16S-0061	DO NOT USE (DUPLICATE)	Sample	NOT-USE	DNA11	P1	2.5
364527_183-LP3-16S-0183	Lavaux_2021-09-30_must_Plot17_Row11/Vine20_ID167	Sample	Lavaux	DNA12	P2	4.2
364527_062-LP3-16S-0062	Lavaux_2021-09-30_must_Plot12_Row7/Vine60_ID93	Sample	Lavaux	DNA11	P1	3.4
364527_286-LP3-16S-0286	Lavaux_2022-09-09_must_Plot19_RepD	Sample	Lavaux	DNA14	P3	14.2
364527_165-LP3-16S-0165	Lavaux_2021-09-30_must_Plot4_Row13/Vine20_ID12	Sample	Lavaux	DNA12	P2	1.5
364527_287-LP3-16S-0287	Lavaux_2022-08-10_must_Plot12	Sample	Lavaux	DNA14	P3	12.0
364527_166-LP3-16S-0166	Lavaux_2021-09-30_must_Plot4_Row7/Vine20_ID3	Sample	Lavaux	DNA12	P2	1.8
364527_288-LP3-16S-0288	empty	Sample	NOT-USE	DNA14	P3	11.3
364527_167-LP3-16S-0167	Lavaux_2021-09-30_must_Plot14_Row18/Vine4_ID119	Sample	Lavaux	DNA12	P2	1.4
364527_289-LP3-16S-0289	Lavaux_2022-08-10_soil_Plot17	Sample	Lavaux	DNA15	P4	3.8
364527_168-LP3-16S-0168	Lavaux_2021-09-30_must_Plot14_Row16/Vine4_ID117	Sample	Lavaux	DNA12	P2	6.5
364527_284-LP3-16S-0284	Lavaux_2022-09-09_must_Plot13_RepB	Sample	Lavaux	DNA14	P3	11.4
364527_285-LP3-16S-0285	Lavaux_2022-09-09_must_Plot15_RepC	Sample	Lavaux	DNA14	P3	15.1
364527_164-LP3-16S-0164	Lavaux_2021-09-30_must_Plot12_Row5/Vine20_ID85	Sample	Lavaux	DNA12	P2	4.9
364527_173-LP3-16S-0173	Lavaux_2021-09-30_must_Plot19_Row3/Vine10_ID196	Sample	Lavaux	DNA12	P2	9.2
364527_290-LP3-16S-0290	Lavaux_2022-08-10_soil_Plot5	Sample	Lavaux	DNA15	P4	4.7
364527_169-LP3-16S-0169	Lavaux_2021-09-30_must_Plot12_Row2/Vine10_ID76	Sample	Lavaux	DNA12	P2	9.7
364527_291-LP3-16S-0291	Lavaux_2022-08-10_soil_Plot11	Sample	Lavaux	DNA15	P4	4.7
364527_170-LP3-16S-0170	Lavaux_2021-09-30_must_Plot17_Row5/Vine20_ID153	Sample	Lavaux	DNA12	P2	7.2
364527_292-LP3-16S-0292	Lavaux_2022-08-10_soil_Plot13	Sample	Lavaux	DNA15	P4	4.5
364527_171-LP3-16S-0171	DNA12_NegCtrl	NegCtrl	Lavaux	DNA12	P2	8.3
364527_293-LP3-16S-0293	Lavaux_2022-08-10_soil_Plot14	Sample	Lavaux	DNA15	P4	4.4
364527_172-LP3-16S-0172	Lavaux_2021-09-30_must_Plot4_Row12/Vine10_ID10	Sample	Lavaux	DNA12	P2	8.7
364527_319-LP3-16S-0319	empty	Sample	NOT-USE	DNA15	P4	2.1
364527_198-LP3-16S-0198	Lavaux_2022-09-09_must_Plot15_RepD	Sample	Lavaux	DNA14	P3	7.0
364527_077-LP3-16S-0077	Lavaux_2021-09-30_must_Plot17_Row7/Vine40_ID160	Sample	Lavaux	DNA11	P1	6.0
364527_320-LP3-16S-0320	empty	Sample	NOT-USE	DNA15	P4	4.1
364527_199-LP3-16S-0199	Lavaux_2022-09-09_must_Plot19_RepE	Sample	Lavaux	DNA14	P3	5.3
364527_078-LP3-16S-0078	Lavaux_2021-09-30_must_Plot18_Row6/Vine7_ID189	Sample	Lavaux	DNA11	P1	8.5
364527_321-LP3-16S-0321	Lavaux_2021-08-31_soil_Plot4	Sample	Lavaux	DNA15	P4	2.4
364527_200-LP3-16S-0200	Lavaux_2022-08-10_must_Plot13	Sample	Lavaux	DNA14	P3	7.9
364527_079-LP3-16S-0079	Lavaux_2021-09-30_must_Plot13_Row3/Vine10_ID97	Sample	Lavaux	DNA11	P1	9.5
364527_322-LP3-16S-0322	Lavaux_2021-08-31_soil_Plot9	Sample	Lavaux	DNA15	P4	3.6
364527_201-LP3-16S-0201	Lavaux_2021-09-30_must_Plot17_Row5/Vine45_ID156	Sample	Lavaux	DNA14	P3	7.9
364527_080-LP3-16S-0080	do not use	Sample	NOT-USE	DNA11	P1	7.3
364527_315-LP3-16S-0315	empty	Sample	NOT-USE	DNA15	P4	1.9
364527_194-LP3-16S-0194	Lavaux_2021-09-30_must_Plot11_Row4/Vine50_ID63	Sample	Lavaux	DNA14	P3	6.2
364527_316-LP3-16S-0316	Lavaux_2022-03-08_soil_Plot9	Sample	Lavaux	DNA15	P4	3.2
364527_195-LP3-16S-0195	Lavaux_2021-09-30_must_Plot17_Row10/Vine30_ID166	Sample	Lavaux	DNA14	P3	4.5
364527_074-LP3-16S-0074	Lavaux_2021-09-30_must_Plot15_Row13/Vine39_ID140	Sample	Lavaux	DNA11	P1	6.2
364527_317-LP3-16S-0317	empty	Sample	NOT-USE	DNA15	P4	2.6
364527_196-LP3-16S-0196	Lavaux_2022-09-09_must_Plot9_RepA	Sample	Lavaux	DNA14	P3	5.9
364527_075-LP3-16S-0075	Lavaux_2021-09-30_must_Plot4_Row8/Vine30_ID5	Sample	Lavaux	DNA11	P1	7.6
364527_318-LP3-16S-0318	Lavaux_2022-03-08_soil_Plot4	Sample	Lavaux	DNA15	P4	4.8
364527_197-LP3-16S-0197	Lavaux_2022-09-09_must_Plot13_RepC	Sample	Lavaux	DNA14	P3	6.9
364527_076-LP3-16S-0076	DO NOT USE (DUPLICATE)	Sample	NOT-USE	DNA11	P1	5.8
364527_323-LP3-16S-0323	Lavaux_2021-08-31_soil_Plot17	Sample	Lavaux	DNA15	P4	3.4
364527_202-LP3-16S-0202	Lavaux_2021-09-30_must_Plot17_Row16/Vine10_ID177	Sample	Lavaux	DNA14	P3	5.6
364527_081-LP3-16S-0081	Lavaux_2021-09-30_must_Plot18_Row9/Vine14_ID192	Sample	Lavaux	DNA11	P1	5.2
364527_203-LP3-16S-0203	Lavaux_2021-09-30_must_Plot17_Row5/Vine10_ID152	Sample	Lavaux	DNA14	P3	2.3
364527_082-LP3-16S-0082	Lavaux_2021-09-30_must_Plot11_Row7/Vine15_ID68	Sample	Lavaux	DNA11	P1	4.6
364527_083-LP3-16S-0083	Lavaux_2021-09-30_must_Plot20_Row5/Vine20_ID204	Sample	Lavaux	DNA11	P1	3.8
364527_324-LP3-16S-0324	Lavaux_2021-08-31_soil_Plot11	Sample	Lavaux	DNA15	P4	4.8
364527_325-LP3-16S-0325	Lavaux_2021-08-31_soil_Plot18	Sample	Lavaux	DNA15	P4	3.2
364527_204-LP3-16S-0204	Lavaux_2022-09-09_must_Plot9_RepB	Sample	Lavaux	DNA14	P3	2.9
364527_308-LP3-16S-0308	DO NOT USE (DUPLICATE)	Sample	NOT-USE	DNA15	P4	2.5
364527_187-LP3-16S-0187	Lavaux_2021-09-30_must_Plot18_Row7/Vine14_ID190	Sample	Lavaux	DNA12	P2	5.8
364527_066-LP3-16S-0066	Lavaux_2021-09-30_must_Plot5_Row6/Vine20_ID36	Sample	Lavaux	DNA11	P1	1.4
364527_309-LP3-16S-0309	Lavaux_2022-03-08_soil_Plot13	Sample	Lavaux	DNA15	P4	2.4
364527_188-LP3-16S-0188	Lavaux_2021-09-30_must_Plot18_Row10/Vine7_ID193	Sample	Lavaux	DNA12	P2	6.0
364527_067-LP3-16S-0067	Lavaux_2021-09-30_must_Plot5_Row2/Vine10_ID25	Sample	Lavaux	DNA11	P1	1.7
364527_310-LP3-16S-0310	empty	Sample	NOT-USE	DNA15	P4	1.6
364527_189-LP3-16S-0189	Lavaux_2021-09-30_must_Plot14_Row17/Vine10_ID118	Sample	Lavaux	DNA12	P2	6.7
364527_068-LP3-16S-0068	Lavaux_2021-09-30_must_Plot4_Row14/Vine10_ID13	Sample	Lavaux	DNA11	P1	6.7
364527_311-LP3-16S-0311	Lavaux_2022-03-08_soil_Plot12	Sample	Lavaux	DNA15	P4	2.5
364527_190-LP3-16S-0190	Lavaux_2021-09-30_must_Plot20_Row3/Vine20_ID201	Sample	Lavaux	DNA12	P2	6.3
364527_069-LP3-16S-0069	Lavaux_2021-09-30_must_Plot12_Row4/Vine10_ID82	Sample	Lavaux	DNA11	P1	1.6
364527_304-LP3-16S-0304	Lavaux_2022-03-08_soil_Plot14	Sample	Lavaux	DNA15	P4	1.5
364527_305-LP3-16S-0305	Lavaux_2022-03-08_soil_Plot17	Sample	Lavaux	DNA15	P4	2.8
364527_184-LP3-16S-0184	Lavaux_2021-09-30_must_Plot17_Row5/Vine40_ID155	Sample	Lavaux	DNA12	P2	5.0
364527_306-LP3-16S-0306	Lavaux_2021-08-31_soil_Plot19	Sample	Lavaux	DNA15	P4	2.6
364527_185-LP3-16S-0185	Lavaux_2021-09-30_must_Plot15_Row6/Vine10_ID126	Sample	Lavaux	DNA12	P2	6.4
364527_064-LP3-16S-0064	Lavaux_2021-09-30_must_Plot17_Row15/Vine21_ID175	Sample	Lavaux	DNA11	P1	7.5
364527_307-LP3-16S-0307	Lavaux_2022-03-08_soil_Plot5	Sample	Lavaux	DNA15	P4	1.9
364527_186-LP3-16S-0186	Lavaux_2021-09-30_must_Plot14_Row6/Vine12_ID107	Sample	Lavaux	DNA12	P2	6.4
364527_065-LP3-16S-0065	Lavaux_2021-09-30_must_Plot14_Row14/Vine4_ID115	Sample	Lavaux	DNA11	P1	1.6
364527_312-LP3-16S-0312	Lavaux_2022-03-08_soil_Plot11	Sample	Lavaux	DNA15	P4	2.9
364527_191-LP3-16S-0191	Lavaux_2021-09-30_must_Plot17_Row14/Vine30_ID174	Sample	Lavaux	DNA12	P2	6.1
364527_070-LP3-16S-0070	Lavaux_2021-09-30_must_Plot14_Row12/Vine4_ID113	Sample	Lavaux	DNA11	P1	1.6
364527_313-LP3-16S-0313	Lavaux_2022-03-08_soil_Plot15	Sample	Lavaux	DNA15	P4	3.6
364527_192-LP3-16S-0192	Lavaux_2021-09-30_must_Plot15_Row11/Vine38_ID136	Sample	Lavaux	DNA12	P2	6.2
364527_071-LP3-16S-0071	DNA11_NegCtrl_2	NegCtrl	Lavaux	DNA11	P1	1.7
364527_193-LP3-16S-0193	Lavaux_2021-09-30_must_Plot17_Row8/Vine32_ID162	Sample	Lavaux	DNA14	P3	5.1
364527_072-LP3-16S-0072	do not use	Sample	NOT-USE	DNA11	P1	8.4
364527_073-LP3-16S-0073	Lavaux_2021-09-30_must_Plot9_Row8/Vine30_ID49	Sample	Lavaux	DNA11	P1	8.1
364527_314-LP3-16S-0314	Lavaux_2022-03-08_soil_Plot18	Sample	Lavaux	DNA15	P4	3.4
364527_254-LP3-16S-0254	Lavaux_2022-09-09_must_Plot17_RepE	Sample	Lavaux	DNA14	P3	4.5
364527_255-LP3-16S-0255	Lavaux_2022-08-10_must_Plot4	Sample	Lavaux	DNA14	P3	3.7
364527_256-LP3-16S-0256	Lavaux_2022-08-10_must_Plot20	Sample	Lavaux	DNA14	P3	6.2
364527_261-LP3-16S-0261	Lavaux_2022-09-09_must_Plot15_RepA	Sample	Lavaux	DNA14	P3	1.9
364527_262-LP3-16S-0262	Lavaux_2022-09-09_must_Plot19_RepA	Sample	Lavaux	DNA14	P3	1.6
364527_263-LP3-16S-0263	Lavaux_2022-08-10_must_Plot5	Sample	Lavaux	DNA14	P3	1.8
364527_257-LP3-16S-0257	Lavaux_2021-09-30_must_Plot11_Row5/Vine19_ID64	Sample	Lavaux	DNA14	P3	1.7
364527_258-LP3-16S-0258	Lavaux_2021-09-30_must_Plot11_Row4/Vine10_ID61	Sample	Lavaux	DNA14	P3	1.7
364527_259-LP3-16S-0259	Lavaux_2022-09-09_must_Plot5_RepB	Sample	Lavaux	DNA14	P3	1.8
364527_260-LP3-16S-0260	Lavaux_2022-09-09_must_Plot12_RepD	Sample	Lavaux	DNA14	P3	10.3
364527_275-LP3-16S-0275	Lavaux_2022-09-09_must_Plot5_RepD	Sample	Lavaux	DNA14	P3	5.3
364527_154-LP3-16S-0154	Lavaux_2021-09-30_must_Plot11_Row7/Vine30_ID69	Sample	Lavaux	DNA12	P2	2.3
364527_276-LP3-16S-0276	Lavaux_2022-09-09_must_Plot13_RepA	Sample	Lavaux	DNA14	P3	9.7
364527_155-LP3-16S-0155	Lavaux_2021-09-30_must_Plot4_Row17/Vine20_ID18	Sample	Lavaux	DNA12	P2	2.0
364527_277-LP3-16S-0277	Lavaux_2022-09-09_must_Plot15_RepB	Sample	Lavaux	DNA14	P3	9.5
364527_156-LP3-16S-0156	Lavaux_2021-09-30_must_Plot17_Row16/Vine30_ID178	Sample	Lavaux	DNA12	P2	4.4
364527_278-LP3-16S-0278	Lavaux_2022-09-09_must_Plot19_RepC	Sample	Lavaux	DNA14	P3	6.3
364527_157-LP3-16S-0157	Lavaux_2021-09-30_must_Plot9_Row6/Vine10_ID44	Sample	Lavaux	DNA12	P2	2.6
364527_274-LP3-16S-0274	Lavaux_2021-09-30_must_Plot17_Row4/Vine25_ID150	Sample	Lavaux	DNA14	P3	5.8
364527_283-LP3-16S-0283	Lavaux_2022-09-09_must_Plot5_RepE	Sample	Lavaux	DNA14	P3	13.2
364527_162-LP3-16S-0162	Lavaux_2021-09-30_must_Plot11_Row7/Vine50_ID70	Sample	Lavaux	DNA12	P2	1.8
364527_163-LP3-16S-0163	Lavaux_2021-09-30_must_Plot11_Row8/Vine50_ID73	Sample	Lavaux	DNA12	P2	1.6
364527_279-LP3-16S-0279	Lavaux_2022-08-10_must_Plot11	Sample	Lavaux	DNA14	P3	9.7
364527_158-LP3-16S-0158	Lavaux_2021-09-30_must_Plot14_Row11/Vine8_ID112	Sample	Lavaux	DNA12	P2	3.3
364527_280-LP3-16S-0280	empty	Sample	NOT-USE	DNA14	P3	9.0
364527_159-LP3-16S-0159	Lavaux_2021-09-30_must_Plot4_Row20/Vine10_ID22	Sample	Lavaux	DNA12	P2	2.9
364527_281-LP3-16S-0281	Lavaux_2021-09-30_must_Plot17_Row3/Vine10_ID145	Sample	Lavaux	DNA14	P3	13.4
364527_160-LP3-16S-0160	Lavaux_2021-09-30_must_Plot11_Row9/Vine40_ID75	Sample	Lavaux	DNA12	P2	6.3
364527_282-LP3-16S-0282	Lavaux_2021-09-30_must_Plot13_Row4/Vine20_ID99	Sample	Lavaux	DNA14	P3	14.2
364527_161-LP3-16S-0161	Lavaux_2021-09-30_must_Plot11_Row2/Vine51_ID58	Sample	Lavaux	DNA12	P2	1.5
364527_264-LP3-16S-0264	empty	Sample	NOT-USE	DNA14	P3	10.1
364527_265-LP3-16S-0265	Lavaux_2021-09-30_must_Plot17_Row3/Vine15_ID146	Sample	Lavaux	DNA14	P3	11.5
364527_266-LP3-16S-0266	Lavaux_2021-09-30_must_Plot17_Row12/Vine10_ID169	Sample	Lavaux	DNA14	P3	10.9
364527_267-LP3-16S-0267	Lavaux_2022-09-09_must_Plot5_RepC	Sample	Lavaux	DNA14	P3	10.9
364527_272-LP3-16S-0272	empty	Sample	NOT-USE	DNA14	P3	10.9
364527_273-LP3-16S-0273	Lavaux_2021-09-30_must_Plot5_Row6/Vine30_ID37	Sample	Lavaux	DNA14	P3	9.3
364527_268-LP3-16S-0268	Lavaux_2022-09-09_must_Plot12_RepE	Sample	Lavaux	DNA14	P3	12.0
364527_269-LP3-16S-0269	DNA14_PosCtrl_1	PosCtrl	Lavaux	DNA14	P3	22.4
364527_270-LP3-16S-0270	Lavaux_2022-09-09_must_Plot19_RepB	Sample	Lavaux	DNA14	P3	11.2
364527_271-LP3-16S-0271	Lavaux_2022-08-10_must_Plot9	Sample	Lavaux	DNA14	P3	10.3
364527_435-LP3-16S-0435	SB_gylcerol_berry_wash_1	Sample	SamplingBenchmarking	DNA17	P5	4.4
364527_436-LP3-16S-0436	SB_gylcerol_berry_wash_2	Sample	SamplingBenchmarking	DNA17	P5	3.9
364527_437-LP3-16S-0437	SB_gylcerol_berry_wash_3	Sample	SamplingBenchmarking	DNA17	P5	5.6
364527_438-LP3-16S-0438	SB_NaCl_sol_berry_wash_1	Sample	SamplingBenchmarking	DNA17	P5	4.1
364527_434-LP3-16S-0434	SB_PBS_berry_wash_3	Sample	SamplingBenchmarking	DNA17	P5	4.9
364527_443-LP3-16S-0443	SB_water_berry_sonication_3	Sample	SamplingBenchmarking	DNA17	P5	4.2
364527_439-LP3-16S-0439	SB_NaCl_sol_berry_wash_2	Sample	SamplingBenchmarking	DNA17	P5	3.8
364527_440-LP3-16S-0440	SB_NaCl_sol_berry_wash_3	Sample	SamplingBenchmarking	DNA17	P5	3.7
364527_441-LP3-16S-0441	SB_water_berry_sonication_1	Sample	SamplingBenchmarking	DNA17	P5	5.5
364527_442-LP3-16S-0442	SB_water_berry_sonication_2	Sample	SamplingBenchmarking	DNA17	P5	3.6
364527_545-LP3-16S-0545	Valais_60	Sample	Valais	DNA38	P6	2.2
364527_424-LP3-16S-0424	SB_must_freeze_immediately_2	Sample	SamplingBenchmarking	DNA17	P5	2.3
364527_546-LP3-16S-0546	Valais_81	Sample	Valais	DNA38	P6	2.2
364527_425-LP3-16S-0425	SB_must_freeze_immediately_3	Sample	SamplingBenchmarking	DNA17	P5	2.6
364527_547-LP3-16S-0547	Valais_68	Sample	Valais	DNA38	P6	2.6
364527_426-LP3-16S-0426	DO NOT USE (DUPLICATE)	Sample	NOT-USE	DNA17	P5	2.3
364527_548-LP3-16S-0548	Valais_66	Sample	Valais	DNA38	P6	13.0
364527_427-LP3-16S-0427	DO NOT USE (DUPLICATE)	Sample	NOT-USE	DNA17	P5	2.8
364527_544-LP3-16S-0544	Valais_55	Sample	Valais	DNA38	P6	10.7
364527_553-LP3-16S-0553	Valais_90	Sample	Valais	DNA38	P6	11.2
364527_432-LP3-16S-0432	SB_PBS_berry_wash_1	Sample	SamplingBenchmarking	DNA17	P5	2.1
364527_433-LP3-16S-0433	SB_PBS_berry_wash_2	Sample	SamplingBenchmarking	DNA17	P5	7.2
364527_549-LP3-16S-0549	Valais_83	Sample	Valais	DNA38	P6	2.1
364527_428-LP3-16S-0428	DO NOT USE (DUPLICATE)	Sample	NOT-USE	DNA17	P5	2.4
364527_550-LP3-16S-0550	Valais_91	Sample	Valais	DNA38	P6	2.8
364527_429-LP3-16S-0429	SB_water_berry_wash_1	Sample	SamplingBenchmarking	DNA17	P5	2.2
364527_551-LP3-16S-0551	Valais_54	Sample	Valais	DNA38	P6	2.9
364527_430-LP3-16S-0430	SB_water_berry_wash_2	Sample	SamplingBenchmarking	DNA17	P5	2.9
364527_552-LP3-16S-0552	Valais_87	Sample	Valais	DNA38	P6	12.4
364527_431-LP3-16S-0431	SB_water_berry_wash_3	Sample	SamplingBenchmarking	DNA17	P5	3.4
364527_446-LP3-16S-0446	SB_PBS_berry_sonication_3	Sample	SamplingBenchmarking	DNA17	P5	5.7
364527_447-LP3-16S-0447	SB_gylcerol_berry_sonication_1	Sample	SamplingBenchmarking	DNA17	P5	4.6
364527_448-LP3-16S-0448	SB_gylcerol_berry_sonication_2	Sample	SamplingBenchmarking	DNA17	P5	9.0
364527_449-LP3-16S-0449	SB_gylcerol_berry_sonication_3	Sample	SamplingBenchmarking	DNA17	P5	2.1
364527_444-LP3-16S-0444	SB_PBS_berry_sonication_1	Sample	SamplingBenchmarking	DNA17	P5	10.7
364527_445-LP3-16S-0445	SB_PBS_berry_sonication_2	Sample	SamplingBenchmarking	DNA17	P5	4.5
364527_450-LP3-16S-0450	SB_NaCl_sol_berry_sonication_1	Sample	SamplingBenchmarking	DNA17	P5	1.9
364527_451-LP3-16S-0451	SB_NaCl_sol_berry_sonication_2	Sample	SamplingBenchmarking	DNA17	P5	2.3
364527_452-LP3-16S-0452	SB_NaCl_sol_berry_sonication_3	Sample	SamplingBenchmarking	DNA17	P5	10.4
364527_453-LP3-16S-0453	cotton_tips_1	Sample	SamplingBenchmarking	DNA17	P5	1.9
364527_513-LP3-16S-0513	Valais_32	Sample	Valais	DNA38	P6	2.5
364527_392-LP3-16S-0392	SB_must_4deg_24h_2	Sample	SamplingBenchmarking	DNA17	P5	8.5
364527_393-LP3-16S-0393	SB_must_4deg_24h_3	Sample	SamplingBenchmarking	DNA17	P5	11.1
364527_514-LP3-16S-0514	Valais_5	Sample	Valais	DNA38	P6	2.5
364527_515-LP3-16S-0515	Valais_6	Sample	Valais	DNA38	P6	2.8
364527_394-LP3-16S-0394	SB_must_4deg_72h_1	Sample	SamplingBenchmarking	DNA17	P5	7.5
364527_520-LP3-16S-0520	Valais_79	Sample	Valais	DNA38	P6	2.2
364527_399-LP3-16S-0399	SB_must_4deg_1wk_3	Sample	SamplingBenchmarking	DNA17	P5	3.3
364527_521-LP3-16S-0521	Valais_70	Sample	Valais	DNA38	P6	2.7
364527_400-LP3-16S-0400	SB_must_min80_1wk_1	Sample	SamplingBenchmarking	DNA17	P5	3.5
364527_522-LP3-16S-0522	Valais_76	Sample	Valais	DNA38	P6	2.0
364527_401-LP3-16S-0401	SB_must_min80_1wk_2	Sample	SamplingBenchmarking	DNA17	P5	6.6
364527_523-LP3-16S-0523	Valais_61	Sample	Valais	DNA38	P6	3.8
364527_402-LP3-16S-0402	SB_must_min80_1wk_3	Sample	SamplingBenchmarking	DNA17	P5	3.4
364527_516-LP3-16S-0516	Valais_8	Sample	Valais	DNA38	P6	10.0
364527_395-LP3-16S-0395	SB_must_4deg_72h_2	Sample	SamplingBenchmarking	DNA17	P5	3.5
364527_517-LP3-16S-0517	Valais_18	Sample	Valais	DNA38	P6	2.5
364527_396-LP3-16S-0396	SB_must_4deg_72h_3	Sample	SamplingBenchmarking	DNA17	P5	3.4
364527_518-LP3-16S-0518	Valais_86	Sample	Valais	DNA38	P6	3.2
364527_397-LP3-16S-0397	SB_must_4deg_1wk_1	Sample	SamplingBenchmarking	DNA17	P5	2.6
364527_519-LP3-16S-0519	Valais_59	Sample	Valais	DNA38	P6	3.4
364527_398-LP3-16S-0398	SB_must_4deg_1wk_2	Sample	SamplingBenchmarking	DNA17	P5	3.5
364527_502-LP3-16S-0502	Valais_38	Sample	Valais	DNA38	P6	3.3
364527_381-LP3-16S-0381	Lavaux_2021-08-31_soil_Plot12	Sample	Lavaux	DNA15	P4	4.5
364527_503-LP3-16S-0503	Valais_15	Sample	Valais	DNA38	P6	3.2
364527_382-LP3-16S-0382	Grenchen_2021-06-11_soil_2C_ref	Sample	SoilColonialization	DNA15	P4	4.4
364527_383-LP3-16S-0383	Grenchen_2021-07-21_soil_1B	Sample	SoilColonialization	DNA15	P4	4.9
364527_504-LP3-16S-0504	Valais_17	Sample	Valais	DNA38	P6	7.0
364527_509-LP3-16S-0509	Valais_12	Sample	Valais	DNA38	P6	2.5
364527_388-LP3-16S-0388	SB_must_RT_24h_1	Sample	SamplingBenchmarking	DNA17	P5	10.3
364527_510-LP3-16S-0510	Valais_11	Sample	Valais	DNA38	P6	7.9
364527_389-LP3-16S-0389	SB_must_RT_24h_2	Sample	SamplingBenchmarking	DNA17	P5	8.7
364527_511-LP3-16S-0511	Valais_37	Sample	Valais	DNA38	P6	3.0
364527_390-LP3-16S-0390	SB_must_RT_24h_3	Sample	SamplingBenchmarking	DNA17	P5	7.8
364527_512-LP3-16S-0512	Valais_16	Sample	Valais	DNA38	P6	5.5
364527_391-LP3-16S-0391	SB_must_4deg_24h_1	Sample	SamplingBenchmarking	DNA17	P5	9.5
364527_505-LP3-16S-0505	Valais_21	Sample	Valais	DNA38	P6	6.8
364527_384-LP3-16S-0384	Grenchen_2022-03-08_2A	Sample	SoilColonialization	DNA15	P4	4.6
364527_506-LP3-16S-0506	Valais_31	Sample	Valais	DNA38	P6	2.3
364527_385-LP3-16S-0385	SB_must_RT_immediately_1	Sample	SamplingBenchmarking	DNA17	P5	9.9
364527_507-LP3-16S-0507	Valais_24	Sample	Valais	DNA38	P6	2.7
364527_386-LP3-16S-0386	SB_must_RT_immediately_2	Sample	SamplingBenchmarking	DNA17	P5	8.3
364527_508-LP3-16S-0508	Valais_27	Sample	Valais	DNA38	P6	3.0
364527_387-LP3-16S-0387	SB_must_RT_immediately_3	Sample	SamplingBenchmarking	DNA17	P5	6.7
364527_534-LP3-16S-0534	Valais_58	Sample	Valais	DNA38	P6	4.2
364527_535-LP3-16S-0535	Valais_69	Sample	Valais	DNA38	P6	3.6
364527_414-LP3-16S-0414	SB_must_min20_1month_3	Sample	SamplingBenchmarking	DNA17	P5	6.6
364527_536-LP3-16S-0536	Valais_95	Sample	Valais	DNA38	P6	3.9
364527_415-LP3-16S-0415	DNA17_PosCtrl	PosCtrl	SamplingBenchmarking	DNA17	P5	13.4
364527_537-LP3-16S-0537	Valais_74	Sample	Valais	DNA38	P6	4.4
364527_416-LP3-16S-0416	empty?	Sample	NOT-USE	DNA17	P5	4.4
364527_542-LP3-16S-0542	Valais_63	Sample	Valais	DNA38	P6	5.3
364527_421-LP3-16S-0421	SB_swab(cotton)_4deg_24h_2	Sample	SamplingBenchmarking	DNA17	P5	2.4
364527_543-LP3-16S-0543	Valais_65	Sample	Valais	DNA38	P6	6.2
364527_422-LP3-16S-0422	SB_swab(cotton)_4deg_24h_3	Sample	SamplingBenchmarking	DNA17	P5	2.6
364527_423-LP3-16S-0423	SB_must_freeze_immediately_1	Sample	SamplingBenchmarking	DNA17	P5	3.1
364527_538-LP3-16S-0538	Valais_85	Sample	Valais	DNA38	P6	3.7
364527_417-LP3-16S-0417	SB_swab(cotton)_freeze_immediately_1	Sample	SamplingBenchmarking	DNA17	P5	2.2
364527_539-LP3-16S-0539	Valais_96	Sample	Valais	DNA38	P6	3.4
364527_418-LP3-16S-0418	SB_swab(cotton)_freeze_immediately_2	Sample	SamplingBenchmarking	DNA17	P5	1.9
364527_540-LP3-16S-0540	Valais_89	Sample	Valais	DNA38	P6	11.0
364527_419-LP3-16S-0419	SB_swab(cotton)_freeze_immediately_3	Sample	SamplingBenchmarking	DNA17	P5	2.2
364527_541-LP3-16S-0541	Valais_73	Sample	Valais	DNA38	P6	3.9
364527_420-LP3-16S-0420	SB_swab(cotton)_4deg_24h_1	Sample	SamplingBenchmarking	DNA17	P5	7.6
364527_403-LP3-16S-0403	SB_must_min80_1month_1	Sample	SamplingBenchmarking	DNA17	P5	4.1
364527_524-LP3-16S-0524	Valais_71	Sample	Valais	DNA38	P6	3.3
364527_525-LP3-16S-0525	Valais_57	Sample	Valais	DNA38	P6	2.4
364527_404-LP3-16S-0404	SB_must_min80_1month_2	Sample	SamplingBenchmarking	DNA17	P5	3.1
364527_526-LP3-16S-0526	Valais_52	Sample	Valais	DNA38	P6	2.8
364527_405-LP3-16S-0405	SB_must_min80_1month_3	Sample	SamplingBenchmarking	DNA17	P5	2.5
364527_531-LP3-16S-0531	Valais_97	Sample	Valais	DNA38	P6	4.6
364527_410-LP3-16S-0410	SB_must_min20_1wk_2	Sample	SamplingBenchmarking	DNA17	P5	1.2
364527_532-LP3-16S-0532	Valais_72	Sample	Valais	DNA38	P6	4.6
364527_411-LP3-16S-0411	SB_must_min20_1wk_3	Sample	SamplingBenchmarking	DNA17	P5	2.6
364527_533-LP3-16S-0533	Valais_53	Sample	Valais	DNA38	P6	5.7
364527_412-LP3-16S-0412	SB_must_min20_1month_1	Sample	SamplingBenchmarking	DNA17	P5	2.5
364527_413-LP3-16S-0413	SB_must_min20_1month_2	Sample	SamplingBenchmarking	DNA17	P5	2.2
364527_527-LP3-16S-0527	Valais_92	Sample	Valais	DNA38	P6	2.6
364527_406-LP3-16S-0406	SB_must_min20_24h_1	Sample	SamplingBenchmarking	DNA17	P5	3.2
364527_528-LP3-16S-0528	Valais_51	Sample	Valais	DNA38	P6	2.1
364527_407-LP3-16S-0407	SB_must_min20_24h_2	Sample	SamplingBenchmarking	DNA17	P5	3.2
364527_529-LP3-16S-0529	Valais_82	Sample	Valais	DNA38	P6	7.2
364527_408-LP3-16S-0408	SB_must_min20_24h_3	Sample	SamplingBenchmarking	DNA17	P5	3.6
364527_530-LP3-16S-0530	Valais_88	Sample	Valais	DNA38	P6	5.7
364527_409-LP3-16S-0409	SB_must_min20_1wk_1	Sample	SamplingBenchmarking	DNA17	P5	5.2
364527_473-LP3-16S-0473	visc_blank_2	Sample	SamplingBenchmarking	DNA17	P5	14.5
364527_469-LP3-16S-0469	visc_min20_1	Sample	SamplingBenchmarking	DNA17	P5	12.2
364527_470-LP3-16S-0470	visc_min20_2	Sample	SamplingBenchmarking	DNA17	P5	7.6
364527_471-LP3-16S-0471	visc_min20_3	Sample	SamplingBenchmarking	DNA17	P5	12.3
364527_472-LP3-16S-0472	visc_blank_1	Sample	SamplingBenchmarking	DNA17	P5	10.5
364527_476-LP3-16S-0476	Grenchen_2022-03-08_2B	Sample	SoilColonialization	DNA16	P5	14.9
364527_355-LP3-16S-0355	Grenchen_2022-10-20_1C	Sample	SoilColonialization	DNA15	P4	6.4
364527_477-LP3-16S-0477	Grenchen_2022-10-20_1B	Sample	SoilColonialization	DNA16	P5	15.7
364527_356-LP3-16S-0356	empty	Sample	NOT-USE	DNA15	P4	3.3
364527_478-LP3-16S-0478	Grenchen_2021-10-13_soil_1C	Sample	SoilColonialization	DNA16	P5	13.8
364527_357-LP3-16S-0357	Grenchen_2022-10-20_1A	Sample	SoilColonialization	DNA15	P4	2.2
364527_479-LP3-16S-0479	Grenchen_2021-10-13_soil_1B	Sample	SoilColonialization	DNA16	P5	14.8
364527_358-LP3-16S-0358	Grenchen_2022-07-02_1B	Sample	SoilColonialization	DNA15	P4	3.0
364527_474-LP3-16S-0474	visc_blank_3	Sample	SamplingBenchmarking	DNA17	P5	14.6
364527_475-LP3-16S-0475	Grenchen_2021-07-21_soil_2C	Sample	SoilColonialization	DNA16	P5	13.5
364527_354-LP3-16S-0354	Grenchen_2022-10-20_2A	Sample	SoilColonialization	DNA15	P4	2.2
364527_462-LP3-16S-0462	must_4deg_3	Sample	SamplingBenchmarking	DNA17	P5	15.2
364527_463-LP3-16S-0463	cotton_blank1	Sample	SamplingBenchmarking	DNA17	P5	12.8
364527_458-LP3-16S-0458	must_min20_2	Sample	SamplingBenchmarking	DNA17	P5	10.9
364527_459-LP3-16S-0459	must_min20_3	Sample	SamplingBenchmarking	DNA17	P5	13.2
364527_460-LP3-16S-0460	must_4deg_1	Sample	SamplingBenchmarking	DNA17	P5	14.8
364527_461-LP3-16S-0461	must_4deg_2	Sample	SamplingBenchmarking	DNA17	P5	13.7
364527_465-LP3-16S-0465	cotton_blank3	Sample	SamplingBenchmarking	DNA17	P5	10.1
364527_466-LP3-16S-0466	visc_4deg_1	Sample	SamplingBenchmarking	DNA17	P5	6.7
364527_467-LP3-16S-0467	visc_4deg_2	Sample	SamplingBenchmarking	DNA17	P5	6.0
364527_468-LP3-16S-0468	visc_4deg_3	Sample	SamplingBenchmarking	DNA17	P5	12.3
364527_464-LP3-16S-0464	cotton_blank2	Sample	SamplingBenchmarking	DNA17	P5	13.3
364527_491-LP3-16S-0491	Valais_9	Sample	Valais	DNA38	P6	3.4
364527_370-LP3-16S-0370	Grenchen_2021-06-11_soil_1B	Sample	SoilColonialization	DNA15	P4	3.6
364527_492-LP3-16S-0492	Valais_13	Sample	Valais	DNA38	P6	4.1
364527_371-LP3-16S-0371	Grenchen_2022-03-08_1C	Sample	SoilColonialization	DNA15	P4	3.5
364527_493-LP3-16S-0493	Valais_14	Sample	Valais	DNA38	P6	2.8
364527_372-LP3-16S-0372	Grenchen_2022-07-02_1A	Sample	SoilColonialization	DNA15	P4	4.5
364527_373-LP3-16S-0373	Grenchen_2021-06-11_soil_2D_ref	Sample	SoilColonialization	DNA15	P4	3.9
364527_498-LP3-16S-0498	Valais_19	Sample	Valais	DNA38	P6	3.6
364527_377-LP3-16S-0377	Grenchen_2022-07-02_2A	Sample	SoilColonialization	DNA15	P4	3.3
364527_499-LP3-16S-0499	Valais_28	Sample	Valais	DNA38	P6	3.6
364527_378-LP3-16S-0378	Grenchen_2021-06-11_soil_1A_ref	Sample	SoilColonialization	DNA15	P4	3.9
364527_500-LP3-16S-0500	Valais_34	Sample	Valais	DNA38	P6	5.1
364527_379-LP3-16S-0379	Grenchen_2021-07-21_soil_2A	Sample	SoilColonialization	DNA15	P4	4.2
364527_501-LP3-16S-0501	Valais_36	Sample	Valais	DNA38	P6	2.7
364527_380-LP3-16S-0380	empty	Sample	NOT-USE	DNA15	P4	4.2
364527_494-LP3-16S-0494	Valais_10	Sample	Valais	DNA38	P6	5.6
364527_495-LP3-16S-0495	Valais_3	Sample	Valais	DNA38	P6	3.7
364527_374-LP3-16S-0374	Grenchen_2021-06-11_soil_1C	Sample	SoilColonialization	DNA15	P4	3.6
364527_496-LP3-16S-0496	Valais_25	Sample	Valais	DNA38	P6	3.9
364527_375-LP3-16S-0375	Grenchen_2021-06-11_soil_2B	Sample	SoilColonialization	DNA15	P4	4.4
364527_497-LP3-16S-0497	Valais_35	Sample	Valais	DNA38	P6	7.3
364527_376-LP3-16S-0376	Grenchen_2022-03-08_2C	Sample	SoilColonialization	DNA15	P4	4.4
364527_363-LP3-16S-0363	Grenchen_2022-07-02_1C	Sample	SoilColonialization	DNA15	P4	3.9
364527_480-LP3-16S-0480	Grenchen_2021-10-13_soil_1A	Sample	SoilColonialization	DNA16	P5	13.7
364527_359-LP3-16S-0359	Erlenbach_2022-08-11_3	Sample	SoilColonialization	DNA15	P4	1.7
364527_481-LP3-16S-0481	Valais_7	Sample	Valais	DNA38	P6	9.0
364527_360-LP3-16S-0360	empty	Sample	NOT-USE	DNA15	P4	4.7
364527_482-LP3-16S-0482	Valais_30	Sample	Valais	DNA38	P6	10.3
364527_361-LP3-16S-0361	Grenchen_2021-07-21_soil_1A	Sample	SoilColonialization	DNA15	P4	3.7
364527_483-LP3-16S-0483	Valais_2	Sample	Valais	DNA38	P6	6.9
364527_362-LP3-16S-0362	Grenchen_2021-07-21_soil_1C	Sample	SoilColonialization	DNA15	P4	3.1
364527_487-LP3-16S-0487	Valais_23	Sample	Valais	DNA38	P6	9.6
364527_366-LP3-16S-0366	Grenchen_2022-03-08_1B	Sample	SoilColonialization	DNA15	P4	4.0
364527_488-LP3-16S-0488	Valais_4	Sample	Valais	DNA38	P6	8.6
364527_367-LP3-16S-0367	Grenchen_2022-03-08_1A	Sample	SoilColonialization	DNA15	P4	3.5
364527_489-LP3-16S-0489	Valais_20	Sample	Valais	DNA38	P6	11.2
364527_368-LP3-16S-0368	Grenchen_2021-06-11_soil_2B_ref	Sample	SoilColonialization	DNA15	P4	3.4
364527_490-LP3-16S-0490	Valais_29	Sample	Valais	DNA38	P6	8.9
364527_369-LP3-16S-0369	Grenchen_2021-06-11_soil_1A	Sample	SoilColonialization	DNA15	P4	3.7
364527_484-LP3-16S-0484	Valais_33	Sample	Valais	DNA38	P6	10.8
364527_485-LP3-16S-0485	Valais_26	Sample	Valais	DNA38	P6	8.2
364527_364-LP3-16S-0364	empty	Sample	NOT-USE	DNA15	P4	3.4
364527_486-LP3-16S-0486	Valais_22	Sample	Valais	DNA38	P6	10.9
364527_365-LP3-16S-0365	empty	Sample	NOT-USE	DNA15	P4	3.1
364527_554-LP3-16S-0554	Valais_62	Sample	Valais	DNA38	P6	9.0
364527_555-LP3-16S-0555	Valais_77	Sample	Valais	DNA38	P6	10.8
364527_556-LP3-16S-0556	Valais_78	Sample	Valais	DNA38	P6	16.8
364527_051-LP3-16S-0051	Lavaux_2021-09-30_must_Plot15_Row2/Vine11_ID120	Sample	Lavaux	DNA11	P1	3.1
364527_052-LP3-16S-0052	Lavaux_2021-09-30_must_Plot14_Row7/Vine8_ID108	Sample	Lavaux	DNA11	P1	3.0
364527_053-LP3-16S-0053	Lavaux_2021-09-30_must_Plot20_Row4/Vine10_ID202	Sample	Lavaux	DNA11	P1	3.6
364527_572-LP3-16S-0572	MV_Post-MLF_Plot5_2023-12-11	Sample	Lavaux	DNA38	P6	14.5
364527_573-LP3-16S-0573	MV_Must_Plot19_2023-09-23	Sample	Lavaux	DNA38	P6	14.2
364527_568-LP3-16S-0568	MV_Post-AF_Plot13_2023-10-11	Sample	Lavaux	DNA38	P6	9.4
364527_569-LP3-16S-0569	MV_Must_Plot13_2023-09-23	Sample	Lavaux	DNA38	P6	14.5
364527_570-LP3-16S-0570	MV_Post-MLF_Plot13_2023-12-11	Sample	Lavaux	DNA38	P6	15.8
364527_571-LP3-16S-0571	MV_Post-MLF_Plot9_2023-12-11	Sample	Lavaux	DNA38	P6	11.6
364527_575-LP3-16S-0575	MV_Must_Plot14_2023-09-23	Sample	Lavaux	DNA38	P6	11.8
364527_454-LP3-16S-0454	cotton_tips_2	Sample	SamplingBenchmarking	DNA17	P5	2.6
364527_576-LP3-16S-0576	DNA38_PosCtrl	PosCtrl	Lavaux	DNA38	P6	17.4
364527_455-LP3-16S-0455	cotton_tips_3	Sample	SamplingBenchmarking	DNA17	P5	2.3
364527_456-LP3-16S-0456	DNA17_NegCtrl	NegCtrl	SamplingBenchmarking	DNA17	P5	12.8
364527_457-LP3-16S-0457	must_min20_1	Sample	SamplingBenchmarking	DNA17	P5	12.9
364527_574-LP3-16S-0574	MV_Post-AF_Plot12_2023-10-11	Sample	Lavaux	DNA38	P6	13.6
364527_561-LP3-16S-0561	Valais_56	Sample	Valais	DNA38	P6	10.6
364527_562-LP3-16S-0562	Valais_75	Sample	Valais	DNA38	P6	14.5
364527_563-LP3-16S-0563	Valais_84	Sample	Valais	DNA38	P6	6.1
364527_557-LP3-16S-0557	Valais_67	Sample	Valais	DNA38	P6	13.5
364527_558-LP3-16S-0558	Valais_64	Sample	Valais	DNA38	P6	14.2
364527_559-LP3-16S-0559	Valais_93	Sample	Valais	DNA38	P6	13.1
364527_560-LP3-16S-0560	Valais_98	Sample	Valais	DNA38	P6	12.1
364527_564-LP3-16S-0564	Valais_94	Sample	Valais	DNA38	P6	12.4
364527_565-LP3-16S-0565	Valais_80	Sample	Valais	DNA38	P6	12.3
364527_566-LP3-16S-0566	DNA38_NegCtrl	NegCtrl	Valais	DNA38	P6	8.3
364527_567-LP3-16S-0567	MV_Post-MLF_Plot4_2023-12-11	Sample	Lavaux	DNA38	P6	9.8
