id	SAMPLE_NAME	Collection_ID	Plot_ID	COLLECTION_DATE	Time_point	Year	Year_Cat	Quadrant	Cluster	Plot_PCA_kMeans_Cluster	Plot_Rep	Plot_No	Date	Brix_degree	Tartrate_gL	Malate_gL	Glucose_gL	Fructose_gL
364526_309-LP3-ITS-0885	Lavaux_2021-08-31_must_Plot4	Veraison_2021	Lavaux_Plot_4	2021-08-31 00:00:00 +0200	Veraison	2021	Year2021	NW	Cluster3	Cluster1	4	4	2021-08-31	13.0				
364526_308-LP3-ITS-0884	Lavaux_2021-08-31_must_Plot5	Veraison_2021	Lavaux_Plot_5	2021-08-31 00:00:00 +0200	Veraison	2021	Year2021	SW	Cluster3	Cluster3	5	5	2021-08-31	14.0				
364526_310-LP3-ITS-0886	Lavaux_2021-08-31_must_Plot9	Veraison_2021	Lavaux_Plot_9	2021-08-31 00:00:00 +0200	Veraison	2021	Year2021	NE	Cluster3	Cluster2	9	9	2021-08-31	13.5				
364526_317-LP3-ITS-0893	Lavaux_2021-08-31_must_Plot11	Veraison_2021	Lavaux_Plot_11	2021-08-31 00:00:00 +0200	Veraison	2021	Year2021	NW	Cluster3	Cluster1	11	11	2021-08-31	10.8				
364526_316-LP3-ITS-0892	Lavaux_2021-08-31_must_Plot12	Veraison_2021	Lavaux_Plot_12	2021-08-31 00:00:00 +0200	Veraison	2021	Year2021	NW	Cluster1	Cluster1	12	12	2021-08-31	12.8				
364526_313-LP3-ITS-0889	Lavaux_2021-08-31_must_Plot13	Veraison_2021	Lavaux_Plot_13	2021-08-31 00:00:00 +0200	Veraison	2021	Year2021	NW	Cluster3	Cluster1	13	13	2021-08-31	14.6				
364526_315-LP3-ITS-0891	Lavaux_2021-08-31_must_Plot14	Veraison_2021	Lavaux_Plot_14	2021-08-31 00:00:00 +0200	Veraison	2021	Year2021	NW	Cluster3	Cluster3	14	14	2021-08-31	14.0				
364526_312-LP3-ITS-0888	Lavaux_2021-08-31_must_Plot15	Veraison_2021	Lavaux_Plot_15	2021-08-31 00:00:00 +0200	Veraison	2021	Year2021	NW	Cluster1	Cluster1	15	15	2021-08-31	11.0				
364526_318-LP3-ITS-0894	Lavaux_2021-08-31_must_Plot18	Veraison_2021	Lavaux_Plot_18	2021-08-31 00:00:00 +0200	Veraison	2021	Year2021	SE	Cluster2	Cluster3	18	18	2021-08-31	13.0				
364526_314-LP3-ITS-0890	Lavaux_2021-08-31_must_Plot19	Veraison_2021	Lavaux_Plot_19	2021-08-31 00:00:00 +0200	Veraison	2021	Year2021	SE	Cluster2	Cluster2	19	19	2021-08-31	12.8				
364526_311-LP3-ITS-0887	Lavaux_2021-08-31_must_Plot20	Veraison_2021	Lavaux_Plot_20	2021-08-31 00:00:00 +0200	Veraison	2021	Year2021	SE	Cluster2	Cluster4	20	20	2021-08-31	11.8				
364526_307-LP3-ITS-0883	Lavaux_2021-08-31_must_Plot17	Veraison_2021	Lavaux_Plot_17	2021-08-31 00:00:00 +0200	Veraison	2021	Year2021	SE	Cluster2	Cluster3	17	17	2021-08-31	13.0				
364525_027-LP3-ITS-0027	Lavaux_2021-09-30_must_Plot4_Row6/Vine10_ID1	Harvest_2021	Lavaux_Plot_4	2021-09-30 00:00:00 +0200	Harvest	2021	Year2021	NW	Cluster3	Cluster1	4	4	2021-09-30		1.2926	1.3541	18.1849	19.5492
364525_048-LP3-ITS-0048	Lavaux_2021-09-30_must_Plot4_Row6/Vine30_ID2	Harvest_2021	Lavaux_Plot_4	2021-09-30 00:00:00 +0200	Harvest	2021	Year2021	NW	Cluster3	Cluster1	4	4	2021-09-30		1.2926	1.3541	18.1849	19.5492
364525_166-LP3-ITS-0166	Lavaux_2021-09-30_must_Plot4_Row7/Vine20_ID3	Harvest_2021	Lavaux_Plot_4	2021-09-30 00:00:00 +0200	Harvest	2021	Year2021	NW	Cluster3	Cluster1	4	4	2021-09-30		1.2926	1.3541	18.1849	19.5492
364525_019-LP3-ITS-0019	Lavaux_2021-09-30_must_Plot4_Row8/Vine10_ID4	Harvest_2021	Lavaux_Plot_4	2021-09-30 00:00:00 +0200	Harvest	2021	Year2021	NW	Cluster3	Cluster1	4	4	2021-09-30		1.2926	1.3541	18.1849	19.5492
364525_075-LP3-ITS-0075	Lavaux_2021-09-30_must_Plot4_Row8/Vine30_ID5	Harvest_2021	Lavaux_Plot_4	2021-09-30 00:00:00 +0200	Harvest	2021	Year2021	NW	Cluster3	Cluster1	4	4	2021-09-30		1.2926	1.3541	18.1849	19.5492
364525_001-LP3-ITS-0001	Lavaux_2021-09-30_must_Plot4_Row9/Vine20_ID6	Harvest_2021	Lavaux_Plot_4	2021-09-30 00:00:00 +0200	Harvest	2021	Year2021	NW	Cluster3	Cluster1	4	4	2021-09-30		1.2926	1.3541	18.1849	19.5492
364525_017-LP3-ITS-0017	Lavaux_2021-09-30_must_Plot4_Row10/Vine10_ID7	Harvest_2021	Lavaux_Plot_4	2021-09-30 00:00:00 +0200	Harvest	2021	Year2021	NW	Cluster3	Cluster1	4	4	2021-09-30		1.2926	1.3541	18.1849	19.5492
364526_326-LP3-ITS-0902	Lavaux_2021-09-30_must_Plot4_Row10/Vine30_ID8	Harvest_2021	Lavaux_Plot_4	2021-09-30 00:00:00 +0200	Harvest	2021	Year2021	NW	Cluster3	Cluster1	4	4	2021-09-30		1.2926	1.3541	18.1849	19.5492
364525_026-LP3-ITS-0026	Lavaux_2021-09-30_must_Plot4_Row11/Vine20_ID9	Harvest_2021	Lavaux_Plot_4	2021-09-30 00:00:00 +0200	Harvest	2021	Year2021	NW	Cluster3	Cluster1	4	4	2021-09-30		1.2926	1.3541	18.1849	19.5492
364525_172-LP3-ITS-0172	Lavaux_2021-09-30_must_Plot4_Row12/Vine10_ID10	Harvest_2021	Lavaux_Plot_4	2021-09-30 00:00:00 +0200	Harvest	2021	Year2021	NW	Cluster3	Cluster1	4	4	2021-09-30		1.2926	1.3541	18.1849	19.5492
364525_247-LP3-ITS-0247	Lavaux_2021-09-30_must_Plot4_Row12/Vine30_ID11	Harvest_2021	Lavaux_Plot_4	2021-09-30 00:00:00 +0200	Harvest	2021	Year2021	NW	Cluster3	Cluster1	4	4	2021-09-30		1.2926	1.3541	18.1849	19.5492
364525_165-LP3-ITS-0165	Lavaux_2021-09-30_must_Plot4_Row13/Vine20_ID12	Harvest_2021	Lavaux_Plot_4	2021-09-30 00:00:00 +0200	Harvest	2021	Year2021	NW	Cluster3	Cluster1	4	4	2021-09-30		1.2926	1.3541	18.1849	19.5492
364525_068-LP3-ITS-0068	Lavaux_2021-09-30_must_Plot4_Row14/Vine10_ID13	Harvest_2021	Lavaux_Plot_4	2021-09-30 00:00:00 +0200	Harvest	2021	Year2021	NW	Cluster3	Cluster1	4	4	2021-09-30		1.2926	1.3541	18.1849	19.5492
364525_144-LP3-ITS-0144	Lavaux_2021-09-30_must_Plot4_Row14/Vine30_ID14	Harvest_2021	Lavaux_Plot_4	2021-09-30 00:00:00 +0200	Harvest	2021	Year2021	NW	Cluster3	Cluster1	4	4	2021-09-30		1.2926	1.3541	18.1849	19.5492
364525_174-LP3-ITS-0174	Lavaux_2021-09-30_must_Plot4_Row15/Vine20_ID15	Harvest_2021	Lavaux_Plot_4	2021-09-30 00:00:00 +0200	Harvest	2021	Year2021	NW	Cluster3	Cluster1	4	4	2021-09-30		1.2926	1.3541	18.1849	19.5492
364525_057-LP3-ITS-0057	Lavaux_2021-09-30_must_Plot4_Row16/Vine10_ID16	Harvest_2021	Lavaux_Plot_4	2021-09-30 00:00:00 +0200	Harvest	2021	Year2021	NW	Cluster3	Cluster1	4	4	2021-09-30		1.2926	1.3541	18.1849	19.5492
364525_034-LP3-ITS-0034	Lavaux_2021-09-30_must_Plot4_Row16/Vine30_ID17	Harvest_2021	Lavaux_Plot_4	2021-09-30 00:00:00 +0200	Harvest	2021	Year2021	NW	Cluster3	Cluster1	4	4	2021-09-30		1.2926	1.3541	18.1849	19.5492
364525_155-LP3-ITS-0155	Lavaux_2021-09-30_must_Plot4_Row17/Vine20_ID18	Harvest_2021	Lavaux_Plot_4	2021-09-30 00:00:00 +0200	Harvest	2021	Year2021	NW	Cluster3	Cluster1	4	4	2021-09-30		1.2926	1.3541	18.1849	19.5492
364525_139-LP3-ITS-0139	Lavaux_2021-09-30_must_Plot4_Row18/Vine10_ID19	Harvest_2021	Lavaux_Plot_4	2021-09-30 00:00:00 +0200	Harvest	2021	Year2021	NW	Cluster3	Cluster1	4	4	2021-09-30		1.2926	1.3541	18.1849	19.5492
364526_332-LP3-ITS-0908	Lavaux_2021-09-30_must_Plot4_Row18/Vine30_ID20	Harvest_2021	Lavaux_Plot_4	2021-09-30 00:00:00 +0200	Harvest	2021	Year2021	NW	Cluster3	Cluster1	4	4	2021-09-30		1.2926	1.3541	18.1849	19.5492
364525_210-LP3-ITS-0210	Lavaux_2021-09-30_must_Plot4_Row19/Vine20_ID21	Harvest_2021	Lavaux_Plot_4	2021-09-30 00:00:00 +0200	Harvest	2021	Year2021	NW	Cluster3	Cluster1	4	4	2021-09-30		1.2926	1.3541	18.1849	19.5492
364525_159-LP3-ITS-0159	Lavaux_2021-09-30_must_Plot4_Row20/Vine10_ID22	Harvest_2021	Lavaux_Plot_4	2021-09-30 00:00:00 +0200	Harvest	2021	Year2021	NW	Cluster3	Cluster1	4	4	2021-09-30		1.2926	1.3541	18.1849	19.5492
364525_018-LP3-ITS-0018	Lavaux_2021-09-30_must_Plot4_Row20/Vine30_ID23	Harvest_2021	Lavaux_Plot_4	2021-09-30 00:00:00 +0200	Harvest	2021	Year2021	NW	Cluster3	Cluster1	4	4	2021-09-30		1.2926	1.3541	18.1849	19.5492
364525_058-LP3-ITS-0058	Lavaux_2021-09-30_must_Plot4_Row21/Vine20_ID24	Harvest_2021	Lavaux_Plot_4	2021-09-30 00:00:00 +0200	Harvest	2021	Year2021	NW	Cluster3	Cluster1	4	4	2021-09-30		1.2926	1.3541	18.1849	19.5492
364525_067-LP3-ITS-0067	Lavaux_2021-09-30_must_Plot5_Row2/Vine10_ID25	Harvest_2021	Lavaux_Plot_5	2021-09-30 00:00:00 +0200	Harvest	2021	Year2021	SW	Cluster3	Cluster3	5	5	2021-09-30		1.3313	0.5027	20.4215	22.476
364525_008-LP3-ITS-0008	Lavaux_2021-09-30_must_Plot5_Row2/Vine30_ID26	Harvest_2021	Lavaux_Plot_5	2021-09-30 00:00:00 +0200	Harvest	2021	Year2021	SW	Cluster3	Cluster3	5	5	2021-09-30		1.3313	0.5027	20.4215	22.476
364525_153-LP3-ITS-0153	Lavaux_2021-09-30_must_Plot5_Row2/Vine50_ID27	Harvest_2021	Lavaux_Plot_5	2021-09-30 00:00:00 +0200	Harvest	2021	Year2021	SW	Cluster3	Cluster3	5	5	2021-09-30		1.3313	0.5027	20.4215	22.476
364525_131-LP3-ITS-0131	Lavaux_2021-09-30_must_Plot5_Row3/Vine20_ID28	Harvest_2021	Lavaux_Plot_5	2021-09-30 00:00:00 +0200	Harvest	2021	Year2021	SW	Cluster3	Cluster3	5	5	2021-09-30		1.3313	0.5027	20.4215	22.476
364525_033-LP3-ITS-0033	Lavaux_2021-09-30_must_Plot5_Row3/Vine40_ID29	Harvest_2021	Lavaux_Plot_5	2021-09-30 00:00:00 +0200	Harvest	2021	Year2021	SW	Cluster3	Cluster3	5	5	2021-09-30		1.3313	0.5027	20.4215	22.476
364525_038-LP3-ITS-0038	Lavaux_2021-09-30_must_Plot5_Row4/Vine10_ID30	Harvest_2021	Lavaux_Plot_5	2021-09-30 00:00:00 +0200	Harvest	2021	Year2021	SW	Cluster3	Cluster3	5	5	2021-09-30		1.3313	0.5027	20.4215	22.476
364525_134-LP3-ITS-0134	Lavaux_2021-09-30_must_Plot5_Row4/Vine31_ID31	Harvest_2021	Lavaux_Plot_5	2021-09-30 00:00:00 +0200	Harvest	2021	Year2021	SW	Cluster3	Cluster3	5	5	2021-09-30		1.3313	0.5027	20.4215	22.476
364525_037-LP3-ITS-0037	Lavaux_2021-09-30_must_Plot5_Row4/Vine50_ID32	Harvest_2021	Lavaux_Plot_5	2021-09-30 00:00:00 +0200	Harvest	2021	Year2021	SW	Cluster3	Cluster3	5	5	2021-09-30		1.3313	0.5027	20.4215	22.476
364525_054-LP3-ITS-0054	Lavaux_2021-09-30_must_Plot5_Row5/Vine20_ID33	Harvest_2021	Lavaux_Plot_5	2021-09-30 00:00:00 +0200	Harvest	2021	Year2021	SW	Cluster3	Cluster3	5	5	2021-09-30		1.3313	0.5027	20.4215	22.476
364525_059-LP3-ITS-0059	Lavaux_2021-09-30_must_Plot5_Row5/Vine41_ID34	Harvest_2021	Lavaux_Plot_5	2021-09-30 00:00:00 +0200	Harvest	2021	Year2021	SW	Cluster3	Cluster3	5	5	2021-09-30		1.3313	0.5027	20.4215	22.476
364525_250-LP3-ITS-0250	Lavaux_2021-09-30_must_Plot5_Row6/Vine12_ID35	Harvest_2021	Lavaux_Plot_5	2021-09-30 00:00:00 +0200	Harvest	2021	Year2021	SW	Cluster3	Cluster3	5	5	2021-09-30		1.3313	0.5027	20.4215	22.476
364525_066-LP3-ITS-0066	Lavaux_2021-09-30_must_Plot5_Row6/Vine20_ID36	Harvest_2021	Lavaux_Plot_5	2021-09-30 00:00:00 +0200	Harvest	2021	Year2021	SW	Cluster3	Cluster3	5	5	2021-09-30		1.3313	0.5027	20.4215	22.476
364525_004-LP3-ITS-0004	Lavaux_2021-09-30_must_Plot5_Row6/Vine30_ID37b	Harvest_2021	Lavaux_Plot_5	2021-09-30 00:00:00 +0200	Harvest	2021	Year2021	SW	Cluster3	Cluster3	5	5	2021-09-30		1.3313	0.5027	20.4215	22.476
364526_340-LP3-ITS-0916	Lavaux_2021-09-30_must_Plot9_Row2/Vine10_ID38	Harvest_2021	Lavaux_Plot_9	2021-09-30 00:00:00 +0200	Harvest	2021	Year2021	NE	Cluster3	Cluster2	9	9	2021-09-30		1.6124	0.6895	20.1697	21.7695
364525_132-LP3-ITS-0132	Lavaux_2021-09-30_must_Plot9_Row3/Vine20_ID39	Harvest_2021	Lavaux_Plot_9	2021-09-30 00:00:00 +0200	Harvest	2021	Year2021	NE	Cluster3	Cluster2	9	9	2021-09-30		1.6124	0.6895	20.1697	21.7695
364525_106-LP3-ITS-0106	Lavaux_2021-09-30_must_Plot9_Row4/Vine10_ID40	Harvest_2021	Lavaux_Plot_9	2021-09-30 00:00:00 +0200	Harvest	2021	Year2021	NE	Cluster3	Cluster2	9	9	2021-09-30		1.6124	0.6895	20.1697	21.7695
364525_100-LP3-ITS-0100	Lavaux_2021-09-30_must_Plot9_Row4/Vine30_ID41	Harvest_2021	Lavaux_Plot_9	2021-09-30 00:00:00 +0200	Harvest	2021	Year2021	NE	Cluster3	Cluster2	9	9	2021-09-30		1.6124	0.6895	20.1697	21.7695
364525_249-LP3-ITS-0249	Lavaux_2021-09-30_must_Plot9_Row5/Vine20_ID42	Harvest_2021	Lavaux_Plot_9	2021-09-30 00:00:00 +0200	Harvest	2021	Year2021	NE	Cluster3	Cluster2	9	9	2021-09-30		1.6124	0.6895	20.1697	21.7695
364525_108-LP3-ITS-0108	Lavaux_2021-09-30_must_Plot9_Row5/Vine40_ID43	Harvest_2021	Lavaux_Plot_9	2021-09-30 00:00:00 +0200	Harvest	2021	Year2021	NE	Cluster3	Cluster2	9	9	2021-09-30		1.6124	0.6895	20.1697	21.7695
364525_157-LP3-ITS-0157	Lavaux_2021-09-30_must_Plot9_Row6/Vine10_ID44	Harvest_2021	Lavaux_Plot_9	2021-09-30 00:00:00 +0200	Harvest	2021	Year2021	NE	Cluster3	Cluster2	9	9	2021-09-30		1.6124	0.6895	20.1697	21.7695
364525_136-LP3-ITS-0136	Lavaux_2021-09-30_must_Plot9_Row6/Vine30_ID45	Harvest_2021	Lavaux_Plot_9	2021-09-30 00:00:00 +0200	Harvest	2021	Year2021	NE	Cluster3	Cluster2	9	9	2021-09-30		1.6124	0.6895	20.1697	21.7695
364525_233-LP3-ITS-0233	Lavaux_2021-09-30_must_Plot9_Row7/Vine20_ID46	Harvest_2021	Lavaux_Plot_9	2021-09-30 00:00:00 +0200	Harvest	2021	Year2021	NE	Cluster3	Cluster2	9	9	2021-09-30		1.6124	0.6895	20.1697	21.7695
364525_138-LP3-ITS-0138	Lavaux_2021-09-30_must_Plot9_Row7/Vine40_ID47	Harvest_2021	Lavaux_Plot_9	2021-09-30 00:00:00 +0200	Harvest	2021	Year2021	NE	Cluster3	Cluster2	9	9	2021-09-30		1.6124	0.6895	20.1697	21.7695
364525_150-LP3-ITS-0150	Lavaux_2021-09-30_must_Plot9_Row8/Vine10_ID48	Harvest_2021	Lavaux_Plot_9	2021-09-30 00:00:00 +0200	Harvest	2021	Year2021	NE	Cluster3	Cluster2	9	9	2021-09-30		1.6124	0.6895	20.1697	21.7695
364525_073-LP3-ITS-0073	Lavaux_2021-09-30_must_Plot9_Row8/Vine30_ID49	Harvest_2021	Lavaux_Plot_9	2021-09-30 00:00:00 +0200	Harvest	2021	Year2021	NE	Cluster3	Cluster2	9	9	2021-09-30		1.6124	0.6895	20.1697	21.7695
364525_084-LP3-ITS-0084	Lavaux_2021-09-30_must_Plot9_Row9/Vine20_ID50	Harvest_2021	Lavaux_Plot_9	2021-09-30 00:00:00 +0200	Harvest	2021	Year2021	NE	Cluster3	Cluster2	9	9	2021-09-30		1.6124	0.6895	20.1697	21.7695
364525_009-LP3-ITS-0009	Lavaux_2021-09-30_must_Plot9_Row9/Vine40_ID51	Harvest_2021	Lavaux_Plot_9	2021-09-30 00:00:00 +0200	Harvest	2021	Year2021	NE	Cluster3	Cluster2	9	9	2021-09-30		1.6124	0.6895	20.1697	21.7695
364525_137-LP3-ITS-0137	Lavaux_2021-09-30_must_Plot9_Row10/Vine10_ID52	Harvest_2021	Lavaux_Plot_9	2021-09-30 00:00:00 +0200	Harvest	2021	Year2021	NE	Cluster3	Cluster2	9	9	2021-09-30		1.6124	0.6895	20.1697	21.7695
364526_341-LP3-ITS-0917	Lavaux_2021-09-30_must_Plot9_Row10/Vine31_ID53	Harvest_2021	Lavaux_Plot_9	2021-09-30 00:00:00 +0200	Harvest	2021	Year2021	NE	Cluster3	Cluster2	9	9	2021-09-30		1.6124	0.6895	20.1697	21.7695
364526_339-LP3-ITS-0915	Lavaux_2021-09-30_must_Plot9_Row11/Vine22_ID54	Harvest_2021	Lavaux_Plot_9	2021-09-30 00:00:00 +0200	Harvest	2021	Year2021	NE	Cluster3	Cluster2	9	9	2021-09-30		1.6124	0.6895	20.1697	21.7695
364525_039-LP3-ITS-0039	Lavaux_2021-09-30_must_Plot9_Row11/Vine40_ID55	Harvest_2021	Lavaux_Plot_9	2021-09-30 00:00:00 +0200	Harvest	2021	Year2021	NE	Cluster3	Cluster2	9	9	2021-09-30		1.6124	0.6895	20.1697	21.7695
364525_020-LP3-ITS-0020	Lavaux_2021-09-30_must_Plot11_Row2/Vine10_ID56	Harvest_2021	Lavaux_Plot_11	2021-09-30 00:00:00 +0200	Harvest	2021	Year2021	NW	Cluster3	Cluster1	11	11	2021-09-30		1.2153	0.6821	17.0151	18.2298
364525_177-LP3-ITS-0177	Lavaux_2021-09-30_must_Plot11_Row2/Vine31_ID57	Harvest_2021	Lavaux_Plot_11	2021-09-30 00:00:00 +0200	Harvest	2021	Year2021	NW	Cluster3	Cluster1	11	11	2021-09-30		1.2153	0.6821	17.0151	18.2298
364525_161-LP3-ITS-0161	Lavaux_2021-09-30_must_Plot11_Row2/Vine51_ID58	Harvest_2021	Lavaux_Plot_11	2021-09-30 00:00:00 +0200	Harvest	2021	Year2021	NW	Cluster3	Cluster1	11	11	2021-09-30		1.2153	0.6821	17.0151	18.2298
364525_179-LP3-ITS-0179	Lavaux_2021-09-30_must_Plot11_Row3/Vine19_ID59	Harvest_2021	Lavaux_Plot_11	2021-09-30 00:00:00 +0200	Harvest	2021	Year2021	NW	Cluster3	Cluster1	11	11	2021-09-30		1.2153	0.6821	17.0151	18.2298
364525_225-LP3-ITS-0225	Lavaux_2021-09-30_must_Plot11_Row3/Vine40_ID60	Harvest_2021	Lavaux_Plot_11	2021-09-30 00:00:00 +0200	Harvest	2021	Year2021	NW	Cluster3	Cluster1	11	11	2021-09-30		1.2153	0.6821	17.0151	18.2298
364525_258-LP3-ITS-0258	Lavaux_2021-09-30_must_Plot11_Row4/Vine10_ID61	Harvest_2021	Lavaux_Plot_11	2021-09-30 00:00:00 +0200	Harvest	2021	Year2021	NW	Cluster3	Cluster1	11	11	2021-09-30		1.2153	0.6821	17.0151	18.2298
364525_145-LP3-ITS-0145	Lavaux_2021-09-30_must_Plot11_Row4/Vine32_ID62	Harvest_2021	Lavaux_Plot_11	2021-09-30 00:00:00 +0200	Harvest	2021	Year2021	NW	Cluster3	Cluster1	11	11	2021-09-30		1.2153	0.6821	17.0151	18.2298
364525_194-LP3-ITS-0194	Lavaux_2021-09-30_must_Plot11_Row4/Vine50_ID63	Harvest_2021	Lavaux_Plot_11	2021-09-30 00:00:00 +0200	Harvest	2021	Year2021	NW	Cluster3	Cluster1	11	11	2021-09-30		1.2153	0.6821	17.0151	18.2298
364525_257-LP3-ITS-0257	Lavaux_2021-09-30_must_Plot11_Row5/Vine19_ID64	Harvest_2021	Lavaux_Plot_11	2021-09-30 00:00:00 +0200	Harvest	2021	Year2021	NW	Cluster3	Cluster1	11	11	2021-09-30		1.2153	0.6821	17.0151	18.2298
364525_218-LP3-ITS-0218	Lavaux_2021-09-30_must_Plot11_Row5/Vine41_ID65	Harvest_2021	Lavaux_Plot_11	2021-09-30 00:00:00 +0200	Harvest	2021	Year2021	NW	Cluster3	Cluster1	11	11	2021-09-30		1.2153	0.6821	17.0151	18.2298
364525_005-LP3-ITS-0005	Lavaux_2021-09-30_must_Plot11_Row6/Vine22_ID66	Harvest_2021	Lavaux_Plot_11	2021-09-30 00:00:00 +0200	Harvest	2021	Year2021	NW	Cluster3	Cluster1	11	11	2021-09-30		1.2153	0.6821	17.0151	18.2298
364525_127-LP3-ITS-0127	Lavaux_2021-09-30_must_Plot11_Row6/Vine40_ID67	Harvest_2021	Lavaux_Plot_11	2021-09-30 00:00:00 +0200	Harvest	2021	Year2021	NW	Cluster3	Cluster1	11	11	2021-09-30		1.2153	0.6821	17.0151	18.2298
364525_082-LP3-ITS-0082	Lavaux_2021-09-30_must_Plot11_Row7/Vine15_ID68	Harvest_2021	Lavaux_Plot_11	2021-09-30 00:00:00 +0200	Harvest	2021	Year2021	NW	Cluster3	Cluster1	11	11	2021-09-30		1.2153	0.6821	17.0151	18.2298
364525_154-LP3-ITS-0154	Lavaux_2021-09-30_must_Plot11_Row7/Vine30_ID69	Harvest_2021	Lavaux_Plot_11	2021-09-30 00:00:00 +0200	Harvest	2021	Year2021	NW	Cluster3	Cluster1	11	11	2021-09-30		1.2153	0.6821	17.0151	18.2298
364525_162-LP3-ITS-0162	Lavaux_2021-09-30_must_Plot11_Row7/Vine50_ID70	Harvest_2021	Lavaux_Plot_11	2021-09-30 00:00:00 +0200	Harvest	2021	Year2021	NW	Cluster3	Cluster1	11	11	2021-09-30		1.2153	0.6821	17.0151	18.2298
364526_336-LP3-ITS-0912	Lavaux_2021-09-30_must_Plot11_Row8/Vine11_ID71	Harvest_2021	Lavaux_Plot_11	2021-09-30 00:00:00 +0200	Harvest	2021	Year2021	NW	Cluster3	Cluster1	11	11	2021-09-30		1.2153	0.6821	17.0151	18.2298
364525_217-LP3-ITS-0217	Lavaux_2021-09-30_must_Plot11_Row8/Vine30_ID72	Harvest_2021	Lavaux_Plot_11	2021-09-30 00:00:00 +0200	Harvest	2021	Year2021	NW	Cluster3	Cluster1	11	11	2021-09-30		1.2153	0.6821	17.0151	18.2298
364525_163-LP3-ITS-0163	Lavaux_2021-09-30_must_Plot11_Row8/Vine50_ID73	Harvest_2021	Lavaux_Plot_11	2021-09-30 00:00:00 +0200	Harvest	2021	Year2021	NW	Cluster3	Cluster1	11	11	2021-09-30		1.2153	0.6821	17.0151	18.2298
364525_041-LP3-ITS-0041	Lavaux_2021-09-30_must_Plot11_Row9/Vine20_ID74	Harvest_2021	Lavaux_Plot_11	2021-09-30 00:00:00 +0200	Harvest	2021	Year2021	NW	Cluster3	Cluster1	11	11	2021-09-30		1.2153	0.6821	17.0151	18.2298
364525_160-LP3-ITS-0160	Lavaux_2021-09-30_must_Plot11_Row9/Vine40_ID75	Harvest_2021	Lavaux_Plot_11	2021-09-30 00:00:00 +0200	Harvest	2021	Year2021	NW	Cluster3	Cluster1	11	11	2021-09-30		1.2153	0.6821	17.0151	18.2298
364525_169-LP3-ITS-0169	Lavaux_2021-09-30_must_Plot12_Row2/Vine10_ID76	Harvest_2021	Lavaux_Plot_12	2021-09-30 00:00:00 +0200	Harvest	2021	Year2021	NW	Cluster1	Cluster1	12	12	2021-09-30		1.0209	0.7391	18.9853	20.8649
364525_118-LP3-ITS-0118	Lavaux_2021-09-30_must_Plot12_Row2/Vine30_ID77	Harvest_2021	Lavaux_Plot_12	2021-09-30 00:00:00 +0200	Harvest	2021	Year2021	NW	Cluster1	Cluster1	12	12	2021-09-30		1.0209	0.7391	18.9853	20.8649
364525_028-LP3-ITS-0028	Lavaux_2021-09-30_must_Plot12_Row2/Vine50_ID78	Harvest_2021	Lavaux_Plot_12	2021-09-30 00:00:00 +0200	Harvest	2021	Year2021	NW	Cluster1	Cluster1	12	12	2021-09-30		1.0209	0.7391	18.9853	20.8649
364525_110-LP3-ITS-0110	Lavaux_2021-09-30_must_Plot12_Row3/Vine41_ID80	Harvest_2021	Lavaux_Plot_12	2021-09-30 00:00:00 +0200	Harvest	2021	Year2021	NW	Cluster1	Cluster1	12	12	2021-09-30		1.0209	0.7391	18.9853	20.8649
364525_141-LP3-ITS-0141	Lavaux_2021-09-30_must_Plot12_Row3/Vine60_ID81	Harvest_2021	Lavaux_Plot_12	2021-09-30 00:00:00 +0200	Harvest	2021	Year2021	NW	Cluster1	Cluster1	12	12	2021-09-30		1.0209	0.7391	18.9853	20.8649
364525_069-LP3-ITS-0069	Lavaux_2021-09-30_must_Plot12_Row4/Vine10_ID82	Harvest_2021	Lavaux_Plot_12	2021-09-30 00:00:00 +0200	Harvest	2021	Year2021	NW	Cluster1	Cluster1	12	12	2021-09-30		1.0209	0.7391	18.9853	20.8649
364525_012-LP3-ITS-0012	Lavaux_2021-09-30_must_Plot12_Row4/Vine30_ID83	Harvest_2021	Lavaux_Plot_12	2021-09-30 00:00:00 +0200	Harvest	2021	Year2021	NW	Cluster1	Cluster1	12	12	2021-09-30		1.0209	0.7391	18.9853	20.8649
364525_094-LP3-ITS-0094	Lavaux_2021-09-30_must_Plot12_Row4/Vine50_ID84	Harvest_2021	Lavaux_Plot_12	2021-09-30 00:00:00 +0200	Harvest	2021	Year2021	NW	Cluster1	Cluster1	12	12	2021-09-30		1.0209	0.7391	18.9853	20.8649
364525_164-LP3-ITS-0164	Lavaux_2021-09-30_must_Plot12_Row5/Vine20_ID85	Harvest_2021	Lavaux_Plot_12	2021-09-30 00:00:00 +0200	Harvest	2021	Year2021	NW	Cluster1	Cluster1	12	12	2021-09-30		1.0209	0.7391	18.9853	20.8649
364525_209-LP3-ITS-0209	Lavaux_2021-09-30_must_Plot12_Row5/Vine40_ID86	Harvest_2021	Lavaux_Plot_12	2021-09-30 00:00:00 +0200	Harvest	2021	Year2021	NW	Cluster1	Cluster1	12	12	2021-09-30		1.0209	0.7391	18.9853	20.8649
364525_182-LP3-ITS-0182	Lavaux_2021-09-30_must_Plot12_Row5/Vine60_ID87	Harvest_2021	Lavaux_Plot_12	2021-09-30 00:00:00 +0200	Harvest	2021	Year2021	NW	Cluster1	Cluster1	12	12	2021-09-30		1.0209	0.7391	18.9853	20.8649
364525_092-LP3-ITS-0092	Lavaux_2021-09-30_must_Plot12_Row6/Vine11_ID88	Harvest_2021	Lavaux_Plot_12	2021-09-30 00:00:00 +0200	Harvest	2021	Year2021	NW	Cluster1	Cluster1	12	12	2021-09-30		1.0209	0.7391	18.9853	20.8649
364525_111-LP3-ITS-0111	Lavaux_2021-09-30_must_Plot12_Row6/Vine31_ID89	Harvest_2021	Lavaux_Plot_12	2021-09-30 00:00:00 +0200	Harvest	2021	Year2021	NW	Cluster1	Cluster1	12	12	2021-09-30		1.0209	0.7391	18.9853	20.8649
364525_089-LP3-ITS-0089	Lavaux_2021-09-30_must_Plot12_Row6/Vine50_ID90	Harvest_2021	Lavaux_Plot_12	2021-09-30 00:00:00 +0200	Harvest	2021	Year2021	NW	Cluster1	Cluster1	12	12	2021-09-30		1.0209	0.7391	18.9853	20.8649
364525_114-LP3-ITS-0114	Lavaux_2021-09-30_must_Plot12_Row7/Vine20_ID91	Harvest_2021	Lavaux_Plot_12	2021-09-30 00:00:00 +0200	Harvest	2021	Year2021	NW	Cluster1	Cluster1	12	12	2021-09-30		1.0209	0.7391	18.9853	20.8649
364525_112-LP3-ITS-0112	Lavaux_2021-09-30_must_Plot12_Row7/Vine40_ID92	Harvest_2021	Lavaux_Plot_12	2021-09-30 00:00:00 +0200	Harvest	2021	Year2021	NW	Cluster1	Cluster1	12	12	2021-09-30		1.0209	0.7391	18.9853	20.8649
364525_062-LP3-ITS-0062	Lavaux_2021-09-30_must_Plot12_Row7/Vine60_ID93	Harvest_2021	Lavaux_Plot_12	2021-09-30 00:00:00 +0200	Harvest	2021	Year2021	NW	Cluster1	Cluster1	12	12	2021-09-30		1.0209	0.7391	18.9853	20.8649
364525_176-LP3-ITS-0176	Lavaux_2021-09-30_must_Plot13_Row1/Vine10_ID94	Harvest_2021	Lavaux_Plot_13	2021-09-30 00:00:00 +0200	Harvest	2021	Year2021	NW	Cluster3	Cluster1	13	13	2021-09-30		1.0257	0.5619	19.3672	21.0128
364525_032-LP3-ITS-0032	Lavaux_2021-09-30_must_Plot13_Row1/Vine30_ID95	Harvest_2021	Lavaux_Plot_13	2021-09-30 00:00:00 +0200	Harvest	2021	Year2021	NW	Cluster3	Cluster1	13	13	2021-09-30		1.0257	0.5619	19.3672	21.0128
364525_049-LP3-ITS-0049	Lavaux_2021-09-30_must_Plot13_Row2/Vine20_ID96	Harvest_2021	Lavaux_Plot_13	2021-09-30 00:00:00 +0200	Harvest	2021	Year2021	NW	Cluster3	Cluster1	13	13	2021-09-30		1.0257	0.5619	19.3672	21.0128
364525_079-LP3-ITS-0079	Lavaux_2021-09-30_must_Plot13_Row3/Vine10_ID97	Harvest_2021	Lavaux_Plot_13	2021-09-30 00:00:00 +0200	Harvest	2021	Year2021	NW	Cluster3	Cluster1	13	13	2021-09-30		1.0257	0.5619	19.3672	21.0128
364525_175-LP3-ITS-0175	Lavaux_2021-09-30_must_Plot13_Row3/Vine30_ID98	Harvest_2021	Lavaux_Plot_13	2021-09-30 00:00:00 +0200	Harvest	2021	Year2021	NW	Cluster3	Cluster1	13	13	2021-09-30		1.0257	0.5619	19.3672	21.0128
364525_282-LP3-ITS-0282	Lavaux_2021-09-30_must_Plot13_Row4/Vine20_ID99	Harvest_2021	Lavaux_Plot_13	2021-09-30 00:00:00 +0200	Harvest	2021	Year2021	NW	Cluster3	Cluster1	13	13	2021-09-30		1.0257	0.5619	19.3672	21.0128
364525_142-LP3-ITS-0142	Lavaux_2021-09-30_must_Plot13_Row5/Vine10_ID100	Harvest_2021	Lavaux_Plot_13	2021-09-30 00:00:00 +0200	Harvest	2021	Year2021	NW	Cluster3	Cluster1	13	13	2021-09-30		1.0257	0.5619	19.3672	21.0128
364525_241-LP3-ITS-0241	Lavaux_2021-09-30_must_Plot13_Row5/Vine31_ID101	Harvest_2021	Lavaux_Plot_13	2021-09-30 00:00:00 +0200	Harvest	2021	Year2021	NW	Cluster3	Cluster1	13	13	2021-09-30		1.0257	0.5619	19.3672	21.0128
364525_130-LP3-ITS-0130	Lavaux_2021-09-30_must_Plot13_Row6/Vine20_ID102	Harvest_2021	Lavaux_Plot_13	2021-09-30 00:00:00 +0200	Harvest	2021	Year2021	NW	Cluster3	Cluster1	13	13	2021-09-30		1.0257	0.5619	19.3672	21.0128
364525_060-LP3-ITS-0060	Lavaux_2021-09-30_must_Plot14_Row2/Vine4_ID103	Harvest_2021	Lavaux_Plot_14	2021-09-30 00:00:00 +0200	Harvest	2021	Year2021	NW	Cluster3	Cluster3	14	14	2021-09-30		1.1448	0.4528	18.815	19.6469
364526_320-LP3-ITS-0896	Lavaux_2021-09-30_must_Plot14_Row4/Vine4_ID104	Harvest_2021	Lavaux_Plot_14	2021-09-30 00:00:00 +0200	Harvest	2021	Year2021	NW	Cluster3	Cluster3	14	14	2021-09-30		1.1448	0.4528	18.815	19.6469
364525_122-LP3-ITS-0122	Lavaux_2021-09-30_must_Plot14_Row5/Vine8_ID105	Harvest_2021	Lavaux_Plot_14	2021-09-30 00:00:00 +0200	Harvest	2021	Year2021	NW	Cluster3	Cluster3	14	14	2021-09-30		1.1448	0.4528	18.815	19.6469
364525_120-LP3-ITS-0120	Lavaux_2021-09-30_must_Plot14_Row6/Vine4_ID106	Harvest_2021	Lavaux_Plot_14	2021-09-30 00:00:00 +0200	Harvest	2021	Year2021	NW	Cluster3	Cluster3	14	14	2021-09-30		1.1448	0.4528	18.815	19.6469
364525_186-LP3-ITS-0186	Lavaux_2021-09-30_must_Plot14_Row6/Vine12_ID107	Harvest_2021	Lavaux_Plot_14	2021-09-30 00:00:00 +0200	Harvest	2021	Year2021	NW	Cluster3	Cluster3	14	14	2021-09-30		1.1448	0.4528	18.815	19.6469
364525_052-LP3-ITS-0052	Lavaux_2021-09-30_must_Plot14_Row7/Vine8_ID108	Harvest_2021	Lavaux_Plot_14	2021-09-30 00:00:00 +0200	Harvest	2021	Year2021	NW	Cluster3	Cluster3	14	14	2021-09-30		1.1448	0.4528	18.815	19.6469
364525_036-LP3-ITS-0036	Lavaux_2021-09-30_must_Plot14_Row8/Vine4_ID109	Harvest_2021	Lavaux_Plot_14	2021-09-30 00:00:00 +0200	Harvest	2021	Year2021	NW	Cluster3	Cluster3	14	14	2021-09-30		1.1448	0.4528	18.815	19.6469
364525_151-LP3-ITS-0151	Lavaux_2021-09-30_must_Plot14_Row9/Vine10_ID110	Harvest_2021	Lavaux_Plot_14	2021-09-30 00:00:00 +0200	Harvest	2021	Year2021	NW	Cluster3	Cluster3	14	14	2021-09-30		1.1448	0.4528	18.815	19.6469
364525_101-LP3-ITS-0101	Lavaux_2021-09-30_must_Plot14_Row10/Vine4_ID111	Harvest_2021	Lavaux_Plot_14	2021-09-30 00:00:00 +0200	Harvest	2021	Year2021	NW	Cluster3	Cluster3	14	14	2021-09-30		1.1448	0.4528	18.815	19.6469
364525_158-LP3-ITS-0158	Lavaux_2021-09-30_must_Plot14_Row11/Vine8_ID112	Harvest_2021	Lavaux_Plot_14	2021-09-30 00:00:00 +0200	Harvest	2021	Year2021	NW	Cluster3	Cluster3	14	14	2021-09-30		1.1448	0.4528	18.815	19.6469
364525_070-LP3-ITS-0070	Lavaux_2021-09-30_must_Plot14_Row12/Vine4_ID113	Harvest_2021	Lavaux_Plot_14	2021-09-30 00:00:00 +0200	Harvest	2021	Year2021	NW	Cluster3	Cluster3	14	14	2021-09-30		1.1448	0.4528	18.815	19.6469
364525_116-LP3-ITS-0116	Lavaux_2021-09-30_must_Plot14_Row13/Vine10_ID114	Harvest_2021	Lavaux_Plot_14	2021-09-30 00:00:00 +0200	Harvest	2021	Year2021	NW	Cluster3	Cluster3	14	14	2021-09-30		1.1448	0.4528	18.815	19.6469
364525_065-LP3-ITS-0065	Lavaux_2021-09-30_must_Plot14_Row14/Vine4_ID115	Harvest_2021	Lavaux_Plot_14	2021-09-30 00:00:00 +0200	Harvest	2021	Year2021	NW	Cluster3	Cluster3	14	14	2021-09-30		1.1448	0.4528	18.815	19.6469
364525_129-LP3-ITS-0129	Lavaux_2021-09-30_must_Plot14_Row15/Vine9_ID116	Harvest_2021	Lavaux_Plot_14	2021-09-30 00:00:00 +0200	Harvest	2021	Year2021	NW	Cluster3	Cluster3	14	14	2021-09-30		1.1448	0.4528	18.815	19.6469
364525_168-LP3-ITS-0168	Lavaux_2021-09-30_must_Plot14_Row16/Vine4_ID117	Harvest_2021	Lavaux_Plot_14	2021-09-30 00:00:00 +0200	Harvest	2021	Year2021	NW	Cluster3	Cluster3	14	14	2021-09-30		1.1448	0.4528	18.815	19.6469
364525_189-LP3-ITS-0189	Lavaux_2021-09-30_must_Plot14_Row17/Vine10_ID118	Harvest_2021	Lavaux_Plot_14	2021-09-30 00:00:00 +0200	Harvest	2021	Year2021	NW	Cluster3	Cluster3	14	14	2021-09-30		1.1448	0.4528	18.815	19.6469
364525_167-LP3-ITS-0167	Lavaux_2021-09-30_must_Plot14_Row18/Vine4_ID119	Harvest_2021	Lavaux_Plot_14	2021-09-30 00:00:00 +0200	Harvest	2021	Year2021	NW	Cluster3	Cluster3	14	14	2021-09-30		1.1448	0.4528	18.815	19.6469
364525_051-LP3-ITS-0051	Lavaux_2021-09-30_must_Plot15_Row2/Vine11_ID120	Harvest_2021	Lavaux_Plot_15	2021-09-30 00:00:00 +0200	Harvest	2021	Year2021	NW	Cluster1	Cluster1	15	15	2021-09-30		0.848	0.5542	14.498	15.7278
364525_125-LP3-ITS-0125	Lavaux_2021-09-30_must_Plot15_Row3/Vine20_ID121a	Harvest_2021	Lavaux_Plot_15	2021-09-30 00:00:00 +0200	Harvest	2021	Year2021	NW	Cluster1	Cluster1	15	15	2021-09-30		0.848	0.5542	14.498	15.7278
364525_002-LP3-ITS-0002	Lavaux_2021-09-30_must_Plot15_Row3/Vine20_ID121b	Harvest_2021	Lavaux_Plot_15	2021-09-30 00:00:00 +0200	Harvest	2021	Year2021	NW	Cluster1	Cluster1	15	15	2021-09-30		0.848	0.5542	14.498	15.7278
364525_006-LP3-ITS-0006	Lavaux_2021-09-30_must_Plot15_Row3/Vine20_ID121c	Harvest_2021	Lavaux_Plot_15	2021-09-30 00:00:00 +0200	Harvest	2021	Year2021	NW	Cluster1	Cluster1	15	15	2021-09-30		0.848	0.5542	14.498	15.7278
364525_095-LP3-ITS-0095	Lavaux_2021-09-30_must_Plot15_Row4/Vine10_ID122	Harvest_2021	Lavaux_Plot_15	2021-09-30 00:00:00 +0200	Harvest	2021	Year2021	NW	Cluster1	Cluster1	15	15	2021-09-30		0.848	0.5542	14.498	15.7278
364525_178-LP3-ITS-0178	Lavaux_2021-09-30_must_Plot15_Row4/Vine30_ID123	Harvest_2021	Lavaux_Plot_15	2021-09-30 00:00:00 +0200	Harvest	2021	Year2021	NW	Cluster1	Cluster1	15	15	2021-09-30		0.848	0.5542	14.498	15.7278
364525_024-LP3-ITS-0024	Lavaux_2021-09-30_must_Plot15_Row5/Vine20_ID124	Harvest_2021	Lavaux_Plot_15	2021-09-30 00:00:00 +0200	Harvest	2021	Year2021	NW	Cluster1	Cluster1	15	15	2021-09-30		0.848	0.5542	14.498	15.7278
364525_185-LP3-ITS-0185	Lavaux_2021-09-30_must_Plot15_Row6/Vine10_ID126	Harvest_2021	Lavaux_Plot_15	2021-09-30 00:00:00 +0200	Harvest	2021	Year2021	NW	Cluster1	Cluster1	15	15	2021-09-30		0.848	0.5542	14.498	15.7278
364525_148-LP3-ITS-0148	Lavaux_2021-09-30_must_Plot15_Row6/Vine30_ID127	Harvest_2021	Lavaux_Plot_15	2021-09-30 00:00:00 +0200	Harvest	2021	Year2021	NW	Cluster1	Cluster1	15	15	2021-09-30		0.848	0.5542	14.498	15.7278
364525_103-LP3-ITS-0103	Lavaux_2021-09-30_must_Plot15_Row7/Vine20_ID128a	Harvest_2021	Lavaux_Plot_15	2021-09-30 00:00:00 +0200	Harvest	2021	Year2021	NW	Cluster1	Cluster1	15	15	2021-09-30		0.848	0.5542	14.498	15.7278
364525_124-LP3-ITS-0124	Lavaux_2021-09-30_must_Plot15_Row7/Vine20_ID128b	Harvest_2021	Lavaux_Plot_15	2021-09-30 00:00:00 +0200	Harvest	2021	Year2021	NW	Cluster1	Cluster1	15	15	2021-09-30		0.848	0.5542	14.498	15.7278
364525_146-LP3-ITS-0146	Lavaux_2021-09-30_must_Plot15_Row7/Vine39_ID129a	Harvest_2021	Lavaux_Plot_15	2021-09-30 00:00:00 +0200	Harvest	2021	Year2021	NW	Cluster1	Cluster1	15	15	2021-09-30		0.848	0.5542	14.498	15.7278
364525_016-LP3-ITS-0016	Lavaux_2021-09-30_must_Plot15_Row7/Vine39_ID129b	Harvest_2021	Lavaux_Plot_15	2021-09-30 00:00:00 +0200	Harvest	2021	Year2021	NW	Cluster1	Cluster1	15	15	2021-09-30		0.848	0.5542	14.498	15.7278
364525_043-LP3-ITS-0043	Lavaux_2021-09-30_must_Plot15_Row7/Vine39_ID129c	Harvest_2021	Lavaux_Plot_15	2021-09-30 00:00:00 +0200	Harvest	2021	Year2021	NW	Cluster1	Cluster1	15	15	2021-09-30		0.848	0.5542	14.498	15.7278
364525_128-LP3-ITS-0128	Lavaux_2021-09-30_must_Plot15_Row8/Vine10_ID130	Harvest_2021	Lavaux_Plot_15	2021-09-30 00:00:00 +0200	Harvest	2021	Year2021	NW	Cluster1	Cluster1	15	15	2021-09-30		0.848	0.5542	14.498	15.7278
364525_143-LP3-ITS-0143	Lavaux_2021-09-30_must_Plot15_Row8/Vine29_ID131a	Harvest_2021	Lavaux_Plot_15	2021-09-30 00:00:00 +0200	Harvest	2021	Year2021	NW	Cluster1	Cluster1	15	15	2021-09-30		0.848	0.5542	14.498	15.7278
364525_029-LP3-ITS-0029	Lavaux_2021-09-30_must_Plot15_Row8/Vine29_ID131c	Harvest_2021	Lavaux_Plot_15	2021-09-30 00:00:00 +0200	Harvest	2021	Year2021	NW	Cluster1	Cluster1	15	15	2021-09-30		0.848	0.5542	14.498	15.7278
364525_115-LP3-ITS-0115	Lavaux_2021-09-30_must_Plot15_Row9/Vine20_ID132	Harvest_2021	Lavaux_Plot_15	2021-09-30 00:00:00 +0200	Harvest	2021	Year2021	NW	Cluster1	Cluster1	15	15	2021-09-30		0.848	0.5542	14.498	15.7278
364525_088-LP3-ITS-0088	Lavaux_2021-09-30_must_Plot15_Row10/Vine10_ID133	Harvest_2021	Lavaux_Plot_15	2021-09-30 00:00:00 +0200	Harvest	2021	Year2021	NW	Cluster1	Cluster1	15	15	2021-09-30		0.848	0.5542	14.498	15.7278
364525_093-LP3-ITS-0093	Lavaux_2021-09-30_must_Plot15_Row10/Vine30_ID134	Harvest_2021	Lavaux_Plot_15	2021-09-30 00:00:00 +0200	Harvest	2021	Year2021	NW	Cluster1	Cluster1	15	15	2021-09-30		0.848	0.5542	14.498	15.7278
364525_015-LP3-ITS-0015	Lavaux_2021-09-30_must_Plot15_Row11/Vine20_ID135	Harvest_2021	Lavaux_Plot_15	2021-09-30 00:00:00 +0200	Harvest	2021	Year2021	NW	Cluster1	Cluster1	15	15	2021-09-30		0.848	0.5542	14.498	15.7278
364525_192-LP3-ITS-0192	Lavaux_2021-09-30_must_Plot15_Row11/Vine38_ID136	Harvest_2021	Lavaux_Plot_15	2021-09-30 00:00:00 +0200	Harvest	2021	Year2021	NW	Cluster1	Cluster1	15	15	2021-09-30		0.848	0.5542	14.498	15.7278
364525_025-LP3-ITS-0025	Lavaux_2021-09-30_must_Plot15_Row12/Vine9_ID137	Harvest_2021	Lavaux_Plot_15	2021-09-30 00:00:00 +0200	Harvest	2021	Year2021	NW	Cluster1	Cluster1	15	15	2021-09-30		0.848	0.5542	14.498	15.7278
364525_046-LP3-ITS-0046	Lavaux_2021-09-30_must_Plot15_Row12/Vine30_ID138	Harvest_2021	Lavaux_Plot_15	2021-09-30 00:00:00 +0200	Harvest	2021	Year2021	NW	Cluster1	Cluster1	15	15	2021-09-30		0.848	0.5542	14.498	15.7278
364525_022-LP3-ITS-0022	Lavaux_2021-09-30_must_Plot15_Row13/Vine20_ID139	Harvest_2021	Lavaux_Plot_15	2021-09-30 00:00:00 +0200	Harvest	2021	Year2021	NW	Cluster1	Cluster1	15	15	2021-09-30		0.848	0.5542	14.498	15.7278
364525_074-LP3-ITS-0074	Lavaux_2021-09-30_must_Plot15_Row13/Vine39_ID140	Harvest_2021	Lavaux_Plot_15	2021-09-30 00:00:00 +0200	Harvest	2021	Year2021	NW	Cluster1	Cluster1	15	15	2021-09-30		0.848	0.5542	14.498	15.7278
364525_119-LP3-ITS-0119	Lavaux_2021-09-30_must_Plot15_Row14/Vine10_ID141	Harvest_2021	Lavaux_Plot_15	2021-09-30 00:00:00 +0200	Harvest	2021	Year2021	NW	Cluster1	Cluster1	15	15	2021-09-30		0.848	0.5542	14.498	15.7278
364525_056-LP3-ITS-0056	Lavaux_2021-09-30_must_Plot15_Row14/Vine31_ID142	Harvest_2021	Lavaux_Plot_15	2021-09-30 00:00:00 +0200	Harvest	2021	Year2021	NW	Cluster1	Cluster1	15	15	2021-09-30		0.848	0.5542	14.498	15.7278
364525_098-LP3-ITS-0098	Lavaux_2021-09-30_must_Plot15_Row15/Vine20_ID143	Harvest_2021	Lavaux_Plot_15	2021-09-30 00:00:00 +0200	Harvest	2021	Year2021	NW	Cluster1	Cluster1	15	15	2021-09-30		0.848	0.5542	14.498	15.7278
364525_121-LP3-ITS-0121	Lavaux_2021-09-30_must_Plot17_Row2/Vine5_ID144	Harvest_2021	Lavaux_Plot_17	2021-09-30 00:00:00 +0200	Harvest	2021	Year2021	SE	Cluster2	Cluster3	17	17	2021-09-30		1.1064	0.728	22.0413	24.3254
364525_281-LP3-ITS-0281	Lavaux_2021-09-30_must_Plot17_Row3/Vine10_ID145	Harvest_2021	Lavaux_Plot_17	2021-09-30 00:00:00 +0200	Harvest	2021	Year2021	SE	Cluster2	Cluster3	17	17	2021-09-30		1.1064	0.728	22.0413	24.3254
364525_265-LP3-ITS-0265	Lavaux_2021-09-30_must_Plot17_Row3/Vine15_ID146	Harvest_2021	Lavaux_Plot_17	2021-09-30 00:00:00 +0200	Harvest	2021	Year2021	SE	Cluster2	Cluster3	17	17	2021-09-30		1.1064	0.728	22.0413	24.3254
364525_087-LP3-ITS-0087	Lavaux_2021-09-30_must_Plot17_Row3/Vine25_ID147	Harvest_2021	Lavaux_Plot_17	2021-09-30 00:00:00 +0200	Harvest	2021	Year2021	SE	Cluster2	Cluster3	17	17	2021-09-30		1.1064	0.728	22.0413	24.3254
364525_234-LP3-ITS-0234	Lavaux_2021-09-30_must_Plot17_Row4/Vine5_ID148	Harvest_2021	Lavaux_Plot_17	2021-09-30 00:00:00 +0200	Harvest	2021	Year2021	SE	Cluster2	Cluster3	17	17	2021-09-30		1.1064	0.728	22.0413	24.3254
364525_105-LP3-ITS-0105	Lavaux_2021-09-30_must_Plot17_Row4/Vine15_ID149	Harvest_2021	Lavaux_Plot_17	2021-09-30 00:00:00 +0200	Harvest	2021	Year2021	SE	Cluster2	Cluster3	17	17	2021-09-30		1.1064	0.728	22.0413	24.3254
364525_274-LP3-ITS-0274	Lavaux_2021-09-30_must_Plot17_Row4/Vine25_ID150	Harvest_2021	Lavaux_Plot_17	2021-09-30 00:00:00 +0200	Harvest	2021	Year2021	SE	Cluster2	Cluster3	17	17	2021-09-30		1.1064	0.728	22.0413	24.3254
364525_031-LP3-ITS-0031	Lavaux_2021-09-30_must_Plot17_Row4/Vine35_ID151	Harvest_2021	Lavaux_Plot_17	2021-09-30 00:00:00 +0200	Harvest	2021	Year2021	SE	Cluster2	Cluster3	17	17	2021-09-30		1.1064	0.728	22.0413	24.3254
364525_203-LP3-ITS-0203	Lavaux_2021-09-30_must_Plot17_Row5/Vine10_ID152	Harvest_2021	Lavaux_Plot_17	2021-09-30 00:00:00 +0200	Harvest	2021	Year2021	SE	Cluster2	Cluster3	17	17	2021-09-30		1.1064	0.728	22.0413	24.3254
364525_170-LP3-ITS-0170	Lavaux_2021-09-30_must_Plot17_Row5/Vine20_ID153	Harvest_2021	Lavaux_Plot_17	2021-09-30 00:00:00 +0200	Harvest	2021	Year2021	SE	Cluster2	Cluster3	17	17	2021-09-30		1.1064	0.728	22.0413	24.3254
364525_184-LP3-ITS-0184	Lavaux_2021-09-30_must_Plot17_Row5/Vine40_ID155	Harvest_2021	Lavaux_Plot_17	2021-09-30 00:00:00 +0200	Harvest	2021	Year2021	SE	Cluster2	Cluster3	17	17	2021-09-30		1.1064	0.728	22.0413	24.3254
364525_201-LP3-ITS-0201	Lavaux_2021-09-30_must_Plot17_Row5/Vine45_ID156	Harvest_2021	Lavaux_Plot_17	2021-09-30 00:00:00 +0200	Harvest	2021	Year2021	SE	Cluster2	Cluster3	17	17	2021-09-30		1.1064	0.728	22.0413	24.3254
364526_327-LP3-ITS-0903	Lavaux_2021-09-30_must_Plot17_Row6/Vine10_ID157	Harvest_2021	Lavaux_Plot_17	2021-09-30 00:00:00 +0200	Harvest	2021	Year2021	SE	Cluster2	Cluster3	17	17	2021-09-30		1.1064	0.728	22.0413	24.3254
364525_123-LP3-ITS-0123	Lavaux_2021-09-30_must_Plot17_Row6/Vine30_ID158a	Harvest_2021	Lavaux_Plot_17	2021-09-30 00:00:00 +0200	Harvest	2021	Year2021	SE	Cluster2	Cluster3	17	17	2021-09-30		1.1064	0.728	22.0413	24.3254
364525_023-LP3-ITS-0023	Lavaux_2021-09-30_must_Plot17_Row6/Vine30_ID158b	Harvest_2021	Lavaux_Plot_17	2021-09-30 00:00:00 +0200	Harvest	2021	Year2021	SE	Cluster2	Cluster3	17	17	2021-09-30		1.1064	0.728	22.0413	24.3254
364526_321-LP3-ITS-0897	Lavaux_2021-09-30_must_Plot17_Row7/Vine21_ID159	Harvest_2021	Lavaux_Plot_17	2021-09-30 00:00:00 +0200	Harvest	2021	Year2021	SE	Cluster2	Cluster3	17	17	2021-09-30		1.1064	0.728	22.0413	24.3254
364525_077-LP3-ITS-0077	Lavaux_2021-09-30_must_Plot17_Row7/Vine40_ID160	Harvest_2021	Lavaux_Plot_17	2021-09-30 00:00:00 +0200	Harvest	2021	Year2021	SE	Cluster2	Cluster3	17	17	2021-09-30		1.1064	0.728	22.0413	24.3254
364525_063-LP3-ITS-0063	Lavaux_2021-09-30_must_Plot17_Row8/Vine10_ID161	Harvest_2021	Lavaux_Plot_17	2021-09-30 00:00:00 +0200	Harvest	2021	Year2021	SE	Cluster2	Cluster3	17	17	2021-09-30		1.1064	0.728	22.0413	24.3254
364525_193-LP3-ITS-0193	Lavaux_2021-09-30_must_Plot17_Row8/Vine32_ID162	Harvest_2021	Lavaux_Plot_17	2021-09-30 00:00:00 +0200	Harvest	2021	Year2021	SE	Cluster2	Cluster3	17	17	2021-09-30		1.1064	0.728	22.0413	24.3254
364525_126-LP3-ITS-0126	Lavaux_2021-09-30_must_Plot17_Row9/Vine20_ID163	Harvest_2021	Lavaux_Plot_17	2021-09-30 00:00:00 +0200	Harvest	2021	Year2021	SE	Cluster2	Cluster3	17	17	2021-09-30		1.1064	0.728	22.0413	24.3254
364525_152-LP3-ITS-0152	Lavaux_2021-09-30_must_Plot17_Row9/Vine40_ID164	Harvest_2021	Lavaux_Plot_17	2021-09-30 00:00:00 +0200	Harvest	2021	Year2021	SE	Cluster2	Cluster3	17	17	2021-09-30		1.1064	0.728	22.0413	24.3254
364525_180-LP3-ITS-0180	Lavaux_2021-09-30_must_Plot17_Row10/Vine10_ID165	Harvest_2021	Lavaux_Plot_17	2021-09-30 00:00:00 +0200	Harvest	2021	Year2021	SE	Cluster2	Cluster3	17	17	2021-09-30		1.1064	0.728	22.0413	24.3254
364525_195-LP3-ITS-0195	Lavaux_2021-09-30_must_Plot17_Row10/Vine30_ID166	Harvest_2021	Lavaux_Plot_17	2021-09-30 00:00:00 +0200	Harvest	2021	Year2021	SE	Cluster2	Cluster3	17	17	2021-09-30		1.1064	0.728	22.0413	24.3254
364525_183-LP3-ITS-0183	Lavaux_2021-09-30_must_Plot17_Row11/Vine20_ID167	Harvest_2021	Lavaux_Plot_17	2021-09-30 00:00:00 +0200	Harvest	2021	Year2021	SE	Cluster2	Cluster3	17	17	2021-09-30		1.1064	0.728	22.0413	24.3254
364525_135-LP3-ITS-0135	Lavaux_2021-09-30_must_Plot17_Row11/Vine40_ID168	Harvest_2021	Lavaux_Plot_17	2021-09-30 00:00:00 +0200	Harvest	2021	Year2021	SE	Cluster2	Cluster3	17	17	2021-09-30		1.1064	0.728	22.0413	24.3254
364525_266-LP3-ITS-0266	Lavaux_2021-09-30_must_Plot17_Row12/Vine10_ID169	Harvest_2021	Lavaux_Plot_17	2021-09-30 00:00:00 +0200	Harvest	2021	Year2021	SE	Cluster2	Cluster3	17	17	2021-09-30		1.1064	0.728	22.0413	24.3254
364525_030-LP3-ITS-0030	Lavaux_2021-09-30_must_Plot17_Row12/Vine30_ID170	Harvest_2021	Lavaux_Plot_17	2021-09-30 00:00:00 +0200	Harvest	2021	Year2021	SE	Cluster2	Cluster3	17	17	2021-09-30		1.1064	0.728	22.0413	24.3254
364525_003-LP3-ITS-0003	Lavaux_2021-09-30_must_Plot17_Row13/Vine20_ID171	Harvest_2021	Lavaux_Plot_17	2021-09-30 00:00:00 +0200	Harvest	2021	Year2021	SE	Cluster2	Cluster3	17	17	2021-09-30		1.1064	0.728	22.0413	24.3254
364525_099-LP3-ITS-0099	Lavaux_2021-09-30_must_Plot17_Row13/Vine40_ID172	Harvest_2021	Lavaux_Plot_17	2021-09-30 00:00:00 +0200	Harvest	2021	Year2021	SE	Cluster2	Cluster3	17	17	2021-09-30		1.1064	0.728	22.0413	24.3254
364525_113-LP3-ITS-0113	Lavaux_2021-09-30_must_Plot17_Row14/Vine10_ID173	Harvest_2021	Lavaux_Plot_17	2021-09-30 00:00:00 +0200	Harvest	2021	Year2021	SE	Cluster2	Cluster3	17	17	2021-09-30		1.1064	0.728	22.0413	24.3254
364525_191-LP3-ITS-0191	Lavaux_2021-09-30_must_Plot17_Row14/Vine30_ID174	Harvest_2021	Lavaux_Plot_17	2021-09-30 00:00:00 +0200	Harvest	2021	Year2021	SE	Cluster2	Cluster3	17	17	2021-09-30		1.1064	0.728	22.0413	24.3254
364525_064-LP3-ITS-0064	Lavaux_2021-09-30_must_Plot17_Row15/Vine21_ID175	Harvest_2021	Lavaux_Plot_17	2021-09-30 00:00:00 +0200	Harvest	2021	Year2021	SE	Cluster2	Cluster3	17	17	2021-09-30		1.1064	0.728	22.0413	24.3254
364525_226-LP3-ITS-0226	Lavaux_2021-09-30_must_Plot17_Row15/Vine40_ID176	Harvest_2021	Lavaux_Plot_17	2021-09-30 00:00:00 +0200	Harvest	2021	Year2021	SE	Cluster2	Cluster3	17	17	2021-09-30		1.1064	0.728	22.0413	24.3254
364525_202-LP3-ITS-0202	Lavaux_2021-09-30_must_Plot17_Row16/Vine10_ID177	Harvest_2021	Lavaux_Plot_17	2021-09-30 00:00:00 +0200	Harvest	2021	Year2021	SE	Cluster2	Cluster3	17	17	2021-09-30		1.1064	0.728	22.0413	24.3254
364525_156-LP3-ITS-0156	Lavaux_2021-09-30_must_Plot17_Row16/Vine30_ID178	Harvest_2021	Lavaux_Plot_17	2021-09-30 00:00:00 +0200	Harvest	2021	Year2021	SE	Cluster2	Cluster3	17	17	2021-09-30		1.1064	0.728	22.0413	24.3254
364526_325-LP3-ITS-0901	Lavaux_2021-09-30_must_Plot17_Row17/Vine20_ID179	Harvest_2021	Lavaux_Plot_17	2021-09-30 00:00:00 +0200	Harvest	2021	Year2021	SE	Cluster2	Cluster3	17	17	2021-09-30		1.1064	0.728	22.0413	24.3254
364525_042-LP3-ITS-0042	Lavaux_2021-09-30_must_Plot17_Row17/Vine40_ID180	Harvest_2021	Lavaux_Plot_17	2021-09-30 00:00:00 +0200	Harvest	2021	Year2021	SE	Cluster2	Cluster3	17	17	2021-09-30		1.1064	0.728	22.0413	24.3254
364525_097-LP3-ITS-0097	Lavaux_2021-09-30_must_Plot17_Row18/Vine20_ID182	Harvest_2021	Lavaux_Plot_17	2021-09-30 00:00:00 +0200	Harvest	2021	Year2021	SE	Cluster2	Cluster3	17	17	2021-09-30		1.1064	0.728	22.0413	24.3254
364525_140-LP3-ITS-0140	Lavaux_2021-09-30_must_Plot17_Row18/Vine30_ID183	Harvest_2021	Lavaux_Plot_17	2021-09-30 00:00:00 +0200	Harvest	2021	Year2021	SE	Cluster2	Cluster3	17	17	2021-09-30		1.1064	0.728	22.0413	24.3254
364526_323-LP3-ITS-0899	Lavaux_2021-09-30_must_Plot17_Row18/Vine40_ID184	Harvest_2021	Lavaux_Plot_17	2021-09-30 00:00:00 +0200	Harvest	2021	Year2021	SE	Cluster2	Cluster3	17	17	2021-09-30		1.1064	0.728	22.0413	24.3254
364526_337-LP3-ITS-0913	Lavaux_2021-09-30_must_Plot18_Row2/Vine7_ID185	Harvest_2021	Lavaux_Plot_18	2021-09-30 00:00:00 +0200	Harvest	2021	Year2021	SE	Cluster2	Cluster3	18	18	2021-09-30		1.2273	0.6036	17.764	18.8821
364525_096-LP3-ITS-0096	Lavaux_2021-09-30_must_Plot18_Row3/Vine14_ID186	Harvest_2021	Lavaux_Plot_18	2021-09-30 00:00:00 +0200	Harvest	2021	Year2021	SE	Cluster2	Cluster3	18	18	2021-09-30		1.2273	0.6036	17.764	18.8821
364525_090-LP3-ITS-0090	Lavaux_2021-09-30_must_Plot18_Row4/Vine8_ID187	Harvest_2021	Lavaux_Plot_18	2021-09-30 00:00:00 +0200	Harvest	2021	Year2021	SE	Cluster2	Cluster3	18	18	2021-09-30		1.2273	0.6036	17.764	18.8821
364525_181-LP3-ITS-0181	Lavaux_2021-09-30_must_Plot18_Row5/Vine14_ID188	Harvest_2021	Lavaux_Plot_18	2021-09-30 00:00:00 +0200	Harvest	2021	Year2021	SE	Cluster2	Cluster3	18	18	2021-09-30		1.2273	0.6036	17.764	18.8821
364525_078-LP3-ITS-0078	Lavaux_2021-09-30_must_Plot18_Row6/Vine7_ID189	Harvest_2021	Lavaux_Plot_18	2021-09-30 00:00:00 +0200	Harvest	2021	Year2021	SE	Cluster2	Cluster3	18	18	2021-09-30		1.2273	0.6036	17.764	18.8821
364525_187-LP3-ITS-0187	Lavaux_2021-09-30_must_Plot18_Row7/Vine14_ID190	Harvest_2021	Lavaux_Plot_18	2021-09-30 00:00:00 +0200	Harvest	2021	Year2021	SE	Cluster2	Cluster3	18	18	2021-09-30		1.2273	0.6036	17.764	18.8821
364526_328-LP3-ITS-0904	Lavaux_2021-09-30_must_Plot18_Row8/Vine7_ID191	Harvest_2021	Lavaux_Plot_18	2021-09-30 00:00:00 +0200	Harvest	2021	Year2021	SE	Cluster2	Cluster3	18	18	2021-09-30		1.2273	0.6036	17.764	18.8821
364525_081-LP3-ITS-0081	Lavaux_2021-09-30_must_Plot18_Row9/Vine14_ID192	Harvest_2021	Lavaux_Plot_18	2021-09-30 00:00:00 +0200	Harvest	2021	Year2021	SE	Cluster2	Cluster3	18	18	2021-09-30		1.2273	0.6036	17.764	18.8821
364525_188-LP3-ITS-0188	Lavaux_2021-09-30_must_Plot18_Row10/Vine7_ID193	Harvest_2021	Lavaux_Plot_18	2021-09-30 00:00:00 +0200	Harvest	2021	Year2021	SE	Cluster2	Cluster3	18	18	2021-09-30		1.2273	0.6036	17.764	18.8821
364525_086-LP3-ITS-0086	Lavaux_2021-09-30_must_Plot18_Row11/Vine14_ID194	Harvest_2021	Lavaux_Plot_18	2021-09-30 00:00:00 +0200	Harvest	2021	Year2021	SE	Cluster2	Cluster3	18	18	2021-09-30		1.2273	0.6036	17.764	18.8821
364525_149-LP3-ITS-0149	Lavaux_2021-09-30_must_Plot19_Row2/Vine5_ID195	Harvest_2021	Lavaux_Plot_19	2021-09-30 00:00:00 +0200	Harvest	2021	Year2021	SE	Cluster2	Cluster2	19	19	2021-09-30		1.2208	0.8425	15.5528	16.3283
364525_173-LP3-ITS-0173	Lavaux_2021-09-30_must_Plot19_Row3/Vine10_ID196	Harvest_2021	Lavaux_Plot_19	2021-09-30 00:00:00 +0200	Harvest	2021	Year2021	SE	Cluster2	Cluster2	19	19	2021-09-30		1.2208	0.8425	15.5528	16.3283
364526_335-LP3-ITS-0911	Lavaux_2021-09-30_must_Plot19_Row4/Vine5_ID197	Harvest_2021	Lavaux_Plot_19	2021-09-30 00:00:00 +0200	Harvest	2021	Year2021	SE	Cluster2	Cluster2	19	19	2021-09-30		1.2208	0.8425	15.5528	16.3283
364525_013-LP3-ITS-0013	Lavaux_2021-09-30_must_Plot19_Row4/Vine11_ID198	Harvest_2021	Lavaux_Plot_19	2021-09-30 00:00:00 +0200	Harvest	2021	Year2021	SE	Cluster2	Cluster2	19	19	2021-09-30		1.2208	0.8425	15.5528	16.3283
364526_322-LP3-ITS-0898	Lavaux_2021-09-30_must_Plot20_Row2/Vine11_ID199	Harvest_2021	Lavaux_Plot_20	2021-09-30 00:00:00 +0200	Harvest	2021	Year2021	SE	Cluster2	Cluster4	20	20	2021-09-30		0.9594	0.6908	18.9609	20.1917
364525_091-LP3-ITS-0091	Lavaux_2021-09-30_must_Plot20_Row2/Vine30_ID200b	Harvest_2021	Lavaux_Plot_20	2021-09-30 00:00:00 +0200	Harvest	2021	Year2021	SE	Cluster2	Cluster4	20	20	2021-09-30		0.9594	0.6908	18.9609	20.1917
364525_190-LP3-ITS-0190	Lavaux_2021-09-30_must_Plot20_Row3/Vine20_ID201	Harvest_2021	Lavaux_Plot_20	2021-09-30 00:00:00 +0200	Harvest	2021	Year2021	SE	Cluster2	Cluster4	20	20	2021-09-30		0.9594	0.6908	18.9609	20.1917
364525_053-LP3-ITS-0053	Lavaux_2021-09-30_must_Plot20_Row4/Vine10_ID202	Harvest_2021	Lavaux_Plot_20	2021-09-30 00:00:00 +0200	Harvest	2021	Year2021	SE	Cluster2	Cluster4	20	20	2021-09-30		0.9594	0.6908	18.9609	20.1917
364525_011-LP3-ITS-0011	Lavaux_2021-09-30_must_Plot20_Row4/Vine30_ID203	Harvest_2021	Lavaux_Plot_20	2021-09-30 00:00:00 +0200	Harvest	2021	Year2021	SE	Cluster2	Cluster4	20	20	2021-09-30		0.9594	0.6908	18.9609	20.1917
364525_083-LP3-ITS-0083	Lavaux_2021-09-30_must_Plot20_Row5/Vine20_ID204	Harvest_2021	Lavaux_Plot_20	2021-09-30 00:00:00 +0200	Harvest	2021	Year2021	SE	Cluster2	Cluster4	20	20	2021-09-30		0.9594	0.6908	18.9609	20.1917
364526_319-LP3-ITS-0895	Lavaux_2021-09-30_must_Plot20_Row6/Vine10_ID205	Harvest_2021	Lavaux_Plot_20	2021-09-30 00:00:00 +0200	Harvest	2021	Year2021	SE	Cluster2	Cluster4	20	20	2021-09-30		0.9594	0.6908	18.9609	20.1917
364526_334-LP3-ITS-0910	Lavaux_2021-09-30_must_Plot20_Row6/Vine30_ID206	Harvest_2021	Lavaux_Plot_20	2021-09-30 00:00:00 +0200	Harvest	2021	Year2021	SE	Cluster2	Cluster4	20	20	2021-09-30		0.9594	0.6908	18.9609	20.1917
364526_338-LP3-ITS-0914	Lavaux_2021-09-30_must_Plot20_Row7/Vine20_ID207	Harvest_2021	Lavaux_Plot_20	2021-09-30 00:00:00 +0200	Harvest	2021	Year2021	SE	Cluster2	Cluster4	20	20	2021-09-30		0.9594	0.6908	18.9609	20.1917
364525_040-LP3-ITS-0040	Lavaux_2021-09-30_must_Plot20_Row8/Vine11_ID208	Harvest_2021	Lavaux_Plot_20	2021-09-30 00:00:00 +0200	Harvest	2021	Year2021	SE	Cluster2	Cluster4	20	20	2021-09-30		0.9594	0.6908	18.9609	20.1917
364525_021-LP3-ITS-0021	Lavaux_2021-09-30_must_Plot20_Row8/Vine30_ID209	Harvest_2021	Lavaux_Plot_20	2021-09-30 00:00:00 +0200	Harvest	2021	Year2021	SE	Cluster2	Cluster4	20	20	2021-09-30		0.9594	0.6908	18.9609	20.1917
364525_085-LP3-ITS-0085	Lavaux_2021-09-30_must_Plot20_Row9/Vine20_ID210	Harvest_2021	Lavaux_Plot_20	2021-09-30 00:00:00 +0200	Harvest	2021	Year2021	SE	Cluster2	Cluster4	20	20	2021-09-30		0.9594	0.6908	18.9609	20.1917
364525_007-LP3-ITS-0007	Lavaux_2021-09-30_must_Plot20_Row10/Vine10_ID211	Harvest_2021	Lavaux_Plot_20	2021-09-30 00:00:00 +0200	Harvest	2021	Year2021	SE	Cluster2	Cluster4	20	20	2021-09-30		0.9594	0.6908	18.9609	20.1917
364525_147-LP3-ITS-0147	Lavaux_2021-09-30_must_Plot20_Row10/Vine30_ID212	Harvest_2021	Lavaux_Plot_20	2021-09-30 00:00:00 +0200	Harvest	2021	Year2021	SE	Cluster2	Cluster4	20	20	2021-09-30		0.9594	0.6908	18.9609	20.1917
364525_010-LP3-ITS-0010	Lavaux_2021-09-30_must_Plot20_Row11/Vine20_ID213	Harvest_2021	Lavaux_Plot_20	2021-09-30 00:00:00 +0200	Harvest	2021	Year2021	SE	Cluster2	Cluster4	20	20	2021-09-30		0.9594	0.6908	18.9609	20.1917
364525_055-LP3-ITS-0055	Lavaux_2021-09-30_must_Plot20_Row12/Vine11_ID214	Harvest_2021	Lavaux_Plot_20	2021-09-30 00:00:00 +0200	Harvest	2021	Year2021	SE	Cluster2	Cluster4	20	20	2021-09-30		0.9594	0.6908	18.9609	20.1917
364525_045-LP3-ITS-0045	Lavaux_2021-09-30_must_Plot20_Row13/Vine20_ID215	Harvest_2021	Lavaux_Plot_20	2021-09-30 00:00:00 +0200	Harvest	2021	Year2021	SE	Cluster2	Cluster4	20	20	2021-09-30		0.9594	0.6908	18.9609	20.1917
364526_331-LP3-ITS-0907	Lavaux_2021-09-30_must_Plot20_Row14/Vine10_ID216	Harvest_2021	Lavaux_Plot_20	2021-09-30 00:00:00 +0200	Harvest	2021	Year2021	SE	Cluster2	Cluster4	20	20	2021-09-30		0.9594	0.6908	18.9609	20.1917
364525_104-LP3-ITS-0104	Lavaux_2021-09-30_must_Plot20_Row15/Vine5_ID217	Harvest_2021	Lavaux_Plot_20	2021-09-30 00:00:00 +0200	Harvest	2021	Year2021	SE	Cluster2	Cluster4	20	20	2021-09-30		0.9594	0.6908	18.9609	20.1917
364525_102-LP3-ITS-0102	Lavaux_2021-09-30_must_Plot20_Row16/Vine10_ID218	Harvest_2021	Lavaux_Plot_20	2021-09-30 00:00:00 +0200	Harvest	2021	Year2021	SE	Cluster2	Cluster4	20	20	2021-09-30		0.9594	0.6908	18.9609	20.1917
364526_324-LP3-ITS-0900	Lavaux_2021-09-30_must_Plot20_Row16/Vine20_ID219	Harvest_2021	Lavaux_Plot_20	2021-09-30 00:00:00 +0200	Harvest	2021	Year2021	SE	Cluster2	Cluster4	20	20	2021-09-30		0.9594	0.6908	18.9609	20.1917
364525_255-LP3-ITS-0255	Lavaux_2022-08-10_must_Plot4	Veraison_2022	Lavaux_Plot_4	10.08.2022	Veraison	2022	Year2022	NW	Cluster3	Cluster1	4	4	2022-08-10	16.0	0.917	0.445	15.702	15.597
364525_263-LP3-ITS-0263	Lavaux_2022-08-10_must_Plot5	Veraison_2022	Lavaux_Plot_5	10.08.2022	Veraison	2022	Year2022	SW	Cluster3	Cluster3	5	5	2022-08-10	14.0	1.225	0.357	13.924	13.928
364525_271-LP3-ITS-0271	Lavaux_2022-08-10_must_Plot9	Veraison_2022	Lavaux_Plot_9	10.08.2022	Veraison	2022	Year2022	NE	Cluster3	Cluster2	9	9	2022-08-10	13.0	1.397	0.617	12.491	11.961
364525_279-LP3-ITS-0279	Lavaux_2022-08-10_must_Plot11	Veraison_2022	Lavaux_Plot_11	10.08.2022	Veraison	2022	Year2022	NW	Cluster3	Cluster1	11	11	2022-08-10	14.0	1.247	0.47	13.583	13.317
364525_287-LP3-ITS-0287	Lavaux_2022-08-10_must_Plot12	Veraison_2022	Lavaux_Plot_12	10.08.2022	Veraison	2022	Year2022	NW	Cluster1	Cluster1	12	12	2022-08-10	10.5	0.927	0.0	19.509	21.097
364525_200-LP3-ITS-0200	Lavaux_2022-08-10_must_Plot13	Veraison_2022	Lavaux_Plot_13	10.08.2022	Veraison	2022	Year2022	NW	Cluster3	Cluster1	13	13	2022-08-10	11.0	0.973	0.814	10.721	10.115
364525_208-LP3-ITS-0208	Lavaux_2022-08-10_must_Plot14	Veraison_2022	Lavaux_Plot_14	10.08.2022	Veraison	2022	Year2022	NW	Cluster3	Cluster3	14	14	2022-08-10	17.0	1.284	0.0	16.636	16.384
364525_216-LP3-ITS-0216	Lavaux_2022-08-10_must_Plot15	Veraison_2022	Lavaux_Plot_15	10.08.2022	Veraison	2022	Year2022	NW	Cluster1	Cluster1	15	15	2022-08-10	13.0	1.448	0.66	11.579	10.896
364525_248-LP3-ITS-0248	Lavaux_2022-08-10_must_Plot19	Veraison_2022	Lavaux_Plot_19	10.08.2022	Veraison	2022	Year2022	SE	Cluster2	Cluster2	19	19	2022-08-10	13.5	0.921	0.564	12.866	12.632
364525_256-LP3-ITS-0256	Lavaux_2022-08-10_must_Plot20	Veraison_2022	Lavaux_Plot_20	10.08.2022	Veraison	2022	Year2022	SE	Cluster2	Cluster4	20	20	2022-08-10	14.5	1.505	0.519	13.643	13.288
364525_224-LP3-ITS-0224	Lavaux_2022-08-10_must_Plot17	Veraison_2022	Lavaux_Plot_17	10.08.2022	Veraison	2022	Year2022	SE	Cluster2	Cluster3	17	17	2022-08-10	16.0	1.275	0.0	15.294	15.477
364525_211-LP3-ITS-0211	Lavaux_2022-09-09_must_Plot4_RepA	Harvest_2022	Lavaux_Plot_4	09.09.2022	Harvest	2022	Year2022	NW	Cluster3	Cluster1	4	4	2022-09-09	19.5	0.955	0.083	18.8826	20.54
364525_219-LP3-ITS-0219	Lavaux_2022-09-09_must_Plot4_RepB	Harvest_2022	Lavaux_Plot_4	09.09.2022	Harvest	2022	Year2022	NW	Cluster3	Cluster1	4	4	2022-09-09	19.5	0.955	0.083	18.8826	20.54
364525_227-LP3-ITS-0227	Lavaux_2022-09-09_must_Plot4_RepC	Harvest_2022	Lavaux_Plot_4	09.09.2022	Harvest	2022	Year2022	NW	Cluster3	Cluster1	4	4	2022-09-09	19.5	0.955	0.083	18.8826	20.54
364525_235-LP3-ITS-0235	Lavaux_2022-09-09_must_Plot4_RepD	Harvest_2022	Lavaux_Plot_4	09.09.2022	Harvest	2022	Year2022	NW	Cluster3	Cluster1	4	4	2022-09-09	19.5	0.955	0.083	18.8826	20.54
364525_243-LP3-ITS-0243	Lavaux_2022-09-09_must_Plot4_RepE	Harvest_2022	Lavaux_Plot_4	09.09.2022	Harvest	2022	Year2022	NW	Cluster3	Cluster1	4	4	2022-09-09	19.5	0.955	0.083	18.8826	20.54
364525_251-LP3-ITS-0251	Lavaux_2022-09-09_must_Plot5_RepA	Harvest_2022	Lavaux_Plot_5	09.09.2022	Harvest	2022	Year2022	SW	Cluster3	Cluster3	5	5	2022-09-09	19.8	0.8874	0.0405	19.3776	20.4846
364525_259-LP3-ITS-0259	Lavaux_2022-09-09_must_Plot5_RepB	Harvest_2022	Lavaux_Plot_5	09.09.2022	Harvest	2022	Year2022	SW	Cluster3	Cluster3	5	5	2022-09-09	19.8	0.8874	0.0405	19.3776	20.4846
364525_267-LP3-ITS-0267	Lavaux_2022-09-09_must_Plot5_RepC	Harvest_2022	Lavaux_Plot_5	09.09.2022	Harvest	2022	Year2022	SW	Cluster3	Cluster3	5	5	2022-09-09	19.8	0.8874	0.0405	19.3776	20.4846
364525_275-LP3-ITS-0275	Lavaux_2022-09-09_must_Plot5_RepD	Harvest_2022	Lavaux_Plot_5	09.09.2022	Harvest	2022	Year2022	SW	Cluster3	Cluster3	5	5	2022-09-09	19.8	0.8874	0.0405	19.3776	20.4846
364525_283-LP3-ITS-0283	Lavaux_2022-09-09_must_Plot5_RepE	Harvest_2022	Lavaux_Plot_5	09.09.2022	Harvest	2022	Year2022	SW	Cluster3	Cluster3	5	5	2022-09-09	19.8	0.8874	0.0405	19.3776	20.4846
364525_196-LP3-ITS-0196	Lavaux_2022-09-09_must_Plot9_RepA	Harvest_2022	Lavaux_Plot_9	09.09.2022	Harvest	2022	Year2022	NE	Cluster3	Cluster2	9	9	2022-09-09	19.2	0.9222	0.0694	17.287	18.853
364525_204-LP3-ITS-0204	Lavaux_2022-09-09_must_Plot9_RepB	Harvest_2022	Lavaux_Plot_9	09.09.2022	Harvest	2022	Year2022	NE	Cluster3	Cluster2	9	9	2022-09-09	19.2	0.9222	0.0694	17.287	18.853
364525_212-LP3-ITS-0212	Lavaux_2022-09-09_must_Plot9_RepC	Harvest_2022	Lavaux_Plot_9	09.09.2022	Harvest	2022	Year2022	NE	Cluster3	Cluster2	9	9	2022-09-09	19.2	0.9222	0.0694	17.287	18.853
364525_220-LP3-ITS-0220	Lavaux_2022-09-09_must_Plot9_RepD	Harvest_2022	Lavaux_Plot_9	09.09.2022	Harvest	2022	Year2022	NE	Cluster3	Cluster2	9	9	2022-09-09	19.2	0.9222	0.0694	17.287	18.853
364525_228-LP3-ITS-0228	Lavaux_2022-09-09_must_Plot9_RepE	Harvest_2022	Lavaux_Plot_9	09.09.2022	Harvest	2022	Year2022	NE	Cluster3	Cluster2	9	9	2022-09-09	19.2	0.9222	0.0694	17.287	18.853
364525_236-LP3-ITS-0236	Lavaux_2022-09-09_must_Plot12_RepA	Harvest_2022	Lavaux_Plot_12	09.09.2022	Harvest	2022	Year2022	NW	Cluster1	Cluster1	12	12	2022-09-09	17.1	1.1046	0.2186	13.6358	14.96
364525_244-LP3-ITS-0244	Lavaux_2022-09-09_must_Plot12_RepB	Harvest_2022	Lavaux_Plot_12	09.09.2022	Harvest	2022	Year2022	NW	Cluster1	Cluster1	12	12	2022-09-09	17.1	1.1046	0.2186	13.6358	14.96
364525_252-LP3-ITS-0252	Lavaux_2022-09-09_must_Plot12_RepC	Harvest_2022	Lavaux_Plot_12	09.09.2022	Harvest	2022	Year2022	NW	Cluster1	Cluster1	12	12	2022-09-09	17.1	1.1046	0.2186	13.6358	14.96
364525_260-LP3-ITS-0260	Lavaux_2022-09-09_must_Plot12_RepD	Harvest_2022	Lavaux_Plot_12	09.09.2022	Harvest	2022	Year2022	NW	Cluster1	Cluster1	12	12	2022-09-09	17.1	1.1046	0.2186	13.6358	14.96
364525_268-LP3-ITS-0268	Lavaux_2022-09-09_must_Plot12_RepE	Harvest_2022	Lavaux_Plot_12	09.09.2022	Harvest	2022	Year2022	NW	Cluster1	Cluster1	12	12	2022-09-09	17.1	1.1046	0.2186	13.6358	14.96
364525_276-LP3-ITS-0276	Lavaux_2022-09-09_must_Plot13_RepA	Harvest_2022	Lavaux_Plot_13	09.09.2022	Harvest	2022	Year2022	NW	Cluster3	Cluster1	13	13	2022-09-09	17.6	0.9306	0.0724	15.884	17.5112
364525_284-LP3-ITS-0284	Lavaux_2022-09-09_must_Plot13_RepB	Harvest_2022	Lavaux_Plot_13	09.09.2022	Harvest	2022	Year2022	NW	Cluster3	Cluster1	13	13	2022-09-09	17.6	0.9306	0.0724	15.884	17.5112
364525_197-LP3-ITS-0197	Lavaux_2022-09-09_must_Plot13_RepC	Harvest_2022	Lavaux_Plot_13	09.09.2022	Harvest	2022	Year2022	NW	Cluster3	Cluster1	13	13	2022-09-09	17.6	0.9306	0.0724	15.884	17.5112
364525_205-LP3-ITS-0205	Lavaux_2022-09-09_must_Plot13_RepD	Harvest_2022	Lavaux_Plot_13	09.09.2022	Harvest	2022	Year2022	NW	Cluster3	Cluster1	13	13	2022-09-09	17.6	0.9306	0.0724	15.884	17.5112
364525_213-LP3-ITS-0213	Lavaux_2022-09-09_must_Plot13_RepE	Harvest_2022	Lavaux_Plot_13	09.09.2022	Harvest	2022	Year2022	NW	Cluster3	Cluster1	13	13	2022-09-09	17.6	0.9306	0.0724	15.884	17.5112
364525_221-LP3-ITS-0221	Lavaux_2022-09-09_must_Plot14_RepA	Harvest_2022	Lavaux_Plot_14	09.09.2022	Harvest	2022	Year2022	NW	Cluster3	Cluster3	14	14	2022-09-09	18.8	0.981	0.0782	17.6878	18.9796
364525_229-LP3-ITS-0229	Lavaux_2022-09-09_must_Plot14_RepB	Harvest_2022	Lavaux_Plot_14	09.09.2022	Harvest	2022	Year2022	NW	Cluster3	Cluster3	14	14	2022-09-09	18.8	0.981	0.0782	17.6878	18.9796
364525_237-LP3-ITS-0237	Lavaux_2022-09-09_must_Plot14_RepC	Harvest_2022	Lavaux_Plot_14	09.09.2022	Harvest	2022	Year2022	NW	Cluster3	Cluster3	14	14	2022-09-09	18.8	0.981	0.0782	17.6878	18.9796
364525_245-LP3-ITS-0245	Lavaux_2022-09-09_must_Plot14_RepD	Harvest_2022	Lavaux_Plot_14	09.09.2022	Harvest	2022	Year2022	NW	Cluster3	Cluster3	14	14	2022-09-09	18.8	0.981	0.0782	17.6878	18.9796
364525_253-LP3-ITS-0253	Lavaux_2022-09-09_must_Plot14_RepE	Harvest_2022	Lavaux_Plot_14	09.09.2022	Harvest	2022	Year2022	NW	Cluster3	Cluster3	14	14	2022-09-09	18.8	0.981	0.0782	17.6878	18.9796
364525_261-LP3-ITS-0261	Lavaux_2022-09-09_must_Plot15_RepA	Harvest_2022	Lavaux_Plot_15	09.09.2022	Harvest	2022	Year2022	NW	Cluster1	Cluster1	15	15	2022-09-09	17.3	1.1588	0.0972	14.325	15.952
364525_277-LP3-ITS-0277	Lavaux_2022-09-09_must_Plot15_RepB	Harvest_2022	Lavaux_Plot_15	09.09.2022	Harvest	2022	Year2022	NW	Cluster1	Cluster1	15	15	2022-09-09	17.3	1.1588	0.0972	14.325	15.952
364525_285-LP3-ITS-0285	Lavaux_2022-09-09_must_Plot15_RepC	Harvest_2022	Lavaux_Plot_15	09.09.2022	Harvest	2022	Year2022	NW	Cluster1	Cluster1	15	15	2022-09-09	17.3	1.1588	0.0972	14.325	15.952
364525_198-LP3-ITS-0198	Lavaux_2022-09-09_must_Plot15_RepD	Harvest_2022	Lavaux_Plot_15	09.09.2022	Harvest	2022	Year2022	NW	Cluster1	Cluster1	15	15	2022-09-09	17.3	1.1588	0.0972	14.325	15.952
364525_206-LP3-ITS-0206	Lavaux_2022-09-09_must_Plot15_RepE	Harvest_2022	Lavaux_Plot_15	09.09.2022	Harvest	2022	Year2022	NW	Cluster1	Cluster1	15	15	2022-09-09	17.3	1.1588	0.0972	14.325	15.952
364525_262-LP3-ITS-0262	Lavaux_2022-09-09_must_Plot19_RepA	Harvest_2022	Lavaux_Plot_19	09.09.2022	Harvest	2022	Year2022	SE	Cluster2	Cluster2	19	19	2022-09-09	17.7	0.8918	0.1796	16.4586	17.784
364525_270-LP3-ITS-0270	Lavaux_2022-09-09_must_Plot19_RepB	Harvest_2022	Lavaux_Plot_19	09.09.2022	Harvest	2022	Year2022	SE	Cluster2	Cluster2	19	19	2022-09-09	17.7	0.8918	0.1796	16.4586	17.784
364525_278-LP3-ITS-0278	Lavaux_2022-09-09_must_Plot19_RepC	Harvest_2022	Lavaux_Plot_19	09.09.2022	Harvest	2022	Year2022	SE	Cluster2	Cluster2	19	19	2022-09-09	17.7	0.8918	0.1796	16.4586	17.784
364525_286-LP3-ITS-0286	Lavaux_2022-09-09_must_Plot19_RepD	Harvest_2022	Lavaux_Plot_19	09.09.2022	Harvest	2022	Year2022	SE	Cluster2	Cluster2	19	19	2022-09-09	17.7	0.8918	0.1796	16.4586	17.784
364525_199-LP3-ITS-0199	Lavaux_2022-09-09_must_Plot19_RepE	Harvest_2022	Lavaux_Plot_19	09.09.2022	Harvest	2022	Year2022	SE	Cluster2	Cluster2	19	19	2022-09-09	17.7	0.8918	0.1796	16.4586	17.784
364525_207-LP3-ITS-0207	Lavaux_2022-09-09_must_Plot20_RepA	Harvest_2022	Lavaux_Plot_20	09.09.2022	Harvest	2022	Year2022	SE	Cluster2	Cluster4	20	20	2022-09-09	19.3	1.102	0.092	17.9328	19.7216
364525_215-LP3-ITS-0215	Lavaux_2022-09-09_must_Plot20_RepB	Harvest_2022	Lavaux_Plot_20	09.09.2022	Harvest	2022	Year2022	SE	Cluster2	Cluster4	20	20	2022-09-09	19.3	1.102	0.092	17.9328	19.7216
364525_223-LP3-ITS-0223	Lavaux_2022-09-09_must_Plot20_RepC	Harvest_2022	Lavaux_Plot_20	09.09.2022	Harvest	2022	Year2022	SE	Cluster2	Cluster4	20	20	2022-09-09	19.3	1.102	0.092	17.9328	19.7216
364525_231-LP3-ITS-0231	Lavaux_2022-09-09_must_Plot20_RepD	Harvest_2022	Lavaux_Plot_20	09.09.2022	Harvest	2022	Year2022	SE	Cluster2	Cluster4	20	20	2022-09-09	19.3	1.102	0.092	17.9328	19.7216
364525_239-LP3-ITS-0239	Lavaux_2022-09-09_must_Plot20_RepE	Harvest_2022	Lavaux_Plot_20	09.09.2022	Harvest	2022	Year2022	SE	Cluster2	Cluster4	20	20	2022-09-09	19.3	1.102	0.092	17.9328	19.7216
364525_222-LP3-ITS-0222	Lavaux_2022-09-09_must_Plot17_RepA	Harvest_2022	Lavaux_Plot_17	09.09.2022	Harvest	2022	Year2022	SE	Cluster2	Cluster3	17	17	2022-09-09	20.2	0.8458	0.0774	18.7906	20.599
364525_230-LP3-ITS-0230	Lavaux_2022-09-09_must_Plot17_RepB	Harvest_2022	Lavaux_Plot_17	09.09.2022	Harvest	2022	Year2022	SE	Cluster2	Cluster3	17	17	2022-09-09	20.2	0.8458	0.0774	18.7906	20.599
364525_238-LP3-ITS-0238	Lavaux_2022-09-09_must_Plot17_RepC	Harvest_2022	Lavaux_Plot_17	09.09.2022	Harvest	2022	Year2022	SE	Cluster2	Cluster3	17	17	2022-09-09	20.2	0.8458	0.0774	18.7906	20.599
364525_246-LP3-ITS-0246	Lavaux_2022-09-09_must_Plot17_RepD	Harvest_2022	Lavaux_Plot_17	09.09.2022	Harvest	2022	Year2022	SE	Cluster2	Cluster3	17	17	2022-09-09	20.2	0.8458	0.0774	18.7906	20.599
364525_254-LP3-ITS-0254	Lavaux_2022-09-09_must_Plot17_RepE	Harvest_2022	Lavaux_Plot_17	09.09.2022	Harvest	2022	Year2022	SE	Cluster2	Cluster3	17	17	2022-09-09	20.2	0.8458	0.0774	18.7906	20.599
364526_242-LP3-ITS-0818	Lavaux_2023-08-24_must_Plot4	Veraison_2023	Lavaux_Plot_4	24.08.2023	Veraison	2023	Year2023	NW	Cluster3	Cluster1	4	4	2023-08-24	14.0	1.746	0.078	16.064	15.769
364526_244-LP3-ITS-0820	Lavaux_2023-08-24_must_Plot5	Veraison_2023	Lavaux_Plot_5	24.08.2023	Veraison	2023	Year2023	SW	Cluster3	Cluster3	5	5	2023-08-24	16.4	1.477	0.086	21.178	21.285
364526_248-LP3-ITS-0824	Lavaux_2023-08-24_must_Plot9	Veraison_2023	Lavaux_Plot_9	24.08.2023	Veraison	2023	Year2023	NE	Cluster3	Cluster2	9	9	2023-08-24	11.0	1.454	0.63	13.58	13.096
364526_237-LP3-ITS-0813	Lavaux_2023-08-24_must_Plot12	Veraison_2023	Lavaux_Plot_12	24.08.2023	Veraison	2023	Year2023	NW	Cluster1	Cluster1	12	12	2023-08-24	11.0	1.47	0.705	14.636	13.577
364526_250-LP3-ITS-0826	Lavaux_2023-08-24_must_Plot13	Veraison_2023	Lavaux_Plot_13	24.08.2023	Veraison	2023	Year2023	NW	Cluster3	Cluster1	13	13	2023-08-24	13.0	1.48	0.094	16.843	16.272
364526_245-LP3-ITS-0821	Lavaux_2023-08-24_must_Plot14	Veraison_2023	Lavaux_Plot_14	24.08.2023	Veraison	2023	Year2023	NW	Cluster3	Cluster3	14	14	2023-08-24	19.4	1.647	0.037	20.807	20.396
364526_233-LP3-ITS-0809	Lavaux_2023-08-24_must_Plot15	Veraison_2023	Lavaux_Plot_15	24.08.2023	Veraison	2023	Year2023	NW	Cluster1	Cluster1	15	15	2023-08-24	14.2	2.149	0.065	16.411	16.062
364526_229-LP3-ITS-0805	Lavaux_2023-08-24_must_Plot19	Veraison_2023	Lavaux_Plot_19	24.08.2023	Veraison	2023	Year2023	SE	Cluster2	Cluster2	19	19	2023-08-24	18.2	1.35	0.083	15.585	15.19
364526_239-LP3-ITS-0815	Lavaux_2023-08-24_must_Plot20	Veraison_2023	Lavaux_Plot_20	24.08.2023	Veraison	2023	Year2023	SE	Cluster2	Cluster4	20	20	2023-08-24	14.0	1.505	0.09	22.676	22.534
364526_226-LP3-ITS-0802	Lavaux_2023-08-24_must_Plot17	Veraison_2023	Lavaux_Plot_17	24.08.2023	Veraison	2023	Year2023	SE	Cluster2	Cluster3	17	17	2023-08-24	13.2	1.32	0.079	18.362	18.338
364526_213-LP3-ITS-0789	Lavaux_2023-09-20_must_Plot4_RepA	Harvest_2023	Lavaux_Plot_4	20.09.2023	Harvest	2023	Year2023	NW	Cluster3	Cluster1	4A	4	2023-09-20	18.6	1.453	0.055	18.245	20.139
364526_220-LP3-ITS-0796	Lavaux_2023-09-20_must_Plot4_RepB	Harvest_2023	Lavaux_Plot_4	20.09.2023	Harvest	2023	Year2023	NW	Cluster3	Cluster1	4B	4	2023-09-20	19.4	1.316	0.064	19.902	21.67
364526_210-LP3-ITS-0786	Lavaux_2023-09-20_must_Plot4_RepC	Harvest_2023	Lavaux_Plot_4	20.09.2023	Harvest	2023	Year2023	NW	Cluster3	Cluster1	4C	4	2023-09-20	16.2	1.508	0.072	15.026	17.469
364526_196-LP3-ITS-0772	Lavaux_2023-09-20_must_Plot4_RepD	Harvest_2023	Lavaux_Plot_4	20.09.2023	Harvest	2023	Year2023	NW	Cluster3	Cluster1	4D	4	2023-09-20	17.2	1.664	0.078	17.34	19.331
364526_195-LP3-ITS-0771	Lavaux_2023-09-20_must_Plot4_RepE	Harvest_2023	Lavaux_Plot_4	20.09.2023	Harvest	2023	Year2023	NW	Cluster3	Cluster1	4E	4	2023-09-20	18.6	1.566	0.086	18.375	20.371
364526_234-LP3-ITS-0810	Lavaux_2023-09-20_must_Plot5_RepA	Harvest_2023	Lavaux_Plot_5	20.09.2023	Harvest	2023	Year2023	SW	Cluster3	Cluster3	5A	5	2023-09-20	16.2	1.675	0.0	16.789	17.887
364526_240-LP3-ITS-0816	Lavaux_2023-09-20_must_Plot5_RepB	Harvest_2023	Lavaux_Plot_5	20.09.2023	Harvest	2023	Year2023	SW	Cluster3	Cluster3	5B	5	2023-09-20	17.4	1.63	0.075	18.901	20.944
364526_243-LP3-ITS-0819	Lavaux_2023-09-20_must_Plot5_RepC	Harvest_2023	Lavaux_Plot_5	20.09.2023	Harvest	2023	Year2023	SW	Cluster3	Cluster3	5C	5	2023-09-20	18.6	1.153	0.064	20.444	22.76
364526_238-LP3-ITS-0814	Lavaux_2023-09-20_must_Plot5_RepD	Harvest_2023	Lavaux_Plot_5	20.09.2023	Harvest	2023	Year2023	SW	Cluster3	Cluster3	5D	5	2023-09-20	16.6	1.168	0.072	18.327	20.67
364526_252-LP3-ITS-0828	Lavaux_2023-09-20_must_Plot5_RepE	Harvest_2023	Lavaux_Plot_5	20.09.2023	Harvest	2023	Year2023	SW	Cluster3	Cluster3	5E	5	2023-09-20	17.0	2.174	0.103	18.703	21.114
364526_228-LP3-ITS-0804	Lavaux_2023-09-20_must_Plot9_RepA	Harvest_2023	Lavaux_Plot_9	20.09.2023	Harvest	2023	Year2023	NE	Cluster3	Cluster2	9A	9	2023-09-20	18.8	1.459	0.084	22.202	23.599
364526_235-LP3-ITS-0811	Lavaux_2023-09-20_must_Plot9_RepB	Harvest_2023	Lavaux_Plot_9	20.09.2023	Harvest	2023	Year2023	NE	Cluster3	Cluster2	9B	9	2023-09-20	17.2	1.16	0.075	19.577	20.575
364526_246-LP3-ITS-0822	Lavaux_2023-09-20_must_Plot9_RepC	Harvest_2023	Lavaux_Plot_9	20.09.2023	Harvest	2023	Year2023	NE	Cluster3	Cluster2	9C	9	2023-09-20	18.4	1.339	0.093	20.336	21.589
364526_254-LP3-ITS-0830	Lavaux_2023-09-20_must_Plot9_RepD	Harvest_2023	Lavaux_Plot_9	20.09.2023	Harvest	2023	Year2023	NE	Cluster3	Cluster2	9D	9	2023-09-20	15.4	1.597	0.065	17.451	18.145
364526_232-LP3-ITS-0808	Lavaux_2023-09-20_must_Plot9_RepE	Harvest_2023	Lavaux_Plot_9	20.09.2023	Harvest	2023	Year2023	NE	Cluster3	Cluster2	9E	9	2023-09-20	18.0	1.541	0.077	21.745	22.969
364526_202-LP3-ITS-0778	Lavaux_2023-09-20_must_Plot12_RepA	Harvest_2023	Lavaux_Plot_12	20.09.2023	Harvest	2023	Year2023	NW	Cluster1	Cluster1	12A	12	2023-09-20	18.8	1.763	0.119	24.499	25.947
364526_224-LP3-ITS-0800	Lavaux_2023-09-20_must_Plot12_RepB	Harvest_2023	Lavaux_Plot_12	20.09.2023	Harvest	2023	Year2023	NW	Cluster1	Cluster1	12B	12	2023-09-20	17.2	1.735	0.115	16.551	18.103
364526_218-LP3-ITS-0794	Lavaux_2023-09-20_must_Plot12_RepC	Harvest_2023	Lavaux_Plot_12	20.09.2023	Harvest	2023	Year2023	NW	Cluster1	Cluster1	12C	12	2023-09-20	17.6	1.473	0.072	16.872	18.455
364526_209-LP3-ITS-0785	Lavaux_2023-09-20_must_Plot12_RepD	Harvest_2023	Lavaux_Plot_12	20.09.2023	Harvest	2023	Year2023	NW	Cluster1	Cluster1	12D	12	2023-09-20	18.8	1.559	0.078	20.563	21.909
364526_207-LP3-ITS-0783	Lavaux_2023-09-20_must_Plot12_RepE	Harvest_2023	Lavaux_Plot_12	20.09.2023	Harvest	2023	Year2023	NW	Cluster1	Cluster1	12E	12	2023-09-20	18.0	1.299	0.07	18.103	18.813
364526_193-LP3-ITS-0769	Lavaux_2023-09-20_must_Plot13_RepA	Harvest_2023	Lavaux_Plot_13	20.09.2023	Harvest	2023	Year2023	NW	Cluster3	Cluster1	13A	13	2023-09-20	17.2	1.566	0.088	19.257	20.172
364526_203-LP3-ITS-0779	Lavaux_2023-09-20_must_Plot13_RepB	Harvest_2023	Lavaux_Plot_13	20.09.2023	Harvest	2023	Year2023	NW	Cluster3	Cluster1	13B	13	2023-09-20	19.0	1.586	0.082	20.403	21.771
364526_200-LP3-ITS-0776	Lavaux_2023-09-20_must_Plot13_RepC	Harvest_2023	Lavaux_Plot_13	20.09.2023	Harvest	2023	Year2023	NW	Cluster3	Cluster1	13C	13	2023-09-20	16.6	1.326	0.079	15.647	16.664
364526_212-LP3-ITS-0788	Lavaux_2023-09-20_must_Plot13_RepD	Harvest_2023	Lavaux_Plot_13	20.09.2023	Harvest	2023	Year2023	NW	Cluster3	Cluster1	13D	13	2023-09-20	17.0	1.958	0.099	15.947	17.511
364526_221-LP3-ITS-0797	Lavaux_2023-09-20_must_Plot13_RepE	Harvest_2023	Lavaux_Plot_13	20.09.2023	Harvest	2023	Year2023	NW	Cluster3	Cluster1	13E	13	2023-09-20	17.4	1.617	0.065	18.505	19.907
364526_231-LP3-ITS-0807	Lavaux_2023-09-20_must_Plot14_RepA	Harvest_2023	Lavaux_Plot_14	20.09.2023	Harvest	2023	Year2023	NW	Cluster3	Cluster3	14A	14	2023-09-20	17.0	1.855	0.161	16.87	19.923
364526_241-LP3-ITS-0817	Lavaux_2023-09-20_must_Plot14_RepB	Harvest_2023	Lavaux_Plot_14	20.09.2023	Harvest	2023	Year2023	NW	Cluster3	Cluster3	14B	14	2023-09-20	20.6	1.714	0.088	22.829	23.62
364526_253-LP3-ITS-0829	Lavaux_2023-09-20_must_Plot14_RepC	Harvest_2023	Lavaux_Plot_14	20.09.2023	Harvest	2023	Year2023	NW	Cluster3	Cluster3	14C	14	2023-09-20	19.2	1.696	0.064	21.296	22.517
364526_251-LP3-ITS-0827	Lavaux_2023-09-20_must_Plot14_RepD	Harvest_2023	Lavaux_Plot_14	20.09.2023	Harvest	2023	Year2023	NW	Cluster3	Cluster3	14D	14	2023-09-20	21.0	1.636	0.068	21.653	22.806
364526_236-LP3-ITS-0812	Lavaux_2023-09-20_must_Plot14_RepE	Harvest_2023	Lavaux_Plot_14	20.09.2023	Harvest	2023	Year2023	NW	Cluster3	Cluster3	14E	14	2023-09-20	18.4	1.839	0.066	20.819	22.231
364526_194-LP3-ITS-0770	Lavaux_2023-09-20_must_Plot15_RepA	Harvest_2023	Lavaux_Plot_15	20.09.2023	Harvest	2023	Year2023	NW	Cluster1	Cluster1	15A	15	2023-09-20	16.2	1.863	0.136	15.362	17.88
364526_222-LP3-ITS-0798	Lavaux_2023-09-20_must_Plot15_RepB	Harvest_2023	Lavaux_Plot_15	20.09.2023	Harvest	2023	Year2023	NW	Cluster1	Cluster1	15B	15	2023-09-20	16.4	1.747	0.085	16.789	17.81
364526_199-LP3-ITS-0775	Lavaux_2023-09-20_must_Plot15_RepC	Harvest_2023	Lavaux_Plot_15	20.09.2023	Harvest	2023	Year2023	NW	Cluster1	Cluster1	15C	15	2023-09-20	17.2	1.299	0.063	16.603	17.673
364526_214-LP3-ITS-0790	Lavaux_2023-09-20_must_Plot15_RepD	Harvest_2023	Lavaux_Plot_15	20.09.2023	Harvest	2023	Year2023	NW	Cluster1	Cluster1	15D	15	2023-09-20	19.8	1.506	0.122	18.503	19.573
364526_208-LP3-ITS-0784	Lavaux_2023-09-20_must_Plot15_RepE	Harvest_2023	Lavaux_Plot_15	20.09.2023	Harvest	2023	Year2023	NW	Cluster1	Cluster1	15E	15	2023-09-20	17.4	1.07	0.055	18.511	19.582
364526_206-LP3-ITS-0782	Lavaux_2023-09-20_must_Plot19_RepA	Harvest_2023	Lavaux_Plot_19	20.09.2023	Harvest	2023	Year2023	SE	Cluster2	Cluster2	19A	19	2023-09-20	16.0	1.406	0.077	15.606	16.871
364526_198-LP3-ITS-0774	Lavaux_2023-09-20_must_Plot19_RepB	Harvest_2023	Lavaux_Plot_19	20.09.2023	Harvest	2023	Year2023	SE	Cluster2	Cluster2	19B	19	2023-09-20	18.0	1.597	0.092	16.266	18.164
364526_217-LP3-ITS-0793	Lavaux_2023-09-20_must_Plot19_RepC	Harvest_2023	Lavaux_Plot_19	20.09.2023	Harvest	2023	Year2023	SE	Cluster2	Cluster2	19C	19	2023-09-20	16.2	1.394	0.051	15.04	15.959
364526_215-LP3-ITS-0791	Lavaux_2023-09-20_must_Plot19_RepD	Harvest_2023	Lavaux_Plot_19	20.09.2023	Harvest	2023	Year2023	SE	Cluster2	Cluster2	19D	19	2023-09-20	17.8	1.32	0.057	15.756	16.694
364526_201-LP3-ITS-0777	Lavaux_2023-09-20_must_Plot19_RepE	Harvest_2023	Lavaux_Plot_19	20.09.2023	Harvest	2023	Year2023	SE	Cluster2	Cluster2	19E	19	2023-09-20	16.0	1.467	0.055	14.048	14.997
364526_197-LP3-ITS-0773	Lavaux_2023-09-20_must_Plot20_RepA	Harvest_2023	Lavaux_Plot_20	20.09.2023	Harvest	2023	Year2023	SE	Cluster2	Cluster4	20A	20	2023-09-20	19.8	1.294	0.087	18.433	19.855
364526_211-LP3-ITS-0787	Lavaux_2023-09-20_must_Plot20_RepB	Harvest_2023	Lavaux_Plot_20	20.09.2023	Harvest	2023	Year2023	SE	Cluster2	Cluster4	20B	20	2023-09-20	19.0	1.952	0.142	16.393	19.121
364526_219-LP3-ITS-0795	Lavaux_2023-09-20_must_Plot20_RepC	Harvest_2023	Lavaux_Plot_20	20.09.2023	Harvest	2023	Year2023	SE	Cluster2	Cluster4	20C	20	2023-09-20	17.8	1.763	0.083	17.15	18.682
364526_204-LP3-ITS-0780	Lavaux_2023-09-20_must_Plot20_RepD	Harvest_2023	Lavaux_Plot_20	20.09.2023	Harvest	2023	Year2023	SE	Cluster2	Cluster4	20D	20	2023-09-20	18.2	1.69	0.119	16.293	18.78
364526_216-LP3-ITS-0792	Lavaux_2023-09-20_must_Plot20_RepE	Harvest_2023	Lavaux_Plot_20	20.09.2023	Harvest	2023	Year2023	SE	Cluster2	Cluster4	20E	20	2023-09-20	19.8	1.851	0.105	19.931	20.718
364526_249-LP3-ITS-0825	Lavaux_2023-09-20_must_Plot17_RepA	Harvest_2023	Lavaux_Plot_17	20.09.2023	Harvest	2023	Year2023	SE	Cluster2	Cluster3	17A	17	2023-09-20	19.8	1.134	0.089	21.808	23.374
364526_230-LP3-ITS-0806	Lavaux_2023-09-20_must_Plot17_RepB	Harvest_2023	Lavaux_Plot_17	20.09.2023	Harvest	2023	Year2023	SE	Cluster2	Cluster3	17B	17	2023-09-20	18.2	1.496	0.097	16.386	18.247
364526_225-LP3-ITS-0801	Lavaux_2023-09-20_must_Plot17_RepC	Harvest_2023	Lavaux_Plot_17	20.09.2023	Harvest	2023	Year2023	SE	Cluster2	Cluster3	17C	17	2023-09-20	18.6	1.291	0.104	18.663	20.781
364526_227-LP3-ITS-0803	Lavaux_2023-09-20_must_Plot17_RepD	Harvest_2023	Lavaux_Plot_17	20.09.2023	Harvest	2023	Year2023	SE	Cluster2	Cluster3	17D	17	2023-09-20	16.2	1.12	0.085	17.153	18.839
364526_247-LP3-ITS-0823	Lavaux_2023-09-20_must_Plot17_RepE	Harvest_2023	Lavaux_Plot_17	20.09.2023	Harvest	2023	Year2023	SE	Cluster2	Cluster3	17E	17	2023-09-20	17.0	1.051	0.083	16.54	18.276
364525_273-LP3-ITS-0273	Lavaux_2021-09-30_must_Plot5_Row6/Vine30_ID37	Harvest_2021	Lavaux_Plot_5	2021-09-30 00:00:00 +0200	Harvest	2021	Year2021	SW	Cluster3	Cluster3	5	5	2021-09-30		1.3313	0.5027	20.4215	22.476
