id	SAMPLE_NAME	CTRL	Project	DNA_extraction_plate	Plate	Fungal conc. (ng/uL)
364526_478-LP3-ITS-1054	DNA24_negCtrl_2	NegCtrl	BotrytizedWine	DNA41	P11	3.0
364526_357-LP3-ITS-0933	MV_Post-AF_Plot4_2023-10-11	Sample	Lavaux	DNA42	P10	0.7
364526_236-LP3-ITS-0812	Lavaux_2023-09-20_must_Plot14_RepE	Sample	Lavaux	DNA40	P9	3.5
364526_479-LP3-ITS-1055	DNA41_negCtrl_2	NegCtrl	BotrytizedWine	DNA41	P11	15.3
364526_358-LP3-ITS-0934	MV_Must_Plot9_2023-09-23	Sample	Lavaux	DNA42	P10	7.8
364526_237-LP3-ITS-0813	Lavaux_2023-08-24_must_Plot12	Sample	Lavaux	DNA40	P9	0.6
364526_480-LP3-ITS-1056	DNA24_negCtrl_3	NegCtrl	BotrytizedWine	DNA41	P11	12.0
364526_359-LP3-ITS-0935	MV_Post-MLF_Plot15_2023-12-11	Sample	Lavaux	DNA42	P10	0.2
364526_238-LP3-ITS-0814	Lavaux_2023-09-20_must_Plot5_RepD	Sample	Lavaux	DNA40	P9	2.3
364526_360-LP3-ITS-0936	MV_Post-MLF_Plot14_2023-12-11	Sample	Lavaux	DNA42	P10	1.0
364526_239-LP3-ITS-0815	Lavaux_2023-08-24_must_Plot20	Sample	Lavaux	DNA40	P9	0.3
364526_474-LP3-ITS-1050	22DL07_8069_wine	Sample	BotrytizedWine	DNA41	P11	7.2
364526_353-LP3-ITS-0929	MV_Post-MLF_Plot20_2023-12-11	Sample	Lavaux	DNA42	P10	0.3
364526_232-LP3-ITS-0808	Lavaux_2023-09-20_must_Plot9_RepE	Sample	Lavaux	DNA40	P9	1.9
364526_475-LP3-ITS-1051	22DL07_102_wine	Sample	BotrytizedWine	DNA41	P11	4.0
364526_354-LP3-ITS-0930	MV_Must_Plot17_2023-09-23	Sample	Lavaux	DNA42	P10	2.9
364526_233-LP3-ITS-0809	Lavaux_2023-08-24_must_Plot15	Sample	Lavaux	DNA40	P9	0.001
364526_476-LP3-ITS-1052	DNA24_negCtrl_4	NegCtrl	BotrytizedWine	DNA41	P11	2.3
364526_355-LP3-ITS-0931	MV_Post-MLF_Plot17_2023-12-11	Sample	Lavaux	DNA42	P10	1.8
364526_234-LP3-ITS-0810	Lavaux_2023-09-20_must_Plot5_RepA	Sample	Lavaux	DNA40	P9	1.8
364526_477-LP3-ITS-1053	22DL07_5656_wine	Sample	BotrytizedWine	DNA41	P11	9.5
364526_356-LP3-ITS-0932	MV_Post-AF_Plot14_2023-10-11	Sample	Lavaux	DNA42	P10	4.2
364526_235-LP3-ITS-0811	Lavaux_2023-09-20_must_Plot9_RepB	Sample	Lavaux	DNA40	P9	2.3
364526_240-LP3-ITS-0816	Lavaux_2023-09-20_must_Plot5_RepB	Sample	Lavaux	DNA40	P9	0.001
364526_481-LP3-ITS-1057	Lavaux_2021-08-31_leaf_Plot9_washed	Sample	Lavaux	DNA49	P12	0.1
364526_482-LP3-ITS-1058	Lavaux_2021-08-31_leaf_Plot19_washed	Sample	Lavaux	DNA49	P12	0.9
364526_361-LP3-ITS-0937	MV_Must_Plot12_2023-09-23	Sample	Lavaux	DNA42	P10	4.8
364526_483-LP3-ITS-1059	empty	Sample	NOT-USE	DNA49	P12	0.4
364526_362-LP3-ITS-0938	MV_Post-AF_Plot20_2023-10-11	Sample	Lavaux	DNA42	P10	7.2
364526_241-LP3-ITS-0817	Lavaux_2023-09-20_must_Plot14_RepB	Sample	Lavaux	DNA40	P9	1.8
364526_484-LP3-ITS-1060	Lavaux_2021-08-31_leaf_Plot12_washed	Sample	Lavaux	DNA49	P12	0.3
364526_363-LP3-ITS-0939	P10_PCR-_PCR1_20240918	NegCtrl	Lavaux		P10	0.001
364526_242-LP3-ITS-0818	Lavaux_2023-08-24_must_Plot4	Sample	Lavaux	DNA40	P9	0.001
364526_467-LP3-ITS-1043	22DL04M_4621_wine	Sample	BotrytizedWine	DNA41	P11	6.7
364526_346-LP3-ITS-0922	MV_Post-AF_Plot19_2023-10-11	Sample	Lavaux	DNA42	P10	1.8
364526_468-LP3-ITS-1044	DNA41_negCtrl_1	NegCtrl	BotrytizedWine	DNA41	P11	5.2
364526_347-LP3-ITS-0923	MV_Must_Plot4_2023-09-23	Sample	Lavaux	DNA42	P10	7.7
364526_469-LP3-ITS-1045	22DL04M_5657_wine	Sample	BotrytizedWine	DNA41	P11	8.1
364526_348-LP3-ITS-0924	MV_Post-MLF_Plot12_2023-12-11	Sample	Lavaux	DNA42	P10	1.6
364526_470-LP3-ITS-1046	empty	Sample	NOT-USE	DNA41	P11	11.7
364526_349-LP3-ITS-0925	MV_Must_Plot15_2023-09-23	Sample	Lavaux	DNA42	P10	6.3
364526_463-LP3-ITS-1039	22DL03S_5660_wine	Sample	BotrytizedWine	DNA41	P11	3.2
364526_342-LP3-ITS-0918	MV_Post-MLF_Plot19_2023-12-11	Sample	Lavaux	DNA42	P10	0.3
364526_464-LP3-ITS-1040	22DL04M_8415_wine	Sample	BotrytizedWine	DNA41	P11	3.9
364526_343-LP3-ITS-0919	MV_Must_Plot5_2023-09-23	Sample	Lavaux	DNA42	P10	12.0
364526_465-LP3-ITS-1041	22DL04M_8419_wine	Sample	BotrytizedWine	DNA41	P11	6.1
364526_344-LP3-ITS-0920	MV_Post-AF_Plot5_2023-10-11	Sample	Lavaux	DNA42	P10	9.8
364526_466-LP3-ITS-1042	22DL04M_4761_wine	Sample	BotrytizedWine	DNA41	P11	3.4
364526_345-LP3-ITS-0921	MV_Must_Plot20_2023-09-23	Sample	Lavaux	DNA42	P10	5.1
364526_350-LP3-ITS-0926	MV_Post-AF_Plot17_2023-10-11	Sample	Lavaux	DNA42	P10	3.2
364526_471-LP3-ITS-1047	22DL05S_5653_wine	Sample	BotrytizedWine	DNA41	P11	11.4
364526_472-LP3-ITS-1048	22DL05S_4763_wine	Sample	BotrytizedWine	DNA41	P11	1.5
364526_351-LP3-ITS-0927	MV_Post-AF_Plot15_2023-10-11	Sample	Lavaux	DNA42	P10	1.9
364526_473-LP3-ITS-1049	22DL05S_7101_wine	Sample	BotrytizedWine	DNA41	P11	7.2
364526_352-LP3-ITS-0928	MV_Post-AF_Plot9_2023-10-11	Sample	Lavaux	DNA42	P10	10.7
364526_231-LP3-ITS-0807	Lavaux_2023-09-20_must_Plot14_RepA	Sample	Lavaux	DNA40	P9	0.4
364526_500-LP3-ITS-1076	Lavaux_2022-08-10_leaf_Plot13_washed	Sample	Lavaux	DNA49	P12	0.7
364526_379-LP3-ITS-0955		Sample	NOT-USE		P10	0.001
364526_258-LP3-ITS-0834	Lavaux_2021-08-31_leaf_Plot17	Sample	Lavaux	DNA16	P9	0.001
364526_137-LP3-ITS-0713	Lavaux_2023-08-24_leaf_Plot9	Sample	Lavaux	DNA39	P8	0.001
364526_380-LP3-ITS-0956		Sample	NOT-USE		P10	0.001
364526_259-LP3-ITS-0835	Lavaux_2021-08-31_soil_Plot5	Sample	Lavaux	DNA16	P9	0.001
364526_138-LP3-ITS-0714	Lavaux_2023-08-24_leaf_Plot4	Sample	Lavaux	DNA39	P8	0.001
364526_260-LP3-ITS-0836	Lavaux_2021-08-31_leaf_Plot15	Sample	Lavaux	DNA16	P9	0.001
364526_139-LP3-ITS-0715	Lavaux_2023-08-24_leaf_Plot12	Sample	Lavaux	DNA39	P8	0.001
364526_140-LP3-ITS-0716	Empty	Sample	NOT-USE	DNA39	P8	0.001
364526_496-LP3-ITS-1072	Lavaux_2022-08-10_leaf_Plot14_washed	Sample	Lavaux	DNA49	P12	1.5
364526_375-LP3-ITS-0951	MV_Post-AF_Plot12_Rep3_2021-10-16	Sample	Lavaux	DNA23	P10	0.4
364526_254-LP3-ITS-0830	Lavaux_2023-09-20_must_Plot9_RepD	Sample	Lavaux	DNA40	P9	2.1
364526_133-LP3-ITS-0709	Lavaux_2021-08-31_leaf_Plot14	Sample	Lavaux	DNA39	P8	0.001
364526_497-LP3-ITS-1073	Lavaux_2022-08-10_leaf_Plot11_washed	Sample	Lavaux	DNA49	P12	0.4
364526_376-LP3-ITS-0952	MV_Post-MLF_Plot14_2022-01-24	Sample	Lavaux	DNA23	P10	0.3
364526_255-LP3-ITS-0831		Sample	NOT-USE		P9	0.001
364526_134-LP3-ITS-0710	Lavaux_2023-08-24_leaf_Plot20	Sample	Lavaux	DNA39	P8	0.001
364526_498-LP3-ITS-1074	Lavaux_2021-08-31_leaf_Plot13_washed	Sample	Lavaux	DNA49	P12	0.3
364526_377-LP3-ITS-0953		Sample	NOT-USE		P10	0.001
364526_256-LP3-ITS-0832		Sample	NOT-USE		P9	0.001
364526_135-LP3-ITS-0711	Empty	Sample	NOT-USE	DNA39	P8	0.001
364526_499-LP3-ITS-1075	DNA49_PosCtrl	PosCtrl	Lavaux	DNA49	P12	15.7
364526_378-LP3-ITS-0954		Sample	NOT-USE		P10	0.001
364526_257-LP3-ITS-0833	Lavaux_2021-08-31_leaf_Plot18	Sample	Lavaux	DNA16	P9	0.001
364526_136-LP3-ITS-0712	Lavaux_2023-08-24_leaf_Plot15	Sample	Lavaux	DNA39	P8	0.001
364526_503-LP3-ITS-1079	Lavaux_2021-08-31_leaf_Plot15_washed	Sample	Lavaux	DNA49	P12	0.3
364526_382-LP3-ITS-0958		Sample	NOT-USE		P10	0.001
364526_261-LP3-ITS-0837	Lavaux_2021-08-31_leaf_Plot13	Sample	Lavaux	DNA16	P9	0.001
364526_504-LP3-ITS-1080	Lavaux_2023-08-24_leaf_Plot5_washed	Sample	Lavaux	DNA49	P12	0.3
364526_383-LP3-ITS-0959		Sample	NOT-USE		P10	0.001
364526_262-LP3-ITS-0838	Lavaux_2021-08-31_leaf_Plot12_1	Sample	Lavaux	DNA16	P9	0.1
364526_141-LP3-ITS-0717	Empty	Sample	NOT-USE	DNA39	P8	0.001
364526_505-LP3-ITS-1081	Lavaux_2022-08-10_leaf_Plot9_washed	Sample	Lavaux	DNA49	P12	0.1
364526_384-LP3-ITS-0960		Sample	NOT-USE		P10	0.001
364526_263-LP3-ITS-0839	Lavaux_2021-08-31_leaf_Plot11	Sample	Lavaux	DNA16	P9	0.001
364526_142-LP3-ITS-0718	Lavaux_2023-08-24_leaf_Plot17	Sample	Lavaux	DNA39	P8	0.001
364526_506-LP3-ITS-1082	Lavaux_2021-08-31_leaf_Plot11_washed	Sample	Lavaux	DNA49	P12	1.2
364526_385-LP3-ITS-0961	21DL07S_BL30_wine	Sample	BotrytizedWine	DNA41	P11	8.2
364526_264-LP3-ITS-0840	DO NOT USE (DUPLICATE)	Sample	NOT-USE	DNA16	P9	0.001
364526_143-LP3-ITS-0719	Lavaux_2023-08-24_leaf_Plot5	Sample	Lavaux	DNA39	P8	0.001
364526_501-LP3-ITS-1077	Lavaux_2022-08-10_leaf_Plot19_washed	Sample	Lavaux	DNA49	P12	0.3
364526_502-LP3-ITS-1078	Lavaux_2022-08-10_leaf_Plot4_washed	Sample	Lavaux	DNA49	P12	0.001
364526_381-LP3-ITS-0957		Sample	NOT-USE		P10	0.001
364526_489-LP3-ITS-1065	Lavaux_2023-08-24_leaf_Plot14_washed	Sample	Lavaux	DNA49	P12	0.1
364526_368-LP3-ITS-0944		Sample	NOT-USE		P10	0.001
364526_247-LP3-ITS-0823	Lavaux_2023-09-20_must_Plot17_RepE	Sample	Lavaux	DNA40	P9	2.9
364526_490-LP3-ITS-1066	Lavaux_2021-08-31_leaf_Plot5_washed	Sample	Lavaux	DNA49	P12	0.2
364526_369-LP3-ITS-0945	MV_Post-MLF_Plot5_2022-01-24	Sample	Lavaux	DNA23	P10	7.9
364526_248-LP3-ITS-0824	Lavaux_2023-08-24_must_Plot9	Sample	Lavaux	DNA40	P9	0.6
364526_370-LP3-ITS-0946	MV_Post-MLF_Plot13_2022-01-24	Sample	Lavaux	DNA23	P10	0.3
364526_249-LP3-ITS-0825	Lavaux_2023-09-20_must_Plot17_RepA	Sample	Lavaux	DNA40	P9	3.5
364526_250-LP3-ITS-0826	Lavaux_2023-08-24_must_Plot13	Sample	Lavaux	DNA40	P9	0.4
364526_485-LP3-ITS-1061	Lavaux_2023-08-24_leaf_Plot13_washed	Sample	Lavaux	DNA49	P12	0.2
364526_364-LP3-ITS-0940		Sample	NOT-USE		P10	0.001
364526_243-LP3-ITS-0819	Lavaux_2023-09-20_must_Plot5_RepC	Sample	Lavaux	DNA40	P9	1.1
364526_486-LP3-ITS-1062	Lavaux_2022-08-10_leaf_Plot17_washed	Sample	Lavaux	DNA49	P12	0.8
364526_365-LP3-ITS-0941		Sample	NOT-USE		P10	0.001
364526_244-LP3-ITS-0820	Lavaux_2023-08-24_must_Plot5	Sample	Lavaux	DNA40	P9	0.5
364526_487-LP3-ITS-1063	Lavaux_2023-08-24_leaf_Plot17_washed	Sample	Lavaux	DNA49	P12	0.1
364526_366-LP3-ITS-0942		Sample	NOT-USE		P10	0.001
364526_245-LP3-ITS-0821	Lavaux_2023-08-24_must_Plot14	Sample	Lavaux	DNA40	P9	0.001
364526_488-LP3-ITS-1064	Lavaux_2023-08-24_leaf_Plot20_washed	Sample	Lavaux	DNA49	P12	0.3
364526_367-LP3-ITS-0943		Sample	NOT-USE		P10	0.001
364526_246-LP3-ITS-0822	Lavaux_2023-09-20_must_Plot9_RepC	Sample	Lavaux	DNA40	P9	2.4
364526_492-LP3-ITS-1068	Lavaux_2021-08-31_leaf_Plot14_washed	Sample	Lavaux	DNA49	P12	0.6
364526_371-LP3-ITS-0947	MV_Post-MLF_Plot11_2022-01-24	Sample	Lavaux	DNA23	P10	0.6
364526_493-LP3-ITS-1069	Lavaux_2022-08-10_leaf_Plot20_washed	Sample	Lavaux	DNA49	P12	0.2
364526_372-LP3-ITS-0948	MV_Post-AF_Plot14_Rep1_2021-10-16	Sample	Lavaux	DNA23	P10	1.4
364526_251-LP3-ITS-0827	Lavaux_2023-09-20_must_Plot14_RepD	Sample	Lavaux	DNA40	P9	1.2
364526_494-LP3-ITS-1070	Lavaux_2022-08-10_leaf_Plot12_washed	Sample	Lavaux	DNA49	P12	0.6
364526_373-LP3-ITS-0949	MV_Post-AF_Plot11_Rep3_2021-10-16	Sample	Lavaux	DNA23	P10	3.1
364526_252-LP3-ITS-0828	Lavaux_2023-09-20_must_Plot5_RepE	Sample	Lavaux	DNA40	P9	1.6
364526_131-LP3-ITS-0707	Lavaux_2021-08-31_leaf_Plot19	Sample	Lavaux	DNA39	P8	0.2
364526_495-LP3-ITS-1071	Lavaux_2023-08-24_leaf_Plot9_washed	Sample	Lavaux	DNA49	P12	1.1
364526_374-LP3-ITS-0950	MV_Post-MLF_Plot19_2022-01-24	Sample	Lavaux	DNA23	P10	0.7
364526_253-LP3-ITS-0829	Lavaux_2023-09-20_must_Plot14_RepC	Sample	Lavaux	DNA40	P9	0.5
364526_132-LP3-ITS-0708	Lavaux_2021-08-31_leaf_Plot20	Sample	Lavaux	DNA39	P8	0.001
364526_491-LP3-ITS-1067	Lavaux_2023-08-24_leaf_Plot15_washed	Sample	Lavaux	DNA49	P12	0.2
364526_555-LP3-ITS-1131	Grenchen_2022-07-02_1B_grapes	Sample	SoilColonialization	DNA49	P12	0.001
364526_434-LP3-ITS-1010	DNA24_negCtrl_5	NegCtrl	BotrytizedWine	DNA41	P11	0.001
364526_556-LP3-ITS-1132	Grenchen_2022-07-02_1A_grapes	Sample	SoilColonialization	DNA49	P12	0.001
364526_435-LP3-ITS-1011	21DL06M_BL25_wine	Sample	BotrytizedWine	DNA41	P11	2.6
364526_557-LP3-ITS-1133	MV_Must_Plot14_2022-09-13	Sample	Lavaux	DNA28	P12	4.9
364526_436-LP3-ITS-1012	21DL06M_9060_wine	Sample	BotrytizedWine	DNA41	P11	6.0
364526_558-LP3-ITS-1134	MV_Must_Plot5_2022-09-13	Sample	Lavaux	DNA28	P12	7.5
364526_437-LP3-ITS-1013	21DL06M_54_wine	Sample	BotrytizedWine	DNA41	P11	3.6
364526_551-LP3-ITS-1127	MV_Must_Plot17_2022-09-13	Sample	Lavaux	DNA28	P12	5.4
364526_552-LP3-ITS-1128	DNA28_NegCtrl	NegCtrl	SoilColonialization	DNA28	P12	1.4
364526_431-LP3-ITS-1007	21DL05S_2206_wine	Sample	BotrytizedWine	DNA41	P11	0.001
364526_553-LP3-ITS-1129	Grenchen_2022-07-02_2A_grapes	Sample	SoilColonialization	DNA49	P12	0.001
364526_432-LP3-ITS-1008	21DL05S_2751_wine	Sample	BotrytizedWine	DNA41	P11	3.6
364526_554-LP3-ITS-1130	Grenchen_2022-07-02_2C_grapes	Sample	SoilColonialization	DNA49	P12	0.2
364526_433-LP3-ITS-1009	21DL05S_4235_wine	Sample	BotrytizedWine	DNA41	P11	0.001
364526_559-LP3-ITS-1135	MV_Post-AF_Plot9_2022-09-30	Sample	Lavaux	DNA28	P12	17.8
364526_438-LP3-ITS-1014	21DL06S_1081_wine	Sample	BotrytizedWine	DNA41	P11	6.8
364526_560-LP3-ITS-1136	MV_Must_Plot19_2022-09-13	Sample	Lavaux	DNA28	P12	7.2
364526_439-LP3-ITS-1015	21DL06S_1094_wine	Sample	BotrytizedWine	DNA41	P11	4.1
364526_440-LP3-ITS-1016	21DL06S_1080_wine	Sample	BotrytizedWine	DNA41	P11	2.8
364526_561-LP3-ITS-1137	MV_Must_Plot15_2022-09-13	Sample	Lavaux	DNA28	P12	4.8
364526_544-LP3-ITS-1120	Grenchen_2022-07-02_2B_grapes	Sample	SoilColonialization	DNA49	P12	0.001
364526_545-LP3-ITS-1121	do not use	Sample	NOT-USE	DNA49	P12	0.001
364526_546-LP3-ITS-1122	do not use	Sample	NOT-USE	DNA49	P12	0.001
364526_547-LP3-ITS-1123	do not use	Sample	NOT-USE	DNA49	P12	0.001
364526_541-LP3-ITS-1117	Grenchen_2023-08-23_2A_grapes	Sample	SoilColonialization	DNA49	P12	3.1
364526_542-LP3-ITS-1118	Grenchen_2023-08-23_2B_grapes	Sample	SoilColonialization	DNA49	P12	2.4
364526_543-LP3-ITS-1119	Grenchen_2022-07-02_1C_grapes	Sample	SoilColonialization	DNA49	P12	0.001
364526_548-LP3-ITS-1124	do not use	Sample	NOT-USE	DNA49	P12	0.001
364526_549-LP3-ITS-1125	MV_Post-AF_Plot13_2022-09-30	Sample	Lavaux	DNA28	P12	11.1
364526_550-LP3-ITS-1126	MV_Post-AF_Plot15_2022-09-30	Sample	Lavaux	DNA28	P12	11.0
364526_456-LP3-ITS-1032	22DL01S_5665_wine	Sample	BotrytizedWine	DNA41	P11	2.0
364526_335-LP3-ITS-0911	Lavaux_2021-09-30_must_Plot19_Row4/Vine5_ID197	Sample	Lavaux	DNA42	P10	1.9
364526_457-LP3-ITS-1033	22DL01S_4609_wine	Sample	BotrytizedWine	DNA41	P11	2.4
364526_336-LP3-ITS-0912	Lavaux_2021-09-30_must_Plot11_Row8/Vine11_ID71	Sample	Lavaux	DNA42	P10	0.8
364526_458-LP3-ITS-1034	22DL02M_4622_wine	Sample	BotrytizedWine	DNA41	P11	2.6
364526_337-LP3-ITS-0913	Lavaux_2021-09-30_must_Plot18_Row2/Vine7_ID185	Sample	Lavaux	DNA42	P10	0.3
364526_459-LP3-ITS-1035	22DL02M_5661_wine	Sample	BotrytizedWine	DNA41	P11	3.7
364526_338-LP3-ITS-0914	Lavaux_2021-09-30_must_Plot20_Row7/Vine20_ID207	Sample	Lavaux	DNA42	P10	1.1
364526_573-LP3-ITS-1149	MV_Must_Plot12_2022-09-13	Sample	Lavaux	DNA28	P12	12.9
364526_452-LP3-ITS-1028	21DL09_1895_wine	Sample	BotrytizedWine	DNA41	P11	0.001
364526_331-LP3-ITS-0907	Lavaux_2021-09-30_must_Plot20_Row14/Vine10_ID216	Sample	Lavaux	DNA42	P10	1.7
364526_574-LP3-ITS-1150	MV_Post-AF_Plot14_2022-09-30	Sample	Lavaux	DNA28	P12	5.0
364526_453-LP3-ITS-1029	DNA24_posCtrl_3	PosCtrl	BotrytizedWine	DNA41	P11	5.7
364526_332-LP3-ITS-0908	Lavaux_2021-09-30_must_Plot4_Row18/Vine30_ID20	Sample	Lavaux	DNA42	P10	0.5
364526_575-LP3-ITS-1151	do not use	Sample	NOT-USE		P12	11.9
364526_454-LP3-ITS-1030	DNA24_posCtrl_4	PosCtrl	BotrytizedWine	DNA41	P11	12.4
364526_333-LP3-ITS-0909	DO NOT USE (DUPLICATE)	Sample	NOT-USE	DNA42	P10	0.2
364526_576-LP3-ITS-1152	do not use	Sample	NOT-USE		P12	18.8
364526_455-LP3-ITS-1031	22DL01S_8054_wine	Sample	BotrytizedWine	DNA41	P11	2.4
364526_334-LP3-ITS-0910	Lavaux_2021-09-30_must_Plot20_Row6/Vine30_ID206	Sample	Lavaux	DNA42	P10	0.001
364526_460-LP3-ITS-1036	22DL02M_4630_wine	Sample	BotrytizedWine	DNA41	P11	3.3
364526_339-LP3-ITS-0915	Lavaux_2021-09-30_must_Plot9_Row11/Vine22_ID54	Sample	Lavaux	DNA42	P10	2.0
364526_340-LP3-ITS-0916	Lavaux_2021-09-30_must_Plot9_Row2/Vine10_ID38	Sample	Lavaux	DNA42	P10	3.0
364526_461-LP3-ITS-1037	22DL03S_4618_wine	Sample	BotrytizedWine	DNA41	P11	3.3
364526_462-LP3-ITS-1038	22DL03S_8059_wine	Sample	BotrytizedWine	DNA41	P11	3.7
364526_341-LP3-ITS-0917	Lavaux_2021-09-30_must_Plot9_Row10/Vine31_ID53	Sample	Lavaux	DNA42	P10	1.9
364526_566-LP3-ITS-1142	MV_Post-AF_Plot17_2022-09-30	Sample	Lavaux	DNA28	P12	19.6
364526_445-LP3-ITS-1021	empty	Sample	NOT-USE	DNA41	P11	0.001
364526_567-LP3-ITS-1143	DNA28_PosCtrl	PosCtrl	Lavaux	DNA28	P12	19.4
364526_446-LP3-ITS-1022	21DL07S_2199_wine	Sample	BotrytizedWine	DNA41	P11	0.001
364526_568-LP3-ITS-1144	MV_Post-AF_Plot4_2022-09-30	Sample	Lavaux	DNA28	P12	18.1
364526_447-LP3-ITS-1023	21DL08M_1885_wine	Sample	BotrytizedWine	DNA41	P11	0.8
364526_569-LP3-ITS-1145	MV_Must_Plot4_2022-09-13	Sample	Lavaux	DNA28	P12	6.7
364526_448-LP3-ITS-1024	21DL08M_1883_wine	Sample	BotrytizedWine	DNA41	P11	0.4
364526_562-LP3-ITS-1138	MV_Post-AF_Plot5_2022-09-30	Sample	Lavaux	DNA28	P12	11.6
364526_441-LP3-ITS-1017	21DL07M_1083_wine	Sample	BotrytizedWine	DNA41	P11	0.001
364526_563-LP3-ITS-1139	MV_Must_Plot20_2022-09-13	Sample	Lavaux	DNA28	P12	13.4
364526_442-LP3-ITS-1018	21DL07M_2198_wine	Sample	BotrytizedWine	DNA41	P11	0.001
364526_564-LP3-ITS-1140	MV_Must_Plot9_2022-09-13	Sample	Lavaux	DNA28	P12	8.0
364526_443-LP3-ITS-1019	21DL07M_BL31_wine	Sample	BotrytizedWine	DNA41	P11	0.001
364526_565-LP3-ITS-1141	MV_Post-AF_Plot20_2022-09-30	Sample	Lavaux	DNA28	P12	18.4
364526_444-LP3-ITS-1020	21DL07S_3810_wine	Sample	BotrytizedWine	DNA41	P11	0.001
364526_570-LP3-ITS-1146	MV_Post-AF_Plot12_2022-09-30	Sample	Lavaux	DNA28	P12	10.3
364526_449-LP3-ITS-1025	21DL08M_1884_wine	Sample	BotrytizedWine	DNA41	P11	0.2
364526_450-LP3-ITS-1026	21DL09_1893_wine	Sample	BotrytizedWine	DNA41	P11	0.001
364526_571-LP3-ITS-1147	MV_Must_Plot13_2022-09-13	Sample	Lavaux	DNA28	P12	15.9
364526_572-LP3-ITS-1148	MV_Post-AF_Plot19_2022-09-30	Sample	Lavaux	DNA28	P12	11.7
364526_451-LP3-ITS-1027	21DL09_1897_wine	Sample	BotrytizedWine	DNA41	P11	0.001
364526_533-LP3-ITS-1109	Grenchen_2023-10-10_1B_grapes	Sample	SoilColonialization	DNA49	P12	2.7
364526_534-LP3-ITS-1110	DNA49_NegCtrl	NegCtrl	SoilColonialization	DNA49	P12	0.001
364526_535-LP3-ITS-1111	Grenchen_2023-10-10_1C_grapes	Sample	SoilColonialization	DNA49	P12	0.001
364526_536-LP3-ITS-1112	Grenchen_2023-10-10_1A_grapes	Sample	SoilColonialization	DNA49	P12	3.1
364526_531-LP3-ITS-1107	Weinmanufaktur_14-09-2023_berries	Sample	WINE	DNA49	P12	3.6
364526_532-LP3-ITS-1108	Diederik_14-09-2023_berries	Sample	WINE	DNA49	P12	8.1
364526_537-LP3-ITS-1113	Grenchen_2023-08-23_2C_grapes	Sample	SoilColonialization	DNA49	P12	1.9
364526_538-LP3-ITS-1114	Grenchen_2023-08-23_1A_grapes	Sample	SoilColonialization	DNA49	P12	0.1
364526_539-LP3-ITS-1115	Grenchen_2023-08-23_1B_grapes	Sample	SoilColonialization	DNA49	P12	0.2
364526_540-LP3-ITS-1116	Grenchen_2023-08-23_1C_grapes	Sample	SoilColonialization	DNA49	P12	2.0
364526_121-LP3-ITS-0697	Lavaux_2023-08-24_bark_Plot12	Sample	Lavaux	DNA39	P8	1.7
364526_122-LP3-ITS-0698	Lavaux_2023-08-24_bark_Plot19	Sample	Lavaux	DNA39	P8	0.5
364526_001-LP3-ITS-0577	Fluntern_2023-08-23_1C	Sample	WINE	DNA31	P7	4.1
364526_123-LP3-ITS-0699	Lavaux_2023-08-24_bark_Plot17	Sample	Lavaux	DNA39	P8	5.0
364526_002-LP3-ITS-0578	Erlenbach_2023-08-23_6	Sample	WINE	DNA31	P7	4.7
364526_124-LP3-ITS-0700	Lavaux_2023-08-24_bark_Plot13	Sample	Lavaux	DNA39	P8	4.1
364526_003-LP3-ITS-0579	Grenchen_2023-08-23_2B	Sample	WINE	DNA31	P7	7.5
364526_129-LP3-ITS-0705	Lavaux_2021-08-31_bark_Plot17	Sample	Lavaux	DNA39	P8	4.9
364526_008-LP3-ITS-0584	Erlenbach_2023-08-23_2	Sample	WINE	DNA31	P7	4.4
364526_130-LP3-ITS-0706	DNA39_NegCtrl	NegCtrl	Lavaux	DNA39	P8	0.001
364526_009-LP3-ITS-0585	DO NOT USE (DUPLICATE)	Sample	NOT-USE	DNA31	P7	1.6
364526_010-LP3-ITS-0586	Grenchen_2023-08-23_1A	Sample	WINE	DNA31	P7	6.5
364526_125-LP3-ITS-0701	Lavaux_2023-08-24_bark_Plot4	Sample	Lavaux	DNA39	P8	0.6
364526_004-LP3-ITS-0580	Fluntern_2023-08-23_1B	Sample	WINE	DNA31	P7	1.7
364526_126-LP3-ITS-0702	Lavaux_2023-08-24_bark_Plot5	Sample	Lavaux	DNA39	P8	2.4
364526_005-LP3-ITS-0581	Grenchen_2023-08-23_2C	Sample	WINE	DNA31	P7	2.8
364526_127-LP3-ITS-0703	Lavaux_2023-08-24_bark_Plot15	Sample	Lavaux	DNA39	P8	4.4
364526_006-LP3-ITS-0582	Erlenbach_2023-08-23_1	Sample	WINE	DNA31	P7	7.4
364526_128-LP3-ITS-0704	Lavaux_2023-08-24_bark_Plot14	Sample	Lavaux	DNA39	P8	1.9
364526_007-LP3-ITS-0583	Grenchen_2023-08-23_1B	Sample	WINE	DNA31	P7	8.3
364526_111-LP3-ITS-0687	Lavaux_2023-08-24_soil_Plot9	Sample	Lavaux	DNA39	P8	3.3
364526_112-LP3-ITS-0688	Lavaux_2023-08-24_soil_Plot20	Sample	Lavaux	DNA39	P8	3.9
364526_113-LP3-ITS-0689	Sav_1_17-08-2023_soil	Sample	WINE	DNA39	P8	7.2
364526_118-LP3-ITS-0694	Erlenbach_2023-08-23_5	Sample	SoilColonialization	DNA39	P8	5.6
364526_119-LP3-ITS-0695	Lavaux_2023-08-24_bark_Plot9	Sample	Lavaux	DNA39	P8	3.2
364526_120-LP3-ITS-0696	Lavaux_2023-08-24_bark_Plot20	Sample	Lavaux	DNA39	P8	3.3
364526_114-LP3-ITS-0690	Leytron_Agroscope4_17-08-2023_soil	Sample	WINE	DNA39	P8	2.6
364526_115-LP3-ITS-0691	Erlenbach_2023-10-10_4	Sample	SoilColonialization	DNA39	P8	3.9
364526_116-LP3-ITS-0692	Erlenbach_2023-06-20_6	Sample	SoilColonialization	DNA39	P8	6.3
364526_117-LP3-ITS-0693	Erlenbach_2023-08-23_3	Sample	SoilColonialization	DNA39	P8	9.2
364526_022-LP3-ITS-0598	Lavaux_2023-05-10_soil_Plot14	Sample	Lavaux	DNA31	P7	3.8
364526_023-LP3-ITS-0599	Lavaux_2023-05-10_soil_Plot4	Sample	Lavaux	DNA31	P7	6.1
364526_024-LP3-ITS-0600	Lavaux_2023-05-10_soil_Plot12	Sample	Lavaux	DNA31	P7	6.7
364526_025-LP3-ITS-0601	Lavaux_2023-05-10_soil_Plot17	Sample	Lavaux	DNA31	P7	5.4
364526_021-LP3-ITS-0597	Lavaux_2023-05-10_soil_Plot13	Sample	Lavaux	DNA31	P7	6.9
364526_030-LP3-ITS-0606	Lavaux_2023-08-24_soil_Plot4	Sample	Lavaux	DNA31	P7	5.4
364526_026-LP3-ITS-0602	Lavaux_2023-05-10_soil_Plot20	Sample	Lavaux	DNA31	P7	4.7
364526_027-LP3-ITS-0603	Lavaux_2023-08-24_soil_Plot12	Sample	Lavaux	DNA31	P7	9.7
364526_028-LP3-ITS-0604	Lavaux_2023-08-24_soil_Plot14	Sample	Lavaux	DNA31	P7	2.9
364526_029-LP3-ITS-0605	DO NOT USE (DUPLICATE)	Sample	NOT-USE	DNA31	P7	1.2
364526_011-LP3-ITS-0587	Fluntern_2023-08-23_1A	Sample	WINE	DNA31	P7	2.9
364526_012-LP3-ITS-0588	Grenchen_2023-08-23_2A	Sample	WINE	DNA31	P7	6.8
364526_013-LP3-ITS-0589	DO NOT USE (DUPLICATE)	Sample	NOT-USE	DNA31	P7	3.9
364526_014-LP3-ITS-0590	Grenchen_2023-08-23_1C	Sample	WINE	DNA31	P7	6.4
364526_019-LP3-ITS-0595	Lavaux_2023-05-10_soil_Plot9	Sample	Lavaux	DNA31	P7	5.0
364526_020-LP3-ITS-0596	Lavaux_2023-05-10_soil_Plot19	Sample	Lavaux	DNA31	P7	4.8
364526_015-LP3-ITS-0591	DNA31_PosCtrl	PosCtrl	WINE	DNA31	P7	12.2
364526_016-LP3-ITS-0592	DO NOT USE (DUPLICATE)	Sample	NOT-USE	DNA31	P7	2.0
364526_017-LP3-ITS-0593	Lavaux_2023-05-10_soil_Plot5	Sample	Lavaux	DNA31	P7	6.0
364526_018-LP3-ITS-0594	Lavaux_2023-05-10_soil_Plot15	Sample	Lavaux	DNA31	P7	6.3
364526_320-LP3-ITS-0896	Lavaux_2021-09-30_must_Plot14_Row4/Vine4_ID104	Sample	Lavaux	DNA42	P10	0.5
364526_199-LP3-ITS-0775	Lavaux_2023-09-20_must_Plot15_RepC	Sample	Lavaux	DNA40	P9	2.0
364526_078-LP3-ITS-0654	DO NOT USE (DUPLICATE)	Sample	NOT-USE	DNA31	P7	6.7
364526_200-LP3-ITS-0776	Lavaux_2023-09-20_must_Plot13_RepC	Sample	Lavaux	DNA40	P9	1.7
364526_079-LP3-ITS-0655	DO NOT USE (DUPLICATE)	Sample	NOT-USE	DNA31	P7	6.2
364526_080-LP3-ITS-0656	DO NOT USE (DUPLICATE)	Sample	NOT-USE	DNA31	P7	3.2
364526_321-LP3-ITS-0897	Lavaux_2021-09-30_must_Plot17_Row7/Vine21_ID159	Sample	Lavaux	DNA42	P10	3.2
364526_322-LP3-ITS-0898	Lavaux_2021-09-30_must_Plot20_Row2/Vine11_ID199	Sample	Lavaux	DNA42	P10	1.8
364526_201-LP3-ITS-0777	Lavaux_2023-09-20_must_Plot19_RepE	Sample	Lavaux	DNA40	P9	2.5
364526_327-LP3-ITS-0903	Lavaux_2021-09-30_must_Plot17_Row6/Vine10_ID157	Sample	Lavaux	DNA42	P10	0.1
364526_206-LP3-ITS-0782	Lavaux_2023-09-20_must_Plot19_RepA	Sample	Lavaux	DNA40	P9	3.8
364526_085-LP3-ITS-0661	DO NOT USE (DUPLICATE)	Sample	NOT-USE	DNA31	P7	7.1
364526_328-LP3-ITS-0904	Lavaux_2021-09-30_must_Plot18_Row8/Vine7_ID191	Sample	Lavaux	DNA42	P10	1.2
364526_207-LP3-ITS-0783	Lavaux_2023-09-20_must_Plot12_RepE	Sample	Lavaux	DNA40	P9	3.4
364526_086-LP3-ITS-0662	DO NOT USE (DUPLICATE)	Sample	NOT-USE	DNA31	P7	7.5
364526_329-LP3-ITS-0905	DO NOT USE (DUPLICATE)	Sample	NOT-USE	DNA42	P10	1.0
364526_208-LP3-ITS-0784	Lavaux_2023-09-20_must_Plot15_RepE	Sample	Lavaux	DNA40	P9	5.3
364526_087-LP3-ITS-0663	DO NOT USE (DUPLICATE)	Sample	NOT-USE	DNA31	P7	6.1
364526_330-LP3-ITS-0906	DNA42_PosCtrl	PosCtrl	Lavaux	DNA42	P10	4.4
364526_209-LP3-ITS-0785	Lavaux_2023-09-20_must_Plot12_RepD	Sample	Lavaux	DNA40	P9	2.3
364526_088-LP3-ITS-0664	DO NOT USE (DUPLICATE)	Sample	NOT-USE	DNA31	P7	5.9
364526_323-LP3-ITS-0899	Lavaux_2021-09-30_must_Plot17_Row18/Vine40_ID184	Sample	Lavaux	DNA42	P10	4.3
364526_202-LP3-ITS-0778	Lavaux_2023-09-20_must_Plot12_RepA	Sample	Lavaux	DNA40	P9	3.5
364526_081-LP3-ITS-0657	DO NOT USE (DUPLICATE)	Sample	NOT-USE	DNA31	P7	6.2
364526_324-LP3-ITS-0900	Lavaux_2021-09-30_must_Plot20_Row16/Vine20_ID219	Sample	Lavaux	DNA42	P10	2.0
364526_203-LP3-ITS-0779	Lavaux_2023-09-20_must_Plot13_RepB	Sample	Lavaux	DNA40	P9	1.0
364526_082-LP3-ITS-0658	DO NOT USE (DUPLICATE)	Sample	NOT-USE	DNA31	P7	5.4
364526_325-LP3-ITS-0901	Lavaux_2021-09-30_must_Plot17_Row17/Vine20_ID179	Sample	Lavaux	DNA42	P10	0.001
364526_204-LP3-ITS-0780	Lavaux_2023-09-20_must_Plot20_RepD	Sample	Lavaux	DNA40	P9	2.3
364526_083-LP3-ITS-0659	DO NOT USE (DUPLICATE)	Sample	NOT-USE	DNA31	P7	5.9
364526_326-LP3-ITS-0902	Lavaux_2021-09-30_must_Plot4_Row10/Vine30_ID8	Sample	Lavaux	DNA42	P10	4.5
364526_205-LP3-ITS-0781	DNA40_NegCtrl	NegCtrl	Lavaux	DNA40	P9	0.001
364526_084-LP3-ITS-0660	DO NOT USE (DUPLICATE)	Sample	NOT-USE	DNA31	P7	1.2
364526_430-LP3-ITS-1006	21DL04M_1066_wine	Sample	BotrytizedWine	DNA41	P11	0.001
364526_309-LP3-ITS-0885	Lavaux_2021-08-31_must_Plot4	Sample	Lavaux	DNA42	P10	0.9
364526_188-LP3-ITS-0764	MV_Post-MLF_Plot4_2022-01-24	Sample	Lavaux	DNA23	P8	0.1
364526_067-LP3-ITS-0643	Strickhof_05-09-2023_soil	Sample	WINE	DNA31	P7	7.7
364526_310-LP3-ITS-0886	Lavaux_2021-08-31_must_Plot9	Sample	Lavaux	DNA42	P10	0.2
364526_189-LP3-ITS-0765	MV_Post-MLF_Plot20_2022-01-24	Sample	Lavaux	DNA23	P8	0.2
364526_068-LP3-ITS-0644	Diederik_05-09-2023_soil	Sample	WINE	DNA31	P7	6.5
364526_190-LP3-ITS-0766	MV_Post-AF_Plot5_Rep2_2021-10-16	Sample	Lavaux	DNA23	P8	3.4
364526_069-LP3-ITS-0645	Baur_Wein_05-09-2023_soil	Sample	WINE	DNA31	P7	9.2
364526_070-LP3-ITS-0646	Hasenhalde_05-09-2023_soil	Sample	WINE	DNA31	P7	5.1
364526_311-LP3-ITS-0887	Lavaux_2021-08-31_must_Plot20	Sample	Lavaux	DNA42	P10	0.3
364526_316-LP3-ITS-0892	Lavaux_2021-08-31_must_Plot12	Sample	Lavaux	DNA42	P10	0.001
364526_195-LP3-ITS-0771	Lavaux_2023-09-20_must_Plot4_RepE	Sample	Lavaux	DNA40	P9	2.1
364526_074-LP3-ITS-0650	DO NOT USE (DUPLICATE)	Sample	NOT-USE	DNA31	P7	8.4
364526_317-LP3-ITS-0893	Lavaux_2021-08-31_must_Plot11	Sample	Lavaux	DNA42	P10	0.001
364526_196-LP3-ITS-0772	Lavaux_2023-09-20_must_Plot4_RepD	Sample	Lavaux	DNA40	P9	1.0
364526_075-LP3-ITS-0651	DO NOT USE (DUPLICATE)	Sample	NOT-USE	DNA31	P7	7.7
364526_318-LP3-ITS-0894	Lavaux_2021-08-31_must_Plot18	Sample	Lavaux	DNA42	P10	0.5
364526_197-LP3-ITS-0773	Lavaux_2023-09-20_must_Plot20_RepA	Sample	Lavaux	DNA40	P9	1.0
364526_076-LP3-ITS-0652	DO NOT USE (DUPLICATE)	Sample	NOT-USE	DNA31	P7	5.6
364526_319-LP3-ITS-0895	Lavaux_2021-09-30_must_Plot20_Row6/Vine10_ID205	Sample	Lavaux	DNA42	P10	0.8
364526_198-LP3-ITS-0774	Lavaux_2023-09-20_must_Plot19_RepB	Sample	Lavaux	DNA40	P9	3.9
364526_077-LP3-ITS-0653	DO NOT USE (DUPLICATE)	Sample	NOT-USE	DNA31	P7	6.2
364526_312-LP3-ITS-0888	Lavaux_2021-08-31_must_Plot15	Sample	Lavaux	DNA42	P10	0.4
364526_191-LP3-ITS-0767	MV_Post-AF_Plot9_Rep1_2021-10-16	Sample	Lavaux	DNA23	P8	2.1
364526_313-LP3-ITS-0889	Lavaux_2021-08-31_must_Plot13	Sample	Lavaux	DNA42	P10	1.0
364526_192-LP3-ITS-0768	MV_Post-AF_Plot18_Rep2_2021-10-16	Sample	Lavaux	DNA23	P8	5.1
364526_071-LP3-ITS-0647	Ruetihof_05-09-2023_soil	Sample	WINE	DNA31	P7	5.8
364526_314-LP3-ITS-0890	Lavaux_2021-08-31_must_Plot19	Sample	Lavaux	DNA42	P10	0.001
364526_193-LP3-ITS-0769	Lavaux_2023-09-20_must_Plot13_RepA	Sample	Lavaux	DNA40	P9	1.8
364526_072-LP3-ITS-0648	Wine_by_Jet_05-09-2023_soil	Sample	WINE	DNA31	P7	4.1
364526_315-LP3-ITS-0891	Lavaux_2021-08-31_must_Plot14	Sample	Lavaux	DNA42	P10	0.4
364526_194-LP3-ITS-0770	Lavaux_2023-09-20_must_Plot15_RepA	Sample	Lavaux	DNA40	P9	2.8
364526_073-LP3-ITS-0649	Weinmanufaktur_05-09-2023_soil	Sample	WINE	DNA31	P7	5.0
364526_100-LP3-ITS-0676	Leytron_Agroscope2_17-08-2023_soil	Sample	WINE	DNA39	P8	6.5
364526_221-LP3-ITS-0797	Lavaux_2023-09-20_must_Plot13_RepE	Sample	Lavaux	DNA40	P9	2.6
364526_222-LP3-ITS-0798	Lavaux_2023-09-20_must_Plot15_RepB	Sample	Lavaux	DNA40	P9	2.2
364526_101-LP3-ITS-0677	Leytron_Agroscope3_17-08-2023_soil	Sample	WINE	DNA39	P8	3.5
364526_223-LP3-ITS-0799	DNA40_PosCtrl	PosCtrl	Lavaux	DNA40	P9	11.4
364526_102-LP3-ITS-0678	DNA39_PosCtrl	PosCtrl	WINE	DNA39	P8	11.1
364526_228-LP3-ITS-0804	Lavaux_2023-09-20_must_Plot9_RepA	Sample	Lavaux	DNA40	P9	3.0
364526_107-LP3-ITS-0683	Leuk_1_17-08-2023_soil	Sample	WINE	DNA39	P8	5.3
364526_229-LP3-ITS-0805	Lavaux_2023-08-24_must_Plot19	Sample	Lavaux	DNA40	P9	0.001
364526_108-LP3-ITS-0684	Mart_6_17-08-2023_soil	Sample	WINE	DNA39	P8	8.3
364526_230-LP3-ITS-0806	Lavaux_2023-09-20_must_Plot17_RepB	Sample	Lavaux	DNA40	P9	0.001
364526_109-LP3-ITS-0685	Leytron_Agroscope1_17-08-2023_soil	Sample	WINE	DNA39	P8	5.4
364526_110-LP3-ITS-0686	Lavaux_2023-08-24_soil_Plot13	Sample	Lavaux	DNA39	P8	7.5
364526_224-LP3-ITS-0800	Lavaux_2023-09-20_must_Plot12_RepB	Sample	Lavaux	DNA40	P9	0.2
364526_103-LP3-ITS-0679	Champlan_1_17-08-2023_soil	Sample	WINE	DNA39	P8	3.8
364526_225-LP3-ITS-0801	Lavaux_2023-09-20_must_Plot17_RepC	Sample	Lavaux	DNA40	P9	1.8
364526_104-LP3-ITS-0680	Lavaux_2023-08-24_soil_Plot5	Sample	WINE	DNA39	P8	3.8
364526_226-LP3-ITS-0802	Lavaux_2023-08-24_must_Plot17	Sample	Lavaux	DNA40	P9	1.9
364526_105-LP3-ITS-0681	Erlenbach_2023-08-23_4	Sample	WINE	DNA39	P8	5.5
364526_227-LP3-ITS-0803	Lavaux_2023-09-20_must_Plot17_RepD	Sample	Lavaux	DNA40	P9	3.4
364526_106-LP3-ITS-0682	Erlenbach_2023-10-10_5	Sample	WINE	DNA39	P8	4.6
364526_210-LP3-ITS-0786	Lavaux_2023-09-20_must_Plot4_RepC	Sample	Lavaux	DNA40	P9	3.8
364526_089-LP3-ITS-0665	PCR1water_PCR2noPNA_1		PNA-test	DNA31	P7	0.001
364526_090-LP3-ITS-0666	PCR1water_PCR2noPNA_2		PNA-test	DNA31	P7	0.001
364526_211-LP3-ITS-0787	Lavaux_2023-09-20_must_Plot20_RepB	Sample	Lavaux	DNA40	P9	1.5
364526_212-LP3-ITS-0788	Lavaux_2023-09-20_must_Plot13_RepD	Sample	Lavaux	DNA40	P9	2.1
364526_091-LP3-ITS-0667	PCR1water_PCR2water-noPNA_1		PNA-test	DNA31	P7	0.001
364526_217-LP3-ITS-0793	Lavaux_2023-09-20_must_Plot19_RepC	Sample	Lavaux	DNA40	P9	1.6
364526_096-LP3-ITS-0672	PCR1water_PCR2water-PNA_2		PNA-test	DNA31	P7	0.001
364526_218-LP3-ITS-0794	Lavaux_2023-09-20_must_Plot12_RepC	Sample	Lavaux	DNA40	P9	3.0
364526_097-LP3-ITS-0673	Erlenbach_2023-06-20_4	Sample	WINE	DNA39	P8	7.1
364526_219-LP3-ITS-0795	Lavaux_2023-09-20_must_Plot20_RepC	Sample	Lavaux	DNA40	P9	0.5
364526_098-LP3-ITS-0674	Erlenbach_2023-06-20_5	Sample	WINE	DNA39	P8	3.4
364526_220-LP3-ITS-0796	Lavaux_2023-09-20_must_Plot4_RepB	Sample	Lavaux	DNA40	P9	2.1
364526_099-LP3-ITS-0675	Muraz_1_17-08-2023_soil	Sample	WINE	DNA39	P8	3.7
364526_213-LP3-ITS-0789	Lavaux_2023-09-20_must_Plot4_RepA	Sample	Lavaux	DNA40	P9	2.4
364526_092-LP3-ITS-0668	PCR1water_PCR2water-noPNA_2		PNA-test	DNA31	P7	0.001
364526_214-LP3-ITS-0790	Lavaux_2023-09-20_must_Plot15_RepD	Sample	Lavaux	DNA40	P9	3.7
364526_093-LP3-ITS-0669	PCR1water_PCR2PNA_1		PNA-test	DNA31	P7	0.001
364526_215-LP3-ITS-0791	Lavaux_2023-09-20_must_Plot19_RepD	Sample	Lavaux	DNA40	P9	1.7
364526_094-LP3-ITS-0670	PCR1water_PCR2PNA_2		PNA-test	DNA31	P7	0.001
364526_216-LP3-ITS-0792	Lavaux_2023-09-20_must_Plot20_RepE	Sample	Lavaux	DNA40	P9	2.5
364526_095-LP3-ITS-0671	PCR1water_PCR2water-PNA_1		PNA-test	DNA31	P7	0.001
364526_280-LP3-ITS-0856	Lavaux_2021-08-31_bark_Plot15	Sample	Lavaux	DNA16	P9	2.1
364526_159-LP3-ITS-0735	MV_Post-MLF_Plot18_2022-01-24	Sample	Lavaux	DNA23	P8	1.1
364526_038-LP3-ITS-0614	Grenchen_2023-10-10_1A	Sample	SoilColonialization	DNA31	P7	9.1
364526_160-LP3-ITS-0736	MV_Post-AF_Plot19_Rep1_2021-10-16	Sample	Lavaux	DNA23	P8	1.0
364526_039-LP3-ITS-0615	Grenchen_2023-10-10_1C	Sample	SoilColonialization	DNA31	P7	7.4
364526_040-LP3-ITS-0616	Erlenbach_2023-10-10_3	Sample	SoilColonialization	DNA31	P7	3.3
364526_518-LP3-ITS-1094	Leytron_Agroscope4_30-08-2023_berries	Sample	WINE	DNA49	P12	6.7
364526_397-LP3-ITS-0973	21DL03M_2194_lees	Sample	BotrytizedWine	DNA41	P11	12.4
364526_276-LP3-ITS-0852	Lavaux_2021-08-31_bark_Plot19	Sample	Lavaux	DNA16	P9	5.2
364526_155-LP3-ITS-0731	MV_Post-AF_Plot18_Rep1_2021-10-16	Sample	Lavaux	DNA23	P8	4.7
364526_034-LP3-ITS-0610	Lavaux_2023-08-24_soil_Plot17	Sample	Lavaux	DNA31	P7	6.7
364526_519-LP3-ITS-1095	Sav_3_30-08-2023_berries	Sample	WINE	DNA49	P12	8.8
364526_398-LP3-ITS-0974	22DL05S_7101_lees	Sample	BotrytizedWine	DNA41	P11	11.0
364526_277-LP3-ITS-0853	Lavaux_2021-08-31_bark_Plot18	Sample	Lavaux	DNA16	P9	3.0
364526_156-LP3-ITS-0732	MV_Post-MLF_Plot17_2022-01-24	Sample	Lavaux	DNA23	P8	0.6
364526_035-LP3-ITS-0611	DO NOT USE (DUPLICATE)	Sample	NOT-USE	DNA31	P7	2.6
364526_520-LP3-ITS-1096	Sav_1_30-08-2023_berries	Sample	WINE	DNA49	P12	2.8
364526_399-LP3-ITS-0975	22DL03S_4618_lees	Sample	BotrytizedWine	DNA41	P11	15.8
364526_278-LP3-ITS-0854	Lavaux_2021-08-31_bark_Plot14	Sample	Lavaux	DNA16	P9	2.8
364526_157-LP3-ITS-0733	MV_Post-AF_Plot20_Rep1_2021-10-16	Sample	Lavaux	DNA23	P8	0.8
364526_036-LP3-ITS-0612	Lavaux_2023-08-24_soil_Plot19	Sample	Lavaux	DNA31	P7	6.5
364526_400-LP3-ITS-0976	22DL04M_4761_lees	Sample	BotrytizedWine	DNA41	P11	13.7
364526_279-LP3-ITS-0855	Lavaux_2022-08-10_bark_Plot15	Sample	Lavaux	DNA16	P9	3.4
364526_158-LP3-ITS-0734	MV_Post-AF_Plot15_Rep3_2021-10-16	Sample	Lavaux	DNA23	P8	1.4
364526_037-LP3-ITS-0613	Erlenbach_2023-10-10_1	Sample	SoilColonialization	DNA31	P7	2.7
364526_525-LP3-ITS-1101	Leytron_Agroscope1_30-08-2023_berries	Sample	WINE	DNA49	P12	2.6
364526_404-LP3-ITS-0980	DO NOT USE (DUPLICATE) 	Sample	NOT-USE	DNA41	P11	11.4
364526_283-LP3-ITS-0859	Lavaux_2021-08-31_leaf_Plot9	Sample	Lavaux	DNA16	P9	2.5
364526_162-LP3-ITS-0738	MV_Post-AF_Plot5_Rep3_2021-10-16	Sample	Lavaux	DNA23	P8	3.6
364526_041-LP3-ITS-0617	Erlenbach_2023-10-10_6	Sample	SoilColonialization	DNA31	P7	4.9
364526_526-LP3-ITS-1102	Mart_6_30-08-2023_berries	Sample	WINE	DNA49	P12	2.7
364526_405-LP3-ITS-0981	22DL05M_89_lees	Sample	BotrytizedWine	DNA41	P11	16.2
364526_284-LP3-ITS-0860	DNA16_NegCtrl	NegCtrl	Lavaux	DNA16	P9	0.2
364526_163-LP3-ITS-0739	MV_Post-MLF_Plot9_2022-01-24	Sample	Lavaux	DNA23	P8	1.6
364526_042-LP3-ITS-0618	Grenchen_2023-10-10_2A	Sample	SoilColonialization	DNA31	P7	8.8
364526_527-LP3-ITS-1103	Rebhalde_14-09-2023_berries	Sample	WINE	DNA49	P12	3.3
364526_406-LP3-ITS-0982	21DL04M_1066_lees	Sample	BotrytizedWine	DNA41	P11	10.9
364526_285-LP3-ITS-0861	Lavaux_2021-08-31_bark_Plot9	Sample	Lavaux	DNA16	P9	5.3
364526_164-LP3-ITS-0740	MV_Post-AF_Plot5_Rep1_2021-10-16	Sample	Lavaux	DNA23	P8	2.7
364526_043-LP3-ITS-0619	DO NOT USE (DUPLICATE)	Sample	NOT-USE	DNA31	P7	6.1
364526_528-LP3-ITS-1104	Hasenhalde_14-09-2023_berries	Sample	WINE	DNA49	P12	3.4
364526_407-LP3-ITS-0983	21DL02S_51_lees	Sample	BotrytizedWine	DNA41	P11	11.9
364526_286-LP3-ITS-0862	Lavaux_2021-08-31_bark_Plot13	Sample	Lavaux	DNA16	P9	1.5
364526_165-LP3-ITS-0741	MV_Post-MLF_Plot15_2022-01-24	Sample	Lavaux	DNA23	P8	0.2
364526_044-LP3-ITS-0620	Erlenbach_2023-10-10_2	Sample	SoilColonialization	DNA31	P7	6.4
364526_521-LP3-ITS-1097	Leuk_1_30-08-2023_berries	Sample	WINE	DNA49	P12	0.7
364526_522-LP3-ITS-1098	Muraz_1_30-08-2023_berries	Sample	WINE	DNA49	P12	1.8
364526_401-LP3-ITS-0977	22DL05S_4763_lees	Sample	BotrytizedWine	DNA41	P11	11.0
364526_523-LP3-ITS-1099	Baur_Wein_14-09-2023_berries	Sample	WINE	DNA49	P12	10.9
364526_402-LP3-ITS-0978	21DL09_1893_lees	Sample	BotrytizedWine	DNA41	P11	0.001
364526_281-LP3-ITS-0857	Lavaux_2022-08-10_bark_Plot13	Sample	Lavaux	DNA16	P9	0.1
364526_524-LP3-ITS-1100	Leytron_Agroscope2_30-08-2023_berries	Sample	WINE	DNA49	P12	4.3
364526_403-LP3-ITS-0979	22DL01S_4609_lees	Sample	BotrytizedWine	DNA41	P11	12.7
364526_282-LP3-ITS-0858	Lavaux_2021-08-31_bark_Plot12	Sample	Lavaux	DNA16	P9	2.2
364526_161-LP3-ITS-0737	MV_Post-AF_Plot18_Rep3_2021-10-16	Sample	Lavaux	DNA23	P8	6.4
364526_390-LP3-ITS-0966	21DL06M_54_lees	Sample	BotrytizedWine	DNA41	P11	16.6
364526_269-LP3-ITS-0845	Lavaux_2022-08-10_bark_Plot19	Sample	Lavaux	DNA16	P9	3.8
364526_148-LP3-ITS-0724		Sample	NOT-USE		P8	0.001
364526_270-LP3-ITS-0846	Lavaux_2022-08-10_bark_Plot11	Sample	Lavaux	DNA16	P9	2.9
364526_149-LP3-ITS-0725		Sample	NOT-USE		P8	0.001
364526_150-LP3-ITS-0726		Sample	NOT-USE		P8	0.001
364526_507-LP3-ITS-1083	Lavaux_2023-08-24_leaf_Plot4_washed	Sample	Lavaux	DNA49	P12	0.5
364526_386-LP3-ITS-0962	21DL01S_2653_wine	Sample	BotrytizedWine	DNA41	P11	0.001
364526_265-LP3-ITS-0841	Lavaux_2021-08-31_leaf_Plot5	Sample	Lavaux	DNA16	P9	0.001
364526_144-LP3-ITS-0720	Lavaux_2023-08-24_leaf_Plot19	Sample	Lavaux	DNA39	P8	0.6
364526_508-LP3-ITS-1084	Lavaux_2021-08-31_leaf_Plot18_washed	Sample	Lavaux	DNA49	P12	0.1
364526_387-LP3-ITS-0963	DNA41_negCtrl_4	NegCtrl	BotrytizedWine	DNA41	P11	3.5
364526_266-LP3-ITS-0842	Lavaux_2021-08-31_leaf_Plot4	Sample	Lavaux	DNA16	P9	0.001
364526_145-LP3-ITS-0721	Lavaux_2023-08-24_leaf_Plot13	Sample	Lavaux	DNA39	P8	0.001
364526_509-LP3-ITS-1085	Lavaux_2022-08-10_leaf_Plot15_washed	Sample	Lavaux	DNA49	P12	0.3
364526_388-LP3-ITS-0964	DNA24_posCtrl_1	PosCtrl	BotrytizedWine	DNA41	P11	3.7
364526_267-LP3-ITS-0843	Lavaux_2022-08-10_bark_Plot14	Sample	Lavaux	DNA16	P9	0.9
364526_146-LP3-ITS-0722	Lavaux_2023-08-24_leaf_Plot14	Sample	Lavaux	DNA39	P8	0.001
364526_510-LP3-ITS-1086	Lavaux_2023-08-24_leaf_Plot19_washed	Sample	Lavaux	DNA49	P12	0.001
364526_389-LP3-ITS-0965	21DL08M_1885_lees	Sample	BotrytizedWine	DNA41	P11	16.4
364526_268-LP3-ITS-0844	Lavaux_2022-08-10_bark_Plot9	Sample	Lavaux	DNA16	P9	3.3
364526_147-LP3-ITS-0723		Sample	NOT-USE		P8	0.001
364526_514-LP3-ITS-1090	Ruetihof_14-09-2023_berries	Sample	WINE	DNA49	P12	7.0
364526_393-LP3-ITS-0969	21DL02S_1090_lees	Sample	BotrytizedWine	DNA41	P11	13.5
364526_272-LP3-ITS-0848	Lavaux_2022-08-10_bark_Plot4	Sample	Lavaux	DNA16	P9	3.3
364526_151-LP3-ITS-0727		Sample	NOT-USE		P8	0.001
364526_515-LP3-ITS-1091	Miege_3_30-08-2023_berries	Sample	WINE	DNA49	P12	14.5
364526_394-LP3-ITS-0970	22DL04M_5657_lees	Sample	BotrytizedWine	DNA41	P11	8.9
364526_273-LP3-ITS-0849	Lavaux_2022-08-10_bark_Plot5	Sample	Lavaux	DNA16	P9	2.5
364526_152-LP3-ITS-0728	P08_NegCtrl	NegCtrl	NOT-USE		P8	0.001
364526_031-LP3-ITS-0607	Lavaux_2023-08-24_soil_Plot15	Sample	Lavaux	DNA31	P7	10.1
364526_516-LP3-ITS-1092	Leytron_Agroscope3_30-08-2023_berries	Sample	WINE	DNA49	P12	3.7
364526_395-LP3-ITS-0971	22DL07_5656_lees	Sample	BotrytizedWine	DNA41	P11	12.0
364526_274-LP3-ITS-0850	Lavaux_2022-08-10_bark_Plot20	Sample	Lavaux	DNA16	P9	0.1
364526_153-LP3-ITS-0729	MV_Post-AF_Plot4_Rep3_2021-10-16	Sample	Lavaux	DNA23	P8	1.0
364526_032-LP3-ITS-0608	DO NOT USE (DUPLICATE)	Sample	NOT-USE	DNA31	P7	4.7
364526_517-LP3-ITS-1093	Strickhof_14-09-2023_berries	Sample	WINE	DNA49	P12	2.2
364526_396-LP3-ITS-0972	21DL01S_2653_lees	Sample	BotrytizedWine	DNA41	P11	10.5
364526_275-LP3-ITS-0851	Lavaux_2021-08-31_bark_Plot20	Sample	Lavaux	DNA16	P9	2.0
364526_154-LP3-ITS-0730	MV_Post-MLF_Plot12_2022-01-24	Sample	Lavaux	DNA23	P8	2.7
364526_033-LP3-ITS-0609	DO NOT USE (DUPLICATE)	Sample	NOT-USE	DNA31	P7	5.8
364526_511-LP3-ITS-1087	Lavaux_2022-08-10_leaf_Plot5_washed	Sample	Lavaux	DNA49	P12	0.5
364526_512-LP3-ITS-1088	Lavaux_2021-08-31_leaf_Plot17_washed	Sample	Lavaux	DNA49	P12	0.4
364526_391-LP3-ITS-0967	empty	Sample	NOT-USE	DNA41	P11	0.001
364526_513-LP3-ITS-1089	Lavaux_2021-08-31_leaf_Plot4_washed	Sample	Lavaux	DNA49	P12	0.5
364526_392-LP3-ITS-0968	empty	Sample	NOT-USE	DNA41	P11	7.9
364526_271-LP3-ITS-0847	Lavaux_2022-08-10_bark_Plot12	Sample	Lavaux	DNA16	P9	2.1
364526_060-LP3-ITS-0636	DO NOT USE (DUPLICATE)	Sample	NOT-USE	DNA31	P7	2.4
364526_419-LP3-ITS-0995	21DL01S_5295_wine	Sample	BotrytizedWine	DNA41	P11	0.2
364526_298-LP3-ITS-0874	Erlenbach_2023-06-20_1	Sample	SoilColonialization	DNA42	P10	3.4
364526_177-LP3-ITS-0753	MV_Post-AF_Plot20_Rep2_2021-10-16	Sample	Lavaux	DNA23	P8	3.5
364526_056-LP3-ITS-0632	Sav_3_17-08-2023_soil	Sample	WINE	DNA31	P7	7.3
364526_420-LP3-ITS-0996	empty	Sample	NOT-USE	DNA41	P11	0.001
364526_299-LP3-ITS-0875	DNA42_NegCtrl	Sample	SoilColonialization	DNA42	P10	0.8
364526_178-LP3-ITS-0754	MV_Post-AF_Plot17_Rep2_2021-10-16	Sample	Lavaux	DNA23	P8	3.9
364526_057-LP3-ITS-0633	Miege_3_17-08-2023_soil	Sample	WINE	DNA31	P7	4.4
364526_300-LP3-ITS-0876	Grenchen_2023-06-20_1C	Sample	SoilColonialization	DNA42	P10	5.3
364526_179-LP3-ITS-0755	MV_Post-AF_Plot13_Rep2_2021-10-16	Sample	Lavaux	DNA23	P8	8.1
364526_058-LP3-ITS-0634	DO NOT USE (DUPLICATE)	Sample	NOT-USE	DNA31	P7	0.5
364526_180-LP3-ITS-0756	MV_Post-AF_Plot11_Rep1_2021-10-16	Sample	Lavaux	DNA23	P8	5.9
364526_059-LP3-ITS-0635	DO NOT USE (DUPLICATE)	Sample	NOT-USE	DNA31	P7	1.4
364526_421-LP3-ITS-0997	21DL01S_2654_wine	Sample	BotrytizedWine	DNA41	P11	0.001
364526_426-LP3-ITS-1002	21DL03M_4185_wine	Sample	BotrytizedWine	DNA41	P11	4.9
364526_305-LP3-ITS-0881	Erlenbach_2023-06-20_3	Sample	SoilColonialization	DNA42	P10	4.0
364526_184-LP3-ITS-0760	MV_Post-AF_Plot13_Rep1_2021-10-16	Sample	Lavaux	DNA23	P8	11.7
364526_063-LP3-ITS-0639	DO NOT USE (DUPLICATE)	Sample	NOT-USE	DNA31	P7	0.5
364526_427-LP3-ITS-1003	21DL03M_2194_wine	Sample	BotrytizedWine	DNA41	P11	2.5
364526_306-LP3-ITS-0882	Fluntern_2023-06-20_1B	Sample	SoilColonialization	DNA42	P10	3.5
364526_185-LP3-ITS-0761	MV_Post-AF_Plot19_Rep2_2021-10-16	Sample	Lavaux	DNA23	P8	8.8
364526_064-LP3-ITS-0640	DO NOT USE (DUPLICATE)	Sample	NOT-USE	DNA31	P7	1.0
364526_428-LP3-ITS-1004	21DL04M_52_wine	Sample	BotrytizedWine	DNA41	P11	0.001
364526_307-LP3-ITS-0883	Lavaux_2021-08-31_must_Plot17	Sample	Lavaux	DNA42	P10	1.6
364526_186-LP3-ITS-0762	MV_Post-AF_Plot12_Rep2_2021-10-16	Sample	Lavaux	DNA23	P8	7.1
364526_065-LP3-ITS-0641	DO NOT USE (DUPLICATE)	Sample	NOT-USE	DNA31	P7	2.1
364526_429-LP3-ITS-1005	21DL04M_2752_wine	Sample	BotrytizedWine	DNA41	P11	0.001
364526_308-LP3-ITS-0884	Lavaux_2021-08-31_must_Plot5	Sample	Lavaux	DNA42	P10	1.4
364526_187-LP3-ITS-0763	MV_Post-AF_Plot9_Rep3_2021-10-16	Sample	Lavaux	DNA23	P8	2.0
364526_066-LP3-ITS-0642	Rebhalde_05-09-2023_soil	Sample	WINE	DNA31	P7	5.7
364526_422-LP3-ITS-0998	21DL02S_51_wine	Sample	BotrytizedWine	DNA41	P11	0.001
364526_301-LP3-ITS-0877	DO NOT USE (DUPLICATE)	Sample	NOT-USE	DNA42	P10	5.5
364526_423-LP3-ITS-0999	21DL02S_6535_wine	Sample	BotrytizedWine	DNA41	P11	0.4
364526_302-LP3-ITS-0878	Erlenbach_2023-06-20_2	Sample	SoilColonialization	DNA42	P10	6.8
364526_181-LP3-ITS-0757	MV_Post-AF_Plot4_Rep1_2021-10-16	Sample	Lavaux	DNA23	P8	2.8
364526_424-LP3-ITS-1000	21DL02S_1090_wine	Sample	BotrytizedWine	DNA41	P11	0.001
364526_303-LP3-ITS-0879	Fluntern_2023-06-20_1A	Sample	SoilColonialization	DNA42	P10	3.8
364526_182-LP3-ITS-0758	MV_Post-AF_Plot17_Rep1_2021-10-16	Sample	Lavaux	DNA23	P8	12.8
364526_061-LP3-ITS-0637	DO NOT USE (DUPLICATE)	Sample	NOT-USE	DNA31	P7	6.3
364526_425-LP3-ITS-1001	21DL03M_1073_wine	Sample	BotrytizedWine	DNA41	P11	1.5
364526_304-LP3-ITS-0880	Grenchen_2023-06-20_2C	Sample	SoilColonialization	DNA42	P10	2.8
364526_183-LP3-ITS-0759	MV_Post-AF_Plot15_Rep1_2021-10-16	Sample	Lavaux	DNA23	P8	10.4
364526_062-LP3-ITS-0638	DO NOT USE (DUPLICATE)	Sample	NOT-USE	DNA31	P7	2.0
364526_170-LP3-ITS-0746	MV_Post-AF_Plot20_Rep3_2021-10-16	Sample	Lavaux	DNA23	P8	1.5
364526_049-LP3-ITS-0625	DNA31_NegCtrl	NegCtrl	SoilColonialization	DNA31	P7	5.3
364526_050-LP3-ITS-0626	Fluntern_2023-10-10_1A	Sample	SoilColonialization	DNA31	P7	7.3
364526_529-LP3-ITS-1105	Wine_by_Jet_14-09-2023_berries	Sample	WINE	DNA49	P12	1.1
364526_408-LP3-ITS-0984	22DL02M_4630_lees	Sample	BotrytizedWine	DNA41	P11	6.8
364526_287-LP3-ITS-0863	Lavaux_2021-08-31_bark_Plot11	Sample	Lavaux	DNA16	P9	1.4
364526_166-LP3-ITS-0742	MV_Post-AF_Plot9_Rep2_2021-10-16	Sample	Lavaux	DNA23	P8	3.4
364526_045-LP3-ITS-0621	Fluntern_2023-10-10_1C	Sample	SoilColonialization	DNA31	P7	4.7
364526_530-LP3-ITS-1106	Champlan_1_30-08-2023_berries	Sample	WINE	DNA49	P12	1.8
364526_409-LP3-ITS-0985	21DL05S_2751_lees	Sample	BotrytizedWine	DNA41	P11	8.0
364526_288-LP3-ITS-0864	P09_PCR-_PCR1_20240918	NegCtrl	Lavaux		P9	0.001
364526_167-LP3-ITS-0743	MV_Post-AF_Plot12_Rep1_2021-10-16	Sample	Lavaux	DNA23	P8	0.001
364526_046-LP3-ITS-0622	Fluntern_2023-10-10_1B	Sample	SoilColonialization	DNA31	P7	4.7
364526_410-LP3-ITS-0986	21DL07S_BL30_lees	Sample	BotrytizedWine	DNA41	P11	2.4
364526_289-LP3-ITS-0865	Lavaux_2021-08-31_bark_Plot5	Sample	Lavaux	DNA42	P10	1.6
364526_168-LP3-ITS-0744	MV_Post-AF_Plot17_Rep3_2021-10-16	Sample	Lavaux	DNA23	P8	2.4
364526_047-LP3-ITS-0623	DO NOT USE (DUPLICATE)	Sample	NOT-USE	DNA31	P7	1.1
364526_290-LP3-ITS-0866	Lavaux_2021-08-31_bark_Plot4	Sample	Lavaux	DNA42	P10	2.7
364526_169-LP3-ITS-0745	MV_Post-AF_Plot13_Rep3_2021-10-16	Sample	Lavaux	DNA23	P8	2.4
364526_048-LP3-ITS-0624	Grenchen_2023-10-10_2C	Sample	SoilColonialization	DNA31	P7	5.1
364526_415-LP3-ITS-0991	22DL05M_89_wine	Sample	BotrytizedWine	DNA41	P11	13.9
364526_294-LP3-ITS-0870	DO NOT USE (DUPLICATE)	Sample	NOT-USE	DNA42	P10	2.0
364526_173-LP3-ITS-0749	MV_Post-AF_Plot11_Rep2_2021-10-16	Sample	Lavaux	DNA23	P8	7.5
364526_052-LP3-ITS-0628	Grenchen_2023-10-10_1B	Sample	SoilColonialization	DNA31	P7	5.5
364526_416-LP3-ITS-0992	22DL05M_8075_wine	Sample	BotrytizedWine	DNA41	P11	8.0
364526_295-LP3-ITS-0871	DO NOT USE (DUPLICATE)	Sample	NOT-USE	DNA42	P10	2.6
364526_174-LP3-ITS-0750	MV_Post-AF_Plot15_Rep2_2021-10-16	Sample	Lavaux	DNA23	P8	7.0
364526_053-LP3-ITS-0629	Lavaux_2021-08-31_soil_Plot15	Sample	Lavaux	DNA31	P7	2.9
364526_417-LP3-ITS-0993	19DMB_D2_wine	Sample	BotrytizedWine	DNA41	P11	0.001
364526_296-LP3-ITS-0872	Fluntern_2023-06-20_1C	Sample	SoilColonialization	DNA42	P10	4.0
364526_175-LP3-ITS-0751	MV_Post-AF_Plot4_Rep2_2021-10-16	Sample	Lavaux	DNA23	P8	2.1
364526_054-LP3-ITS-0630	Lavaux_2021-08-31_soil_Plot14	Sample	Lavaux	DNA31	P7	5.0
364526_418-LP3-ITS-0994	19DMB_C13_wine	Sample	BotrytizedWine	DNA41	P11	0.001
364526_297-LP3-ITS-0873	Grenchen_2023-06-20_1B	Sample	SoilColonialization	DNA42	P10	2.8
364526_176-LP3-ITS-0752	MV_Post-AF_Plot14_Rep2_2021-10-16	Sample	Lavaux	DNA23	P8	9.6
364526_055-LP3-ITS-0631	DO NOT USE (DUPLICATE)	Sample	NOT-USE	DNA31	P7	0.4
364526_411-LP3-ITS-0987	21DL06S_1094_lees	Sample	BotrytizedWine	DNA41	P11	13.3
364526_412-LP3-ITS-0988	DNA41_negCtrl_3	NegCtrl	BotrytizedWine	DNA41	P11	0.001
364526_291-LP3-ITS-0867	Grenchen_2023-06-20_2A	Sample	SoilColonialization	DNA42	P10	5.8
364526_413-LP3-ITS-0989	DNA24_posCtrl_2	PosCtrl	BotrytizedWine	DNA41	P11	6.6
364526_292-LP3-ITS-0868	Grenchen_2023-06-20_1A	Sample	SoilColonialization	DNA42	P10	4.4
364526_171-LP3-ITS-0747	MV_Post-AF_Plot14_Rep3_2021-10-16	Sample	Lavaux	DNA23	P8	10.2
364526_414-LP3-ITS-0990	22DL05M_5654_wine	Sample	BotrytizedWine	DNA41	P11	9.1
364526_293-LP3-ITS-0869	Grenchen_2023-06-20_2B	Sample	SoilColonialization	DNA42	P10	3.9
364526_172-LP3-ITS-0748	MV_Post-AF_Plot19_Rep3_2021-10-16	Sample	Lavaux	DNA23	P8	1.0
364526_051-LP3-ITS-0627	Grenchen_2023-10-10_2B	Sample	SoilColonialization	DNA31	P7	5.5
364525_087-LP3-ITS-0087	Lavaux_2021-09-30_must_Plot17_Row3/Vine25_ID147	Sample	Lavaux	DNA11	P1	7.73
364525_204-LP3-ITS-0204	Lavaux_2022-09-09_must_Plot9_RepB	Sample	Lavaux	DNA14	P3	3.21
364525_084-LP3-ITS-0084	Lavaux_2021-09-30_must_Plot9_Row9/Vine20_ID50	Sample	Lavaux	DNA11	P1	3.92
364525_205-LP3-ITS-0205	Lavaux_2022-09-09_must_Plot13_RepD	Sample	Lavaux	DNA14	P3	4.07
364525_083-LP3-ITS-0083	Lavaux_2021-09-30_must_Plot20_Row5/Vine20_ID204	Sample	Lavaux	DNA11	P1	15.4
364525_206-LP3-ITS-0206	Lavaux_2022-09-09_must_Plot15_RepE	Sample	Lavaux	DNA14	P3	3.25
364525_086-LP3-ITS-0086	Lavaux_2021-09-30_must_Plot18_Row11/Vine14_ID194	Sample	Lavaux	DNA11	P1	8.86
364525_207-LP3-ITS-0207	Lavaux_2022-09-09_must_Plot20_RepA	Sample	Lavaux	DNA14	P3	2.48
364525_085-LP3-ITS-0085	Lavaux_2021-09-30_must_Plot20_Row9/Vine20_ID210	Sample	Lavaux	DNA11	P1	2.86
364525_091-LP3-ITS-0091	Lavaux_2021-09-30_must_Plot20_Row2/Vine30_ID200b	Sample	Lavaux	DNA11	P1	17.22
364525_090-LP3-ITS-0090	Lavaux_2021-09-30_must_Plot18_Row4/Vine8_ID187	Sample	Lavaux	DNA11	P1	17.98
364525_093-LP3-ITS-0093	Lavaux_2021-09-30_must_Plot15_Row10/Vine30_ID134	Sample	Lavaux	DNA11	P1	6.46
364525_092-LP3-ITS-0092	Lavaux_2021-09-30_must_Plot12_Row6/Vine11_ID88	Sample	Lavaux	DNA11	P1	2.53
364525_089-LP3-ITS-0089	Lavaux_2021-09-30_must_Plot12_Row6/Vine50_ID90	Sample	Lavaux	DNA11	P1	19.21
364525_088-LP3-ITS-0088	Lavaux_2021-09-30_must_Plot15_Row10/Vine10_ID133	Sample	Lavaux	DNA11	P1	11.56
364525_197-LP3-ITS-0197	Lavaux_2022-09-09_must_Plot13_RepC	Sample	Lavaux	DNA14	P3	3.08
364525_077-LP3-ITS-0077	Lavaux_2021-09-30_must_Plot17_Row7/Vine40_ID160	Sample	Lavaux	DNA11	P1	4.19
364525_076-LP3-ITS-0076	DO NOT USE (DUPLICATE)	Sample	NOT-USE	DNA11	P1	0.18
364525_193-LP3-ITS-0193	Lavaux_2021-09-30_must_Plot17_Row8/Vine32_ID162	Sample	Lavaux	DNA14	P3	3.55
364525_073-LP3-ITS-0073	Lavaux_2021-09-30_must_Plot9_Row8/Vine30_ID49	Sample	Lavaux	DNA11	P1	8.23
364525_194-LP3-ITS-0194	Lavaux_2021-09-30_must_Plot11_Row4/Vine50_ID63	Sample	Lavaux	DNA14	P3	1.78
364525_072-LP3-ITS-0072	do not use	Sample	NOT-USE	DNA11	P1	3.0
364525_195-LP3-ITS-0195	Lavaux_2021-09-30_must_Plot17_Row10/Vine30_ID166	Sample	Lavaux	DNA14	P3	1.87
364525_075-LP3-ITS-0075	Lavaux_2021-09-30_must_Plot4_Row8/Vine30_ID5	Sample	Lavaux	DNA11	P1	5.1
364525_196-LP3-ITS-0196	Lavaux_2022-09-09_must_Plot9_RepA	Sample	Lavaux	DNA14	P3	1.98
364525_074-LP3-ITS-0074	Lavaux_2021-09-30_must_Plot15_Row13/Vine39_ID140	Sample	Lavaux	DNA11	P1	7.23
364525_200-LP3-ITS-0200	Lavaux_2022-08-10_must_Plot13	Sample	Lavaux	DNA14	P3	2.51
364525_080-LP3-ITS-0080	do not use	Sample	NOT-USE	DNA11	P1	4.48
364525_201-LP3-ITS-0201	Lavaux_2021-09-30_must_Plot17_Row5/Vine45_ID156	Sample	Lavaux	DNA14	P3	0.001
364525_079-LP3-ITS-0079	Lavaux_2021-09-30_must_Plot13_Row3/Vine10_ID97	Sample	Lavaux	DNA11	P1	7.52
364525_202-LP3-ITS-0202	Lavaux_2021-09-30_must_Plot17_Row16/Vine10_ID177	Sample	Lavaux	DNA14	P3	2.58
364525_082-LP3-ITS-0082	Lavaux_2021-09-30_must_Plot11_Row7/Vine15_ID68	Sample	Lavaux	DNA11	P1	7.86
364525_203-LP3-ITS-0203	Lavaux_2021-09-30_must_Plot17_Row5/Vine10_ID152	Sample	Lavaux	DNA14	P3	6.66
364525_081-LP3-ITS-0081	Lavaux_2021-09-30_must_Plot18_Row9/Vine14_ID192	Sample	Lavaux	DNA11	P1	7.58
364525_198-LP3-ITS-0198	Lavaux_2022-09-09_must_Plot15_RepD	Sample	Lavaux	DNA14	P3	3.01
364525_078-LP3-ITS-0078	Lavaux_2021-09-30_must_Plot18_Row6/Vine7_ID189	Sample	Lavaux	DNA11	P1	3.63
364525_199-LP3-ITS-0199	Lavaux_2022-09-09_must_Plot19_RepE	Sample	Lavaux	DNA14	P3	5.03
364525_106-LP3-ITS-0106	Lavaux_2021-09-30_must_Plot9_Row4/Vine10_ID40	Sample	Lavaux	DNA12	P2	2.47
364525_105-LP3-ITS-0105	Lavaux_2021-09-30_must_Plot17_Row4/Vine15_ID149	Sample	Lavaux	DNA12	P2	3.67
364525_107-LP3-ITS-0107	do not use	Sample	NOT-USE	DNA12	P2	3.41
364525_095-LP3-ITS-0095	Lavaux_2021-09-30_must_Plot15_Row4/Vine10_ID122	Sample	Lavaux	DNA11	P1	8.1
364525_094-LP3-ITS-0094	Lavaux_2021-09-30_must_Plot12_Row4/Vine50_ID84	Sample	Lavaux	DNA11	P1	10.88
364525_097-LP3-ITS-0097	Lavaux_2021-09-30_must_Plot17_Row18/Vine20_ID182	Sample	Lavaux	DNA12	P2	1.75
364525_096-LP3-ITS-0096	Lavaux_2021-09-30_must_Plot18_Row3/Vine14_ID186	Sample	Lavaux	DNA11	P1	7.31
364525_102-LP3-ITS-0102	Lavaux_2021-09-30_must_Plot20_Row16/Vine10_ID218	Sample	Lavaux	DNA12	P2	5.85
364525_101-LP3-ITS-0101	Lavaux_2021-09-30_must_Plot14_Row10/Vine4_ID111	Sample	Lavaux	DNA12	P2	3.54
364525_104-LP3-ITS-0104	Lavaux_2021-09-30_must_Plot20_Row15/Vine5_ID217	Sample	Lavaux	DNA12	P2	8.9
364525_103-LP3-ITS-0103	Lavaux_2021-09-30_must_Plot15_Row7/Vine20_ID128a	Sample	Lavaux	DNA12	P2	1.36
364525_098-LP3-ITS-0098	Lavaux_2021-09-30_must_Plot15_Row15/Vine20_ID143	Sample	Lavaux	DNA12	P2	6.2
364525_100-LP3-ITS-0100	Lavaux_2021-09-30_must_Plot9_Row4/Vine30_ID41	Sample	Lavaux	DNA12	P2	3.41
364525_099-LP3-ITS-0099	Lavaux_2021-09-30_must_Plot17_Row13/Vine40_ID172	Sample	Lavaux	DNA12	P2	4.58
364525_406-LP3-ITS-0406	SB_must_min20_24h_1	Sample	SamplingBenchmarking	DNA17	P5	5.96
364525_285-LP3-ITS-0285	Lavaux_2022-09-09_must_Plot15_RepC	Sample	Lavaux	DNA14	P3	4.08
364525_164-LP3-ITS-0164	Lavaux_2021-09-30_must_Plot12_Row5/Vine20_ID85	Sample	Lavaux	DNA12	P2	1.65
364525_044-LP3-ITS-0044	DNA11_PosCtrl_2	PosCtrl	Lavaux	DNA11	P1	12.8
364525_407-LP3-ITS-0407	SB_must_min20_24h_2	Sample	SamplingBenchmarking	DNA17	P5	5.2
364525_286-LP3-ITS-0286	Lavaux_2022-09-09_must_Plot19_RepD	Sample	Lavaux	DNA14	P3	1.63
364525_165-LP3-ITS-0165	Lavaux_2021-09-30_must_Plot4_Row13/Vine20_ID12	Sample	Lavaux	DNA12	P2	2.87
364525_043-LP3-ITS-0043	Lavaux_2021-09-30_must_Plot15_Row7/Vine39_ID129c	Sample	Lavaux	DNA11	P1	13.18
364525_287-LP3-ITS-0287	Lavaux_2022-08-10_must_Plot12	Sample	Lavaux	DNA14	P3	2.73
364525_166-LP3-ITS-0166	Lavaux_2021-09-30_must_Plot4_Row7/Vine20_ID3	Sample	Lavaux	DNA12	P2	2.31
364525_046-LP3-ITS-0046	Lavaux_2021-09-30_must_Plot15_Row12/Vine30_ID138	Sample	Lavaux	DNA11	P1	4.67
364525_167-LP3-ITS-0167	Lavaux_2021-09-30_must_Plot14_Row18/Vine4_ID119	Sample	Lavaux	DNA12	P2	1.54
364525_045-LP3-ITS-0045	Lavaux_2021-09-30_must_Plot20_Row13/Vine20_ID215	Sample	Lavaux	DNA11	P1	5.22
364525_402-LP3-ITS-0402	SB_must_min80_1wk_3	Sample	SamplingBenchmarking	DNA17	P5	5.91
364525_281-LP3-ITS-0281	Lavaux_2021-09-30_must_Plot17_Row3/Vine10_ID145	Sample	Lavaux	DNA14	P3	0.81
364525_160-LP3-ITS-0160	Lavaux_2021-09-30_must_Plot11_Row9/Vine40_ID75	Sample	Lavaux	DNA12	P2	2.96
364525_040-LP3-ITS-0040	Lavaux_2021-09-30_must_Plot20_Row8/Vine11_ID208	Sample	Lavaux	DNA11	P1	3.45
364525_403-LP3-ITS-0403	SB_must_min80_1month_1	Sample	SamplingBenchmarking	DNA17	P5	7.18
364525_282-LP3-ITS-0282	Lavaux_2021-09-30_must_Plot13_Row4/Vine20_ID99	Sample	Lavaux	DNA14	P3	3.09
364525_161-LP3-ITS-0161	Lavaux_2021-09-30_must_Plot11_Row2/Vine51_ID58	Sample	Lavaux	DNA12	P2	1.24
364525_039-LP3-ITS-0039	Lavaux_2021-09-30_must_Plot9_Row11/Vine40_ID55	Sample	Lavaux	DNA11	P1	4.56
364525_404-LP3-ITS-0404	SB_must_min80_1month_2	Sample	SamplingBenchmarking	DNA17	P5	3.78
364525_283-LP3-ITS-0283	Lavaux_2022-09-09_must_Plot5_RepE	Sample	Lavaux	DNA14	P3	0.83
364525_162-LP3-ITS-0162	Lavaux_2021-09-30_must_Plot11_Row7/Vine50_ID70	Sample	Lavaux	DNA12	P2	3.35
364525_042-LP3-ITS-0042	Lavaux_2021-09-30_must_Plot17_Row17/Vine40_ID180	Sample	Lavaux	DNA11	P1	7.54
364525_405-LP3-ITS-0405	SB_must_min80_1month_3	Sample	SamplingBenchmarking	DNA17	P5	5.11
364525_284-LP3-ITS-0284	Lavaux_2022-09-09_must_Plot13_RepB	Sample	Lavaux	DNA14	P3	7.17
364525_163-LP3-ITS-0163	Lavaux_2021-09-30_must_Plot11_Row8/Vine50_ID73	Sample	Lavaux	DNA12	P2	2.14
364525_041-LP3-ITS-0041	Lavaux_2021-09-30_must_Plot11_Row9/Vine20_ID74	Sample	Lavaux	DNA11	P1	5.77
364525_047-LP3-ITS-0047	DNA11_NegCtrl_1	NegCtrl	Lavaux	DNA11	P1	0.001
364525_288-LP3-ITS-0288	empty	Sample	NOT-USE	DNA14	P3	0.001
364525_289-LP3-ITS-0289	Lavaux_2022-08-10_soil_Plot17	Sample	Lavaux	DNA15	P4	1.11
364525_168-LP3-ITS-0168	Lavaux_2021-09-30_must_Plot14_Row16/Vine4_ID117	Sample	Lavaux	DNA12	P2	1.59
364525_290-LP3-ITS-0290	Lavaux_2022-08-10_soil_Plot5	Sample	Lavaux	DNA15	P4	5.49
364525_169-LP3-ITS-0169	Lavaux_2021-09-30_must_Plot12_Row2/Vine10_ID76	Sample	Lavaux	DNA12	P2	2.4
364525_049-LP3-ITS-0049	Lavaux_2021-09-30_must_Plot13_Row2/Vine20_ID96	Sample	Lavaux	DNA11	P1	5.91
364525_291-LP3-ITS-0291	Lavaux_2022-08-10_soil_Plot11	Sample	Lavaux	DNA15	P4	5.93
364525_170-LP3-ITS-0170	Lavaux_2021-09-30_must_Plot17_Row5/Vine20_ID153	Sample	Lavaux	DNA12	P2	7.15
364525_048-LP3-ITS-0048	Lavaux_2021-09-30_must_Plot4_Row6/Vine30_ID2	Sample	Lavaux	DNA11	P1	1.34
364525_395-LP3-ITS-0395	SB_must_4deg_72h_2	Sample	SamplingBenchmarking	DNA17	P5	6.78
364525_274-LP3-ITS-0274	Lavaux_2021-09-30_must_Plot17_Row4/Vine25_ID150	Sample	Lavaux	DNA14	P3	2.1
364525_153-LP3-ITS-0153	Lavaux_2021-09-30_must_Plot5_Row2/Vine50_ID27	Sample	Lavaux	DNA12	P2	0.58
364525_033-LP3-ITS-0033	Lavaux_2021-09-30_must_Plot5_Row3/Vine40_ID29	Sample	Lavaux	DNA11	P1	5.55
364525_396-LP3-ITS-0396	SB_must_4deg_72h_3	Sample	SamplingBenchmarking	DNA17	P5	11.48
364525_275-LP3-ITS-0275	Lavaux_2022-09-09_must_Plot5_RepD	Sample	Lavaux	DNA14	P3	1.5
364525_154-LP3-ITS-0154	Lavaux_2021-09-30_must_Plot11_Row7/Vine30_ID69	Sample	Lavaux	DNA12	P2	3.96
364525_032-LP3-ITS-0032	Lavaux_2021-09-30_must_Plot13_Row1/Vine30_ID95	Sample	Lavaux	DNA11	P1	4.21
364525_397-LP3-ITS-0397	SB_must_4deg_1wk_1	Sample	SamplingBenchmarking	DNA17	P5	6.92
364525_276-LP3-ITS-0276	Lavaux_2022-09-09_must_Plot13_RepA	Sample	Lavaux	DNA14	P3	3.17
364525_155-LP3-ITS-0155	Lavaux_2021-09-30_must_Plot4_Row17/Vine20_ID18	Sample	Lavaux	DNA12	P2	1.27
364525_035-LP3-ITS-0035	do not use	Sample	NOT-USE	DNA11	P1	16.26
364525_277-LP3-ITS-0277	Lavaux_2022-09-09_must_Plot15_RepB	Sample	Lavaux	DNA14	P3	5.08
364525_156-LP3-ITS-0156	Lavaux_2021-09-30_must_Plot17_Row16/Vine30_ID178	Sample	Lavaux	DNA12	P2	1.25
364525_034-LP3-ITS-0034	Lavaux_2021-09-30_must_Plot4_Row16/Vine30_ID17	Sample	Lavaux	DNA11	P1	6.3
364525_391-LP3-ITS-0391	SB_must_4deg_24h_1	Sample	SamplingBenchmarking	DNA17	P5	6.92
364525_270-LP3-ITS-0270	Lavaux_2022-09-09_must_Plot19_RepB	Sample	Lavaux	DNA14	P3	2.04
364525_149-LP3-ITS-0149	Lavaux_2021-09-30_must_Plot19_Row2/Vine5_ID195	Sample	Lavaux	DNA12	P2	2.17
364525_029-LP3-ITS-0029	Lavaux_2021-09-30_must_Plot15_Row8/Vine29_ID131c	Sample	Lavaux	DNA11	P1	2.48
364525_392-LP3-ITS-0392	SB_must_4deg_24h_2	Sample	SamplingBenchmarking	DNA17	P5	2.99
364525_271-LP3-ITS-0271	Lavaux_2022-08-10_must_Plot9	Sample	Lavaux	DNA14	P3	1.38
364525_150-LP3-ITS-0150	Lavaux_2021-09-30_must_Plot9_Row8/Vine10_ID48	Sample	Lavaux	DNA12	P2	6.83
364525_028-LP3-ITS-0028	Lavaux_2021-09-30_must_Plot12_Row2/Vine50_ID78	Sample	Lavaux	DNA11	P1	4.3
364525_393-LP3-ITS-0393	SB_must_4deg_24h_3	Sample	SamplingBenchmarking	DNA17	P5	3.63
364525_272-LP3-ITS-0272	empty	Sample	NOT-USE	DNA14	P3	0.001
364525_151-LP3-ITS-0151	Lavaux_2021-09-30_must_Plot14_Row9/Vine10_ID110	Sample	Lavaux	DNA12	P2	3.18
364525_031-LP3-ITS-0031	Lavaux_2021-09-30_must_Plot17_Row4/Vine35_ID151	Sample	Lavaux	DNA11	P1	0.17
364525_394-LP3-ITS-0394	SB_must_4deg_72h_1	Sample	SamplingBenchmarking	DNA17	P5	8.46
364525_273-LP3-ITS-0273	Lavaux_2021-09-30_must_Plot5_Row6/Vine30_ID37	Sample	Lavaux	DNA14	P3	0.2
364525_152-LP3-ITS-0152	Lavaux_2021-09-30_must_Plot17_Row9/Vine40_ID164	Sample	Lavaux	DNA12	P2	1.22
364525_030-LP3-ITS-0030	Lavaux_2021-09-30_must_Plot17_Row12/Vine30_ID170	Sample	Lavaux	DNA11	P1	5.18
364525_157-LP3-ITS-0157	Lavaux_2021-09-30_must_Plot9_Row6/Vine10_ID44	Sample	Lavaux	DNA12	P2	1.59
364525_037-LP3-ITS-0037	Lavaux_2021-09-30_must_Plot5_Row4/Vine50_ID32	Sample	Lavaux	DNA11	P1	0.38
364525_036-LP3-ITS-0036	Lavaux_2021-09-30_must_Plot14_Row8/Vine4_ID109	Sample	Lavaux	DNA11	P1	3.49
364525_398-LP3-ITS-0398	SB_must_4deg_1wk_2	Sample	SamplingBenchmarking	DNA17	P5	6.37
364525_399-LP3-ITS-0399	SB_must_4deg_1wk_3	Sample	SamplingBenchmarking	DNA17	P5	5.83
364525_278-LP3-ITS-0278	Lavaux_2022-09-09_must_Plot19_RepC	Sample	Lavaux	DNA14	P3	4.82
364525_400-LP3-ITS-0400	SB_must_min80_1wk_1	Sample	SamplingBenchmarking	DNA17	P5	2.06
364525_279-LP3-ITS-0279	Lavaux_2022-08-10_must_Plot11	Sample	Lavaux	DNA14	P3	1.76
364525_158-LP3-ITS-0158	Lavaux_2021-09-30_must_Plot14_Row11/Vine8_ID112	Sample	Lavaux	DNA12	P2	3.16
364525_038-LP3-ITS-0038	Lavaux_2021-09-30_must_Plot5_Row4/Vine10_ID30	Sample	Lavaux	DNA11	P1	5.71
364525_401-LP3-ITS-0401	SB_must_min80_1wk_2	Sample	SamplingBenchmarking	DNA17	P5	4.02
364525_280-LP3-ITS-0280	empty	Sample	NOT-USE	DNA14	P3	0.001
364525_159-LP3-ITS-0159	Lavaux_2021-09-30_must_Plot4_Row20/Vine10_ID22	Sample	Lavaux	DNA12	P2	0.95
364525_307-LP3-ITS-0307	Lavaux_2022-03-08_soil_Plot5	Sample	Lavaux	DNA15	P4	2.2
364525_186-LP3-ITS-0186	Lavaux_2021-09-30_must_Plot14_Row6/Vine12_ID107	Sample	Lavaux	DNA12	P2	2.97
364525_066-LP3-ITS-0066	Lavaux_2021-09-30_must_Plot5_Row6/Vine20_ID36	Sample	Lavaux	DNA11	P1	2.85
364525_187-LP3-ITS-0187	Lavaux_2021-09-30_must_Plot18_Row7/Vine14_ID190	Sample	Lavaux	DNA12	P2	2.39
364525_065-LP3-ITS-0065	Lavaux_2021-09-30_must_Plot14_Row14/Vine4_ID115	Sample	Lavaux	DNA11	P1	2.71
364525_067-LP3-ITS-0067	Lavaux_2021-09-30_must_Plot5_Row2/Vine10_ID25	Sample	Lavaux	DNA11	P1	7.77
364525_303-LP3-ITS-0303	Lavaux_2021-08-31_soil_Plot13	Sample	Lavaux	DNA15	P4	0.001
364525_182-LP3-ITS-0182	Lavaux_2021-09-30_must_Plot12_Row5/Vine60_ID87	Sample	Lavaux	DNA12	P2	6.88
364525_062-LP3-ITS-0062	Lavaux_2021-09-30_must_Plot12_Row7/Vine60_ID93	Sample	Lavaux	DNA11	P1	10.7
364525_304-LP3-ITS-0304	Lavaux_2022-03-08_soil_Plot14	Sample	Lavaux	DNA15	P4	0.2
364525_183-LP3-ITS-0183	Lavaux_2021-09-30_must_Plot17_Row11/Vine20_ID167	Sample	Lavaux	DNA12	P2	16.29
364525_061-LP3-ITS-0061	DO NOT USE (DUPLICATE)	Sample	NOT-USE	DNA11	P1	1.3
364525_305-LP3-ITS-0305	Lavaux_2022-03-08_soil_Plot17	Sample	Lavaux	DNA15	P4	6.59
364525_184-LP3-ITS-0184	Lavaux_2021-09-30_must_Plot17_Row5/Vine40_ID155	Sample	Lavaux	DNA12	P2	9.5
364525_064-LP3-ITS-0064	Lavaux_2021-09-30_must_Plot17_Row15/Vine21_ID175	Sample	Lavaux	DNA11	P1	5.34
364525_306-LP3-ITS-0306	Lavaux_2021-08-31_soil_Plot19	Sample	Lavaux	DNA15	P4	6.43
364525_185-LP3-ITS-0185	Lavaux_2021-09-30_must_Plot15_Row6/Vine10_ID126	Sample	Lavaux	DNA12	P2	7.52
364525_063-LP3-ITS-0063	Lavaux_2021-09-30_must_Plot17_Row8/Vine10_ID161	Sample	Lavaux	DNA11	P1	6.46
364525_189-LP3-ITS-0189	Lavaux_2021-09-30_must_Plot14_Row17/Vine10_ID118	Sample	Lavaux	DNA12	P2	5.37
364525_069-LP3-ITS-0069	Lavaux_2021-09-30_must_Plot12_Row4/Vine10_ID82	Sample	Lavaux	DNA11	P1	3.43
364525_190-LP3-ITS-0190	Lavaux_2021-09-30_must_Plot20_Row3/Vine20_ID201	Sample	Lavaux	DNA12	P2	4.63
364525_068-LP3-ITS-0068	Lavaux_2021-09-30_must_Plot4_Row14/Vine10_ID13	Sample	Lavaux	DNA11	P1	1.76
364525_191-LP3-ITS-0191	Lavaux_2021-09-30_must_Plot17_Row14/Vine30_ID174	Sample	Lavaux	DNA12	P2	13.76
364525_071-LP3-ITS-0071	DNA11_NegCtrl_2	NegCtrl	Lavaux	DNA11	P1	8.34
364525_192-LP3-ITS-0192	Lavaux_2021-09-30_must_Plot15_Row11/Vine38_ID136	Sample	Lavaux	DNA12	P2	5.67
364525_070-LP3-ITS-0070	Lavaux_2021-09-30_must_Plot14_Row12/Vine4_ID113	Sample	Lavaux	DNA11	P1	7.02
364525_188-LP3-ITS-0188	Lavaux_2021-09-30_must_Plot18_Row10/Vine7_ID193	Sample	Lavaux	DNA12	P2	1.75
364525_296-LP3-ITS-0296	Lavaux_2022-08-10_soil_Plot4	Sample	Lavaux	DNA15	P4	4.85
364525_175-LP3-ITS-0175	Lavaux_2021-09-30_must_Plot13_Row3/Vine30_ID98	Sample	Lavaux	DNA12	P2	6.97
364525_055-LP3-ITS-0055	Lavaux_2021-09-30_must_Plot20_Row12/Vine11_ID214	Sample	Lavaux	DNA11	P1	7.63
364525_297-LP3-ITS-0297	Lavaux_2022-08-10_soil_Plot19	Sample	Lavaux	DNA15	P4	0.18
364525_176-LP3-ITS-0176	Lavaux_2021-09-30_must_Plot13_Row1/Vine10_ID94	Sample	Lavaux	DNA12	P2	2.94
364525_054-LP3-ITS-0054	Lavaux_2021-09-30_must_Plot5_Row5/Vine20_ID33	Sample	Lavaux	DNA11	P1	3.09
364525_177-LP3-ITS-0177	Lavaux_2021-09-30_must_Plot11_Row2/Vine31_ID57	Sample	Lavaux	DNA12	P2	5.59
364525_057-LP3-ITS-0057	Lavaux_2021-09-30_must_Plot4_Row16/Vine10_ID16	Sample	Lavaux	DNA11	P1	2.35
364525_056-LP3-ITS-0056	Lavaux_2021-09-30_must_Plot15_Row14/Vine31_ID142	Sample	Lavaux	DNA11	P1	4.28
364525_292-LP3-ITS-0292	Lavaux_2022-08-10_soil_Plot13	Sample	Lavaux	DNA15	P4	5.28
364525_171-LP3-ITS-0171	DNA12_NegCtrl	NegCtrl	Lavaux	DNA12	P2	0.05
364525_051-LP3-ITS-0051	Lavaux_2021-09-30_must_Plot15_Row2/Vine11_ID120	Sample	Lavaux	DNA11	P1	4.54
364525_293-LP3-ITS-0293	Lavaux_2022-08-10_soil_Plot14	Sample	Lavaux	DNA15	P4	6.71
364525_172-LP3-ITS-0172	Lavaux_2021-09-30_must_Plot4_Row12/Vine10_ID10	Sample	Lavaux	DNA12	P2	2.07
364525_050-LP3-ITS-0050	do not use	Sample	NOT-USE	DNA11	P1	3.52
364525_294-LP3-ITS-0294	Lavaux_2022-08-10_soil_Plot20	Sample	Lavaux	DNA15	P4	4.82
364525_173-LP3-ITS-0173	Lavaux_2021-09-30_must_Plot19_Row3/Vine10_ID196	Sample	Lavaux	DNA12	P2	3.53
364525_053-LP3-ITS-0053	Lavaux_2021-09-30_must_Plot20_Row4/Vine10_ID202	Sample	Lavaux	DNA11	P1	2.14
364525_295-LP3-ITS-0295	Lavaux_2022-08-10_soil_Plot15	Sample	Lavaux	DNA15	P4	4.62
364525_174-LP3-ITS-0174	Lavaux_2021-09-30_must_Plot4_Row15/Vine20_ID15	Sample	Lavaux	DNA12	P2	1.99
364525_052-LP3-ITS-0052	Lavaux_2021-09-30_must_Plot14_Row7/Vine8_ID108	Sample	Lavaux	DNA11	P1	3.82
364525_299-LP3-ITS-0299	Lavaux_2021-08-31_soil_Plot20	Sample	Lavaux	DNA15	P4	0.12
364525_178-LP3-ITS-0178	Lavaux_2021-09-30_must_Plot15_Row4/Vine30_ID123	Sample	Lavaux	DNA12	P2	2.52
364525_058-LP3-ITS-0058	Lavaux_2021-09-30_must_Plot4_Row21/Vine20_ID24	Sample	Lavaux	DNA11	P1	3.16
364525_300-LP3-ITS-0300	Lavaux_2022-03-08_soil_Plot19	Sample	Lavaux	DNA15	P4	0.18
364525_179-LP3-ITS-0179	Lavaux_2021-09-30_must_Plot11_Row3/Vine19_ID59	Sample	Lavaux	DNA12	P2	7.61
364525_301-LP3-ITS-0301	Lavaux_2022-03-08_soil_Plot20	Sample	Lavaux	DNA15	P4	0.09
364525_180-LP3-ITS-0180	Lavaux_2021-09-30_must_Plot17_Row10/Vine10_ID165	Sample	Lavaux	DNA12	P2	5.96
364525_060-LP3-ITS-0060	Lavaux_2021-09-30_must_Plot14_Row2/Vine4_ID103	Sample	Lavaux	DNA11	P1	3.11
364525_302-LP3-ITS-0302	Lavaux_2022-08-10_soil_Plot9	Sample	Lavaux	DNA15	P4	0.12
364525_181-LP3-ITS-0181	Lavaux_2021-09-30_must_Plot18_Row5/Vine14_ID188	Sample	Lavaux	DNA12	P2	4.91
364525_059-LP3-ITS-0059	Lavaux_2021-09-30_must_Plot5_Row5/Vine41_ID34	Sample	Lavaux	DNA11	P1	7.39
364525_298-LP3-ITS-0298	Lavaux_2022-08-10_soil_Plot12	Sample	Lavaux	DNA15	P4	0.34
364525_483-LP3-ITS-0483	Valais_2	Sample	Valais	DNA38	P6	5.8
364525_362-LP3-ITS-0362	Grenchen_2021-07-21_soil_1C	Sample	SoilColonialization	DNA15	P4	8.29
364525_241-LP3-ITS-0241	Lavaux_2021-09-30_must_Plot13_Row5/Vine31_ID101	Sample	Lavaux	DNA14	P3	0.75
364525_120-LP3-ITS-0120	Lavaux_2021-09-30_must_Plot14_Row6/Vine4_ID106	Sample	Lavaux	DNA12	P2	3.42
364525_484-LP3-ITS-0484	Valais_33	Sample	Valais	DNA38	P6	3.0
364525_363-LP3-ITS-0363	Grenchen_2022-07-02_1C	Sample	SoilColonialization	DNA15	P4	7.69
364525_242-LP3-ITS-0242	DO NOT USE (DUPLICATE)	Sample	NOT-USE	DNA14	P3	2.5
364525_121-LP3-ITS-0121	Lavaux_2021-09-30_must_Plot17_Row2/Vine5_ID144	Sample	Lavaux	DNA12	P2	2.42
364525_485-LP3-ITS-0485	Valais_26	Sample	Valais	DNA38	P6	5.8
364525_364-LP3-ITS-0364	empty	Sample	NOT-USE	DNA15	P4	7.13
364525_243-LP3-ITS-0243	Lavaux_2022-09-09_must_Plot4_RepE	Sample	Lavaux	DNA14	P3	0.71
364525_122-LP3-ITS-0122	Lavaux_2021-09-30_must_Plot14_Row5/Vine8_ID105	Sample	Lavaux	DNA12	P2	5.24
364525_486-LP3-ITS-0486	Valais_22	Sample	Valais	DNA38	P6	3.4
364525_365-LP3-ITS-0365	empty	Sample	NOT-USE	DNA15	P4	10.33
364525_244-LP3-ITS-0244	Lavaux_2022-09-09_must_Plot12_RepB	Sample	Lavaux	DNA14	P3	1.38
364525_123-LP3-ITS-0123	Lavaux_2021-09-30_must_Plot17_Row6/Vine30_ID158a	Sample	Lavaux	DNA12	P2	7.0
364525_479-LP3-ITS-0479	Grenchen_2021-10-13_soil_1B	Sample	SoilColonialization	DNA16	P5	9.97
364525_358-LP3-ITS-0358	Grenchen_2022-07-02_1B	Sample	SoilColonialization	DNA15	P4	3.75
364525_480-LP3-ITS-0480	Grenchen_2021-10-13_soil_1A	Sample	SoilColonialization	DNA16	P5	4.23
364525_359-LP3-ITS-0359	Erlenbach_2022-08-11_3	Sample	SoilColonialization	DNA15	P4	3.13
364525_238-LP3-ITS-0238	Lavaux_2022-09-09_must_Plot17_RepC	Sample	Lavaux	DNA14	P3	1.83
364525_481-LP3-ITS-0481	Valais_7	Sample	Valais	DNA38	P6	2.8
364525_360-LP3-ITS-0360	empty	Sample	NOT-USE	DNA15	P4	2.16
364525_239-LP3-ITS-0239	Lavaux_2022-09-09_must_Plot20_RepE	Sample	Lavaux	DNA14	P3	2.79
364525_118-LP3-ITS-0118	Lavaux_2021-09-30_must_Plot12_Row2/Vine30_ID77	Sample	Lavaux	DNA12	P2	7.98
364525_482-LP3-ITS-0482	Valais_30	Sample	Valais	DNA38	P6	6.1
364525_361-LP3-ITS-0361	Grenchen_2021-07-21_soil_1A	Sample	SoilColonialization	DNA15	P4	7.6
364525_240-LP3-ITS-0240	DNA14_NegCtrl_2	NegCtrl	Lavaux	DNA14	P3	0.001
364525_119-LP3-ITS-0119	Lavaux_2021-09-30_must_Plot15_Row14/Vine10_ID141	Sample	Lavaux	DNA12	P2	1.54
364525_487-LP3-ITS-0487	Valais_23	Sample	Valais	DNA38	P6	5.8
364525_366-LP3-ITS-0366	Grenchen_2022-03-08_1B	Sample	SoilColonialization	DNA15	P4	5.07
364525_245-LP3-ITS-0245	Lavaux_2022-09-09_must_Plot14_RepD	Sample	Lavaux	DNA14	P3	0.001
364525_124-LP3-ITS-0124	Lavaux_2021-09-30_must_Plot15_Row7/Vine20_ID128b	Sample	Lavaux	DNA12	P2	3.71
364525_367-LP3-ITS-0367	Grenchen_2022-03-08_1A	Sample	SoilColonialization	DNA15	P4	10.62
364525_246-LP3-ITS-0246	Lavaux_2022-09-09_must_Plot17_RepD	Sample	Lavaux	DNA14	P3	1.1
364525_125-LP3-ITS-0125	Lavaux_2021-09-30_must_Plot15_Row3/Vine20_ID121a	Sample	Lavaux	DNA12	P2	2.66
364525_247-LP3-ITS-0247	Lavaux_2021-09-30_must_Plot4_Row12/Vine30_ID11	Sample	Lavaux	DNA14	P3	3.69
364525_126-LP3-ITS-0126	Lavaux_2021-09-30_must_Plot17_Row9/Vine20_ID163	Sample	Lavaux	DNA12	P2	9.64
364525_127-LP3-ITS-0127	Lavaux_2021-09-30_must_Plot11_Row6/Vine40_ID67	Sample	Lavaux	DNA12	P2	6.5
364525_488-LP3-ITS-0488	Valais_4	Sample	Valais	DNA38	P6	3.1
364525_489-LP3-ITS-0489	Valais_20	Sample	Valais	DNA38	P6	1.1
364525_368-LP3-ITS-0368	Grenchen_2021-06-11_soil_2B_ref	Sample	SoilColonialization	DNA15	P4	7.68
364525_472-LP3-ITS-0472	visc_blank_1	Sample	SamplingBenchmarking	DNA17	P5	0.001
364525_351-LP3-ITS-0351	empty	Sample	NOT-USE	DNA15	P4	5.51
364525_230-LP3-ITS-0230	Lavaux_2022-09-09_must_Plot17_RepB	Sample	Lavaux	DNA14	P3	1.73
364525_109-LP3-ITS-0109	do not use	Sample	NOT-USE	DNA12	P2	3.95
364525_473-LP3-ITS-0473	visc_blank_2	Sample	SamplingBenchmarking	DNA17	P5	0.001
364525_352-LP3-ITS-0352	Erlenbach_2022-10-20_3	Sample	SoilColonialization	DNA15	P4	5.88
364525_231-LP3-ITS-0231	Lavaux_2022-09-09_must_Plot20_RepD	Sample	Lavaux	DNA14	P3	1.29
364525_110-LP3-ITS-0110	Lavaux_2021-09-30_must_Plot12_Row3/Vine41_ID80	Sample	Lavaux	DNA12	P2	3.7
364525_474-LP3-ITS-0474	visc_blank_3	Sample	SamplingBenchmarking	DNA17	P5	0.001
364525_353-LP3-ITS-0353	Grenchen_2022-10-20_2C	Sample	SoilColonialization	DNA15	P4	2.67
364525_232-LP3-ITS-0232	DNA14_PosCtrl_2	PosCtrl	Lavaux	DNA14	P3	5.69
364525_111-LP3-ITS-0111	Lavaux_2021-09-30_must_Plot12_Row6/Vine31_ID89	Sample	Lavaux	DNA12	P2	5.66
364525_475-LP3-ITS-0475	Grenchen_2021-07-21_soil_2C	Sample	SoilColonialization	DNA16	P5	8.52
364525_354-LP3-ITS-0354	Grenchen_2022-10-20_2A	Sample	SoilColonialization	DNA15	P4	2.34
364525_233-LP3-ITS-0233	Lavaux_2021-09-30_must_Plot9_Row7/Vine20_ID46	Sample	Lavaux	DNA14	P3	1.32
364525_112-LP3-ITS-0112	Lavaux_2021-09-30_must_Plot12_Row7/Vine40_ID92	Sample	Lavaux	DNA12	P2	3.19
364525_468-LP3-ITS-0468	visc_4deg_3	Sample	SamplingBenchmarking	DNA17	P5	6.47
364525_469-LP3-ITS-0469	visc_min20_1	Sample	SamplingBenchmarking	DNA17	P5	6.19
364525_348-LP3-ITS-0348	Grenchen_2022-10-20_2B	Sample	SoilColonialization	DNA15	P4	8.24
364525_470-LP3-ITS-0470	visc_min20_2	Sample	SamplingBenchmarking	DNA17	P5	8.83
364525_349-LP3-ITS-0349	Grenchen_2021-06-11_soil_2A_ref	Sample	SoilColonialization	DNA15	P4	8.15
364525_228-LP3-ITS-0228	Lavaux_2022-09-09_must_Plot9_RepE	Sample	Lavaux	DNA14	P3	4.96
364525_471-LP3-ITS-0471	visc_min20_3	Sample	SamplingBenchmarking	DNA17	P5	7.35
364525_350-LP3-ITS-0350	Grenchen_2021-07-21_soil_2B	Sample	SoilColonialization	DNA15	P4	3.64
364525_229-LP3-ITS-0229	Lavaux_2022-09-09_must_Plot14_RepB	Sample	Lavaux	DNA14	P3	0.71
364525_108-LP3-ITS-0108	Lavaux_2021-09-30_must_Plot9_Row5/Vine40_ID43	Sample	Lavaux	DNA12	P2	2.88
364525_117-LP3-ITS-0117	DNA12_PosCtrl	PosCtrl	Lavaux	DNA12	P2	7.86
364525_476-LP3-ITS-0476	Grenchen_2022-03-08_2B	Sample	SoilColonialization	DNA16	P5	2.54
364525_355-LP3-ITS-0355	Grenchen_2022-10-20_1C	Sample	SoilColonialization	DNA15	P4	4.0
364525_234-LP3-ITS-0234	Lavaux_2021-09-30_must_Plot17_Row4/Vine5_ID148	Sample	Lavaux	DNA14	P3	3.39
364525_113-LP3-ITS-0113	Lavaux_2021-09-30_must_Plot17_Row14/Vine10_ID173	Sample	Lavaux	DNA12	P2	7.01
364525_477-LP3-ITS-0477	Grenchen_2022-10-20_1B	Sample	SoilColonialization	DNA16	P5	2.32
364525_356-LP3-ITS-0356	empty	Sample	NOT-USE	DNA15	P4	2.3
364525_235-LP3-ITS-0235	Lavaux_2022-09-09_must_Plot4_RepD	Sample	Lavaux	DNA14	P3	4.87
364525_114-LP3-ITS-0114	Lavaux_2021-09-30_must_Plot12_Row7/Vine20_ID91	Sample	Lavaux	DNA12	P2	5.1
364525_357-LP3-ITS-0357	Grenchen_2022-10-20_1A	Sample	SoilColonialization	DNA15	P4	6.85
364525_236-LP3-ITS-0236	Lavaux_2022-09-09_must_Plot12_RepA	Sample	Lavaux	DNA14	P3	3.06
364525_115-LP3-ITS-0115	Lavaux_2021-09-30_must_Plot15_Row9/Vine20_ID132	Sample	Lavaux	DNA12	P2	5.14
364525_237-LP3-ITS-0237	Lavaux_2022-09-09_must_Plot14_RepC	Sample	Lavaux	DNA14	P3	2.94
364525_116-LP3-ITS-0116	Lavaux_2021-09-30_must_Plot14_Row13/Vine10_ID114	Sample	Lavaux	DNA12	P2	4.19
364525_478-LP3-ITS-0478	Grenchen_2021-10-13_soil_1C	Sample	SoilColonialization	DNA16	P5	0.001
364525_505-LP3-ITS-0505	Valais_21	Sample	Valais	DNA38	P6	5.5
364525_384-LP3-ITS-0384	Grenchen_2022-03-08_2A	Sample	SoilColonialization	DNA15	P4	12.68
364525_263-LP3-ITS-0263	Lavaux_2022-08-10_must_Plot5	Sample	Lavaux	DNA14	P3	0.15
364525_142-LP3-ITS-0142	Lavaux_2021-09-30_must_Plot13_Row5/Vine10_ID100	Sample	Lavaux	DNA12	P2	4.63
364525_022-LP3-ITS-0022	Lavaux_2021-09-30_must_Plot15_Row13/Vine20_ID139	Sample	Lavaux	DNA11	P1	4.16
364525_506-LP3-ITS-0506	Valais_31	Sample	Valais	DNA38	P6	1.8
364525_385-LP3-ITS-0385	SB_must_RT_immediately_1	Sample	SamplingBenchmarking	DNA17	P5	3.49
364525_264-LP3-ITS-0264	empty	Sample	NOT-USE	DNA14	P3	0.001
364525_143-LP3-ITS-0143	Lavaux_2021-09-30_must_Plot15_Row8/Vine29_ID131a	Sample	Lavaux	DNA12	P2	3.91
364525_021-LP3-ITS-0021	Lavaux_2021-09-30_must_Plot20_Row8/Vine30_ID209	Sample	Lavaux	DNA11	P1	2.54
364525_507-LP3-ITS-0507	Valais_24	Sample	Valais	DNA38	P6	5.2
364525_386-LP3-ITS-0386	SB_must_RT_immediately_2	Sample	SamplingBenchmarking	DNA17	P5	3.66
364525_265-LP3-ITS-0265	Lavaux_2021-09-30_must_Plot17_Row3/Vine15_ID146	Sample	Lavaux	DNA14	P3	2.46
364525_144-LP3-ITS-0144	Lavaux_2021-09-30_must_Plot4_Row14/Vine30_ID14	Sample	Lavaux	DNA12	P2	1.26
364525_024-LP3-ITS-0024	Lavaux_2021-09-30_must_Plot15_Row5/Vine20_ID124	Sample	Lavaux	DNA11	P1	7.91
364525_387-LP3-ITS-0387	SB_must_RT_immediately_3	Sample	SamplingBenchmarking	DNA17	P5	6.46
364525_266-LP3-ITS-0266	Lavaux_2021-09-30_must_Plot17_Row12/Vine10_ID169	Sample	Lavaux	DNA14	P3	7.86
364525_145-LP3-ITS-0145	Lavaux_2021-09-30_must_Plot11_Row4/Vine32_ID62	Sample	Lavaux	DNA12	P2	2.78
364525_023-LP3-ITS-0023	Lavaux_2021-09-30_must_Plot17_Row6/Vine30_ID158b	Sample	Lavaux	DNA11	P1	2.82
364525_501-LP3-ITS-0501	Valais_36	Sample	Valais	DNA38	P6	7.7
364525_380-LP3-ITS-0380	empty	Sample	NOT-USE	DNA15	P4	3.67
364525_259-LP3-ITS-0259	Lavaux_2022-09-09_must_Plot5_RepB	Sample	Lavaux	DNA14	P3	1.72
364525_138-LP3-ITS-0138	Lavaux_2021-09-30_must_Plot9_Row7/Vine40_ID47	Sample	Lavaux	DNA12	P2	5.21
364525_018-LP3-ITS-0018	Lavaux_2021-09-30_must_Plot4_Row20/Vine30_ID23	Sample	Lavaux	DNA11	P1	3.94
364525_502-LP3-ITS-0502	Valais_38	Sample	Valais	DNA38	P6	4.8
364525_381-LP3-ITS-0381	Lavaux_2021-08-31_soil_Plot12	Sample	Lavaux	DNA15	P4	3.6
364525_260-LP3-ITS-0260	Lavaux_2022-09-09_must_Plot12_RepD	Sample	Lavaux	DNA14	P3	6.52
364525_139-LP3-ITS-0139	Lavaux_2021-09-30_must_Plot4_Row18/Vine10_ID19	Sample	Lavaux	DNA12	P2	1.46
364525_503-LP3-ITS-0503	Valais_15	Sample	Valais	DNA38	P6	3.4
364525_382-LP3-ITS-0382	Grenchen_2021-06-11_soil_2C_ref	Sample	SoilColonialization	DNA15	P4	3.25
364525_261-LP3-ITS-0261	Lavaux_2022-09-09_must_Plot15_RepA	Sample	Lavaux	DNA14	P3	1.78
364525_140-LP3-ITS-0140	Lavaux_2021-09-30_must_Plot17_Row18/Vine30_ID183	Sample	Lavaux	DNA12	P2	2.11
364525_020-LP3-ITS-0020	Lavaux_2021-09-30_must_Plot11_Row2/Vine10_ID56	Sample	Lavaux	DNA11	P1	5.46
364525_504-LP3-ITS-0504	Valais_17	Sample	Valais	DNA38	P6	5.0
364525_383-LP3-ITS-0383	Grenchen_2021-07-21_soil_1B	Sample	SoilColonialization	DNA15	P4	7.88
364525_262-LP3-ITS-0262	Lavaux_2022-09-09_must_Plot19_RepA	Sample	Lavaux	DNA14	P3	1.67
364525_141-LP3-ITS-0141	Lavaux_2021-09-30_must_Plot12_Row3/Vine60_ID81	Sample	Lavaux	DNA12	P2	1.92
364525_019-LP3-ITS-0019	Lavaux_2021-09-30_must_Plot4_Row8/Vine10_ID4	Sample	Lavaux	DNA11	P1	5.89
364525_267-LP3-ITS-0267	Lavaux_2022-09-09_must_Plot5_RepC	Sample	Lavaux	DNA14	P3	3.53
364525_146-LP3-ITS-0146	Lavaux_2021-09-30_must_Plot15_Row7/Vine39_ID129a	Sample	Lavaux	DNA12	P2	2.3
364525_026-LP3-ITS-0026	Lavaux_2021-09-30_must_Plot4_Row11/Vine20_ID9	Sample	Lavaux	DNA11	P1	4.97
364525_147-LP3-ITS-0147	Lavaux_2021-09-30_must_Plot20_Row10/Vine30_ID212	Sample	Lavaux	DNA12	P2	3.39
364525_025-LP3-ITS-0025	Lavaux_2021-09-30_must_Plot15_Row12/Vine9_ID137	Sample	Lavaux	DNA11	P1	2.96
364525_027-LP3-ITS-0027	Lavaux_2021-09-30_must_Plot4_Row6/Vine10_ID1	Sample	Lavaux	DNA11	P1	4.23
364525_388-LP3-ITS-0388	SB_must_RT_24h_1	Sample	SamplingBenchmarking	DNA17	P5	5.64
364525_389-LP3-ITS-0389	SB_must_RT_24h_2	Sample	SamplingBenchmarking	DNA17	P5	3.63
364525_268-LP3-ITS-0268	Lavaux_2022-09-09_must_Plot12_RepE	Sample	Lavaux	DNA14	P3	4.99
364525_390-LP3-ITS-0390	SB_must_RT_24h_3	Sample	SamplingBenchmarking	DNA17	P5	4.44
364525_269-LP3-ITS-0269	DNA14_PosCtrl_1	PosCtrl	Lavaux	DNA14	P3	14.48
364525_148-LP3-ITS-0148	Lavaux_2021-09-30_must_Plot15_Row6/Vine30_ID127	Sample	Lavaux	DNA12	P2	4.15
364525_494-LP3-ITS-0494	Valais_10	Sample	Valais	DNA38	P6	4.1
364525_373-LP3-ITS-0373	Grenchen_2021-06-11_soil_2D_ref	Sample	SoilColonialization	DNA15	P4	6.72
364525_252-LP3-ITS-0252	Lavaux_2022-09-09_must_Plot12_RepC	Sample	Lavaux	DNA14	P3	3.14
364525_131-LP3-ITS-0131	Lavaux_2021-09-30_must_Plot5_Row3/Vine20_ID28	Sample	Lavaux	DNA12	P2	6.56
364525_011-LP3-ITS-0011	Lavaux_2021-09-30_must_Plot20_Row4/Vine30_ID203	Sample	Lavaux	DNA11	P1	8.99
364525_495-LP3-ITS-0495	Valais_3	Sample	Valais	DNA38	P6	6.6
364525_374-LP3-ITS-0374	Grenchen_2021-06-11_soil_1C	Sample	SoilColonialization	DNA15	P4	3.54
364525_253-LP3-ITS-0253	Lavaux_2022-09-09_must_Plot14_RepE	Sample	Lavaux	DNA14	P3	1.19
364525_132-LP3-ITS-0132	Lavaux_2021-09-30_must_Plot9_Row3/Vine20_ID39	Sample	Lavaux	DNA12	P2	3.0
364525_010-LP3-ITS-0010	Lavaux_2021-09-30_must_Plot20_Row11/Vine20_ID213	Sample	Lavaux	DNA11	P1	6.21
364525_496-LP3-ITS-0496	Valais_25	Sample	Valais	DNA38	P6	4.4
364525_375-LP3-ITS-0375	Grenchen_2021-06-11_soil_2B	Sample	SoilColonialization	DNA15	P4	10.11
364525_254-LP3-ITS-0254	Lavaux_2022-09-09_must_Plot17_RepE	Sample	Lavaux	DNA14	P3	1.83
364525_133-LP3-ITS-0133	DO NOT USE (DUPLICATE)	Sample	NOT-USE	DNA12	P2	0.63
364525_013-LP3-ITS-0013	Lavaux_2021-09-30_must_Plot19_Row4/Vine11_ID198	Sample	Lavaux	DNA11	P1	18.2
364525_497-LP3-ITS-0497	Valais_35	Sample	Valais	DNA38	P6	2.4
364525_376-LP3-ITS-0376	Grenchen_2022-03-08_2C	Sample	SoilColonialization	DNA15	P4	10.35
364525_255-LP3-ITS-0255	Lavaux_2022-08-10_must_Plot4	Sample	Lavaux	DNA14	P3	0.64
364525_134-LP3-ITS-0134	Lavaux_2021-09-30_must_Plot5_Row4/Vine31_ID31	Sample	Lavaux	DNA12	P2	3.93
364525_012-LP3-ITS-0012	Lavaux_2021-09-30_must_Plot12_Row4/Vine30_ID83	Sample	Lavaux	DNA11	P1	1.62
364525_490-LP3-ITS-0490	Valais_29	Sample	Valais	DNA38	P6	2.3
364525_369-LP3-ITS-0369	Grenchen_2021-06-11_soil_1A	Sample	SoilColonialization	DNA15	P4	7.06
364525_248-LP3-ITS-0248	Lavaux_2022-08-10_must_Plot19	Sample	Lavaux	DNA14	P3	0.47
364525_491-LP3-ITS-0491	Valais_9	Sample	Valais	DNA38	P6	8.8
364525_370-LP3-ITS-0370	Grenchen_2021-06-11_soil_1B	Sample	SoilColonialization	DNA15	P4	7.97
364525_249-LP3-ITS-0249	Lavaux_2021-09-30_must_Plot9_Row5/Vine20_ID42	Sample	Lavaux	DNA14	P3	0.001
364525_128-LP3-ITS-0128	Lavaux_2021-09-30_must_Plot15_Row8/Vine10_ID130	Sample	Lavaux	DNA12	P2	4.98
364525_492-LP3-ITS-0492	Valais_13	Sample	Valais	DNA38	P6	7.4
364525_371-LP3-ITS-0371	Grenchen_2022-03-08_1C	Sample	SoilColonialization	DNA15	P4	5.46
364525_250-LP3-ITS-0250	Lavaux_2021-09-30_must_Plot5_Row6/Vine12_ID35	Sample	Lavaux	DNA14	P3	0.001
364525_129-LP3-ITS-0129	Lavaux_2021-09-30_must_Plot14_Row15/Vine9_ID116	Sample	Lavaux	DNA12	P2	1.67
364525_009-LP3-ITS-0009	Lavaux_2021-09-30_must_Plot9_Row9/Vine40_ID51	Sample	Lavaux	DNA11	P1	4.83
364525_493-LP3-ITS-0493	Valais_14	Sample	Valais	DNA38	P6	5.6
364525_372-LP3-ITS-0372	Grenchen_2022-07-02_1A	Sample	SoilColonialization	DNA15	P4	4.35
364525_251-LP3-ITS-0251	Lavaux_2022-09-09_must_Plot5_RepA	Sample	Lavaux	DNA14	P3	1.08
364525_130-LP3-ITS-0130	Lavaux_2021-09-30_must_Plot13_Row6/Vine20_ID102	Sample	Lavaux	DNA12	P2	5.95
364525_008-LP3-ITS-0008	Lavaux_2021-09-30_must_Plot5_Row2/Vine30_ID26	Sample	Lavaux	DNA11	P1	1.31
364525_377-LP3-ITS-0377	Grenchen_2022-07-02_2A	Sample	SoilColonialization	DNA15	P4	3.62
364525_256-LP3-ITS-0256	Lavaux_2022-08-10_must_Plot20	Sample	Lavaux	DNA14	P3	1.74
364525_135-LP3-ITS-0135	Lavaux_2021-09-30_must_Plot17_Row11/Vine40_ID168	Sample	Lavaux	DNA12	P2	5.84
364525_015-LP3-ITS-0015	Lavaux_2021-09-30_must_Plot15_Row11/Vine20_ID135	Sample	Lavaux	DNA11	P1	5.06
364525_257-LP3-ITS-0257	Lavaux_2021-09-30_must_Plot11_Row5/Vine19_ID64	Sample	Lavaux	DNA14	P3	0.65
364525_136-LP3-ITS-0136	Lavaux_2021-09-30_must_Plot9_Row6/Vine30_ID45	Sample	Lavaux	DNA12	P2	2.12
364525_014-LP3-ITS-0014	DNA11_PosCtrl_1	PosCtrl	Lavaux	DNA11	P1	17.79
364525_137-LP3-ITS-0137	Lavaux_2021-09-30_must_Plot9_Row10/Vine10_ID52	Sample	Lavaux	DNA12	P2	1.52
364525_017-LP3-ITS-0017	Lavaux_2021-09-30_must_Plot4_Row10/Vine10_ID7	Sample	Lavaux	DNA11	P1	5.23
364525_016-LP3-ITS-0016	Lavaux_2021-09-30_must_Plot15_Row7/Vine39_ID129b	Sample	Lavaux	DNA11	P1	3.17
364525_498-LP3-ITS-0498	Valais_19	Sample	Valais	DNA38	P6	7.6
364525_499-LP3-ITS-0499	Valais_28	Sample	Valais	DNA38	P6	12.2
364525_378-LP3-ITS-0378	Grenchen_2021-06-11_soil_1A_ref	Sample	SoilColonialization	DNA15	P4	2.95
364525_500-LP3-ITS-0500	Valais_34	Sample	Valais	DNA38	P6	3.3
364525_379-LP3-ITS-0379	Grenchen_2021-07-21_soil_2A	Sample	SoilColonialization	DNA15	P4	12.63
364525_258-LP3-ITS-0258	Lavaux_2021-09-30_must_Plot11_Row4/Vine10_ID61	Sample	Lavaux	DNA14	P3	1.35
364525_439-LP3-ITS-0439	SB_NaCl_sol_berry_wash_2	Sample	SamplingBenchmarking	DNA17	P5	7.79
364525_318-LP3-ITS-0318	Lavaux_2022-03-08_soil_Plot4	Sample	Lavaux	DNA15	P4	3.12
364525_440-LP3-ITS-0440	SB_NaCl_sol_berry_wash_3	Sample	SamplingBenchmarking	DNA17	P5	4.83
364525_319-LP3-ITS-0319	empty	Sample	NOT-USE	DNA15	P4	5.11
364525_441-LP3-ITS-0441	SB_water_berry_sonication_1	Sample	SamplingBenchmarking	DNA17	P5	5.72
364525_320-LP3-ITS-0320	empty	Sample	NOT-USE	DNA15	P4	5.26
364525_442-LP3-ITS-0442	SB_water_berry_sonication_2	Sample	SamplingBenchmarking	DNA17	P5	3.86
364525_321-LP3-ITS-0321	Lavaux_2021-08-31_soil_Plot4	Sample	Lavaux	DNA15	P4	7.55
364525_438-LP3-ITS-0438	SB_NaCl_sol_berry_wash_1	Sample	SamplingBenchmarking	DNA17	P5	3.95
364525_447-LP3-ITS-0447	SB_gylcerol_berry_sonication_1	Sample	SamplingBenchmarking	DNA17	P5	5.23
364525_326-LP3-ITS-0326	Lavaux_2022-08-10_bark_Plot17	Sample	Lavaux	DNA15	P4	0.99
364525_327-LP3-ITS-0327	Erlenbach_2022-10-20_2	Sample	SoilColonialization	DNA15	P4	6.22
364525_443-LP3-ITS-0443	SB_water_berry_sonication_3	Sample	SamplingBenchmarking	DNA17	P5	8.56
364525_322-LP3-ITS-0322	Lavaux_2021-08-31_soil_Plot9	Sample	Lavaux	DNA15	P4	7.56
364525_444-LP3-ITS-0444	SB_PBS_berry_sonication_1	Sample	SamplingBenchmarking	DNA17	P5	5.96
364525_323-LP3-ITS-0323	Lavaux_2021-08-31_soil_Plot17	Sample	Lavaux	DNA15	P4	9.82
364525_445-LP3-ITS-0445	SB_PBS_berry_sonication_2	Sample	SamplingBenchmarking	DNA17	P5	15.75
364525_324-LP3-ITS-0324	Lavaux_2021-08-31_soil_Plot11	Sample	Lavaux	DNA15	P4	4.0
364525_446-LP3-ITS-0446	SB_PBS_berry_sonication_3	Sample	SamplingBenchmarking	DNA17	P5	8.83
364525_325-LP3-ITS-0325	Lavaux_2021-08-31_soil_Plot18	Sample	Lavaux	DNA15	P4	1.36
364525_428-LP3-ITS-0428	DO NOT USE (DUPLICATE)	Sample	NOT-USE	DNA17	P5	6.27
364525_429-LP3-ITS-0429	SB_water_berry_wash_1	Sample	SamplingBenchmarking	DNA17	P5	5.02
364525_308-LP3-ITS-0308	DO NOT USE (DUPLICATE)	Sample	NOT-USE	DNA15	P4	7.53
364525_430-LP3-ITS-0430	SB_water_berry_wash_2	Sample	SamplingBenchmarking	DNA17	P5	7.99
364525_309-LP3-ITS-0309	Lavaux_2022-03-08_soil_Plot13	Sample	Lavaux	DNA15	P4	7.97
364525_431-LP3-ITS-0431	SB_water_berry_wash_3	Sample	SamplingBenchmarking	DNA17	P5	8.02
364525_310-LP3-ITS-0310	empty	Sample	NOT-USE	DNA15	P4	7.14
364525_436-LP3-ITS-0436	SB_gylcerol_berry_wash_2	Sample	SamplingBenchmarking	DNA17	P5	7.97
364525_315-LP3-ITS-0315	empty	Sample	NOT-USE	DNA15	P4	0.97
364525_437-LP3-ITS-0437	SB_gylcerol_berry_wash_3	Sample	SamplingBenchmarking	DNA17	P5	4.48
364525_316-LP3-ITS-0316	Lavaux_2022-03-08_soil_Plot9	Sample	Lavaux	DNA15	P4	7.97
364525_317-LP3-ITS-0317	empty	Sample	NOT-USE	DNA15	P4	5.22
364525_432-LP3-ITS-0432	SB_PBS_berry_wash_1	Sample	SamplingBenchmarking	DNA17	P5	3.7
364525_311-LP3-ITS-0311	Lavaux_2022-03-08_soil_Plot12	Sample	Lavaux	DNA15	P4	10.03
364525_433-LP3-ITS-0433	SB_PBS_berry_wash_2	Sample	SamplingBenchmarking	DNA17	P5	11.17
364525_312-LP3-ITS-0312	Lavaux_2022-03-08_soil_Plot11	Sample	Lavaux	DNA15	P4	6.32
364525_434-LP3-ITS-0434	SB_PBS_berry_wash_3	Sample	SamplingBenchmarking	DNA17	P5	5.32
364525_313-LP3-ITS-0313	Lavaux_2022-03-08_soil_Plot15	Sample	Lavaux	DNA15	P4	4.31
364525_435-LP3-ITS-0435	SB_gylcerol_berry_wash_1	Sample	SamplingBenchmarking	DNA17	P5	7.89
364525_314-LP3-ITS-0314	Lavaux_2022-03-08_soil_Plot18	Sample	Lavaux	DNA15	P4	3.9
364525_461-LP3-ITS-0461	must_4deg_2	Sample	SamplingBenchmarking	DNA17	P5	9.55
364525_340-LP3-ITS-0340	Grenchen_2021-10-13_soil_2C	Sample	SoilColonialization	DNA15	P4	8.08
364525_219-LP3-ITS-0219	Lavaux_2022-09-09_must_Plot4_RepB	Sample	Lavaux	DNA14	P3	2.94
364525_462-LP3-ITS-0462	must_4deg_3	Sample	SamplingBenchmarking	DNA17	P5	8.22
364525_341-LP3-ITS-0341	DNA15_NegCtrl	NegCtrl	SoilColonialization	DNA15	P4	0.39
364525_220-LP3-ITS-0220	Lavaux_2022-09-09_must_Plot9_RepD	Sample	Lavaux	DNA14	P3	1.95
364525_463-LP3-ITS-0463	cotton_blank1	Sample	SamplingBenchmarking	DNA17	P5	0.001
364525_342-LP3-ITS-0342	Grenchen_2021-10-13_soil_2B	Sample	SoilColonialization	DNA15	P4	4.32
364525_221-LP3-ITS-0221	Lavaux_2022-09-09_must_Plot14_RepA	Sample	Lavaux	DNA14	P3	2.15
364525_464-LP3-ITS-0464	cotton_blank2	Sample	SamplingBenchmarking	DNA17	P5	0.001
364525_343-LP3-ITS-0343	Grenchen_2021-10-13_soil_2A	Sample	SoilColonialization	DNA15	P4	7.94
364525_222-LP3-ITS-0222	Lavaux_2022-09-09_must_Plot17_RepA	Sample	Lavaux	DNA14	P3	1.43
364525_458-LP3-ITS-0458	must_min20_2	Sample	SamplingBenchmarking	DNA17	P5	6.96
364525_459-LP3-ITS-0459	must_min20_3	Sample	SamplingBenchmarking	DNA17	P5	10.66
364525_338-LP3-ITS-0338	Erlenbach_2022-08-11_1	Sample	SoilColonialization	DNA15	P4	0.61
364525_460-LP3-ITS-0460	must_4deg_1	Sample	SamplingBenchmarking	DNA17	P5	7.34
364525_339-LP3-ITS-0339	Erlenbach_2022-08-11_2	Sample	SoilColonialization	DNA15	P4	2.39
364525_218-LP3-ITS-0218	Lavaux_2021-09-30_must_Plot11_Row5/Vine41_ID65	Sample	Lavaux	DNA14	P3	2.68
364525_227-LP3-ITS-0227	Lavaux_2022-09-09_must_Plot4_RepC	Sample	Lavaux	DNA14	P3	7.64
364525_465-LP3-ITS-0465	cotton_blank3	Sample	SamplingBenchmarking	DNA17	P5	0.001
364525_344-LP3-ITS-0344	DO NOT USE (DUPLICATE)	Sample	NOT-USE	DNA15	P4	2.05
364525_223-LP3-ITS-0223	Lavaux_2022-09-09_must_Plot20_RepC	Sample	Lavaux	DNA14	P3	2.23
364525_466-LP3-ITS-0466	visc_4deg_1	Sample	SamplingBenchmarking	DNA17	P5	4.8
364525_345-LP3-ITS-0345	Grenchen_2021-06-11_soil_1B_ref	Sample	SoilColonialization	DNA15	P4	2.53
364525_224-LP3-ITS-0224	Lavaux_2022-08-10_must_Plot17	Sample	Lavaux	DNA14	P3	1.24
364525_467-LP3-ITS-0467	visc_4deg_2	Sample	SamplingBenchmarking	DNA17	P5	10.19
364525_346-LP3-ITS-0346	Grenchen_2021-06-11_soil_1C_ref	Sample	SoilColonialization	DNA15	P4	7.21
364525_225-LP3-ITS-0225	Lavaux_2021-09-30_must_Plot11_Row3/Vine40_ID60	Sample	Lavaux	DNA14	P3	3.12
364525_347-LP3-ITS-0347	Grenchen_2021-06-11_soil_2A	Sample	SoilColonialization	DNA15	P4	7.46
364525_226-LP3-ITS-0226	Lavaux_2021-09-30_must_Plot17_Row15/Vine40_ID176	Sample	Lavaux	DNA14	P3	1.26
364525_450-LP3-ITS-0450	SB_NaCl_sol_berry_sonication_1	Sample	SamplingBenchmarking	DNA17	P5	5.64
364525_329-LP3-ITS-0329	Erlenbach_2022-06-30_3	Sample	SoilColonialization	DNA15	P4	0.02
364525_208-LP3-ITS-0208	Lavaux_2022-08-10_must_Plot14	Sample	Lavaux	DNA14	P3	1.29
364525_451-LP3-ITS-0451	SB_NaCl_sol_berry_sonication_2	Sample	SamplingBenchmarking	DNA17	P5	12.21
364525_330-LP3-ITS-0330	Grenchen_2022-07-02_2C	Sample	SoilColonialization	DNA15	P4	5.66
364525_209-LP3-ITS-0209	Lavaux_2021-09-30_must_Plot12_Row5/Vine40_ID86	Sample	Lavaux	DNA14	P3	0.79
364525_452-LP3-ITS-0452	SB_NaCl_sol_berry_sonication_3	Sample	SamplingBenchmarking	DNA17	P5	6.82
364525_331-LP3-ITS-0331	Erlenbach_2022-06-30_2	Sample	SoilColonialization	DNA15	P4	0.74
364525_210-LP3-ITS-0210	Lavaux_2021-09-30_must_Plot4_Row19/Vine20_ID21	Sample	Lavaux	DNA14	P3	2.51
364525_453-LP3-ITS-0453	cotton_tips_1	Sample	SamplingBenchmarking	DNA17	P5	3.2
364525_332-LP3-ITS-0332	DNA15_PosCtrl	PosCtrl	SoilColonialization	DNA15	P4	12.75
364525_211-LP3-ITS-0211	Lavaux_2022-09-09_must_Plot4_RepA	Sample	Lavaux	DNA14	P3	1.72
364525_448-LP3-ITS-0448	SB_gylcerol_berry_sonication_2	Sample	SamplingBenchmarking	DNA17	P5	6.4
364525_449-LP3-ITS-0449	SB_gylcerol_berry_sonication_3	Sample	SamplingBenchmarking	DNA17	P5	4.16
364525_328-LP3-ITS-0328	Erlenbach_2022-06-03_1	Sample	SoilColonialization	DNA15	P4	5.1
364525_337-LP3-ITS-0337	Erlenbach_2022-06-03_2	Sample	SoilColonialization	DNA15	P4	1.07
364525_216-LP3-ITS-0216	Lavaux_2022-08-10_must_Plot15	Sample	Lavaux	DNA14	P3	13.07
364525_217-LP3-ITS-0217	Lavaux_2021-09-30_must_Plot11_Row8/Vine30_ID72	Sample	Lavaux	DNA14	P3	0.55
364525_454-LP3-ITS-0454	cotton_tips_2	Sample	SamplingBenchmarking	DNA17	P5	2.18
364525_333-LP3-ITS-0333	Erlenbach_2022-10-20_1	Sample	SoilColonialization	DNA15	P4	4.09
364525_212-LP3-ITS-0212	Lavaux_2022-09-09_must_Plot9_RepC	Sample	Lavaux	DNA14	P3	1.81
364525_455-LP3-ITS-0455	cotton_tips_3	Sample	SamplingBenchmarking	DNA17	P5	3.59
364525_334-LP3-ITS-0334	Erlenbach_2022-06-03_3	Sample	SoilColonialization	DNA15	P4	1.19
364525_213-LP3-ITS-0213	Lavaux_2022-09-09_must_Plot13_RepE	Sample	Lavaux	DNA14	P3	4.84
364525_456-LP3-ITS-0456	DNA17_NegCtrl	NegCtrl	SamplingBenchmarking	DNA17	P5	0.001
364525_335-LP3-ITS-0335	Grenchen_2022-07-02_2B	Sample	SoilColonialization	DNA15	P4	3.39
364525_214-LP3-ITS-0214	DNA14_NegCtrl_1	NegCtrl	Lavaux	DNA14	P3	0.001
364525_457-LP3-ITS-0457	must_min20_1	Sample	SamplingBenchmarking	DNA17	P5	5.06
364525_336-LP3-ITS-0336	Erlenbach_2022-06-30_1	Sample	SoilColonialization	DNA15	P4	8.27
364525_215-LP3-ITS-0215	Lavaux_2022-09-09_must_Plot20_RepB	Sample	Lavaux	DNA14	P3	1.73
364525_418-LP3-ITS-0418	SB_swab(cotton)_freeze_immediately_2	Sample	SamplingBenchmarking	DNA17	P5	7.45
364525_419-LP3-ITS-0419	SB_swab(cotton)_freeze_immediately_3	Sample	SamplingBenchmarking	DNA17	P5	15.53
364525_420-LP3-ITS-0420	SB_swab(cotton)_4deg_24h_1	Sample	SamplingBenchmarking	DNA17	P5	10.49
364525_425-LP3-ITS-0425	SB_must_freeze_immediately_3	Sample	SamplingBenchmarking	DNA17	P5	4.28
364525_426-LP3-ITS-0426	DO NOT USE (DUPLICATE)	Sample	NOT-USE	DNA17	P5	6.75
364525_427-LP3-ITS-0427	DO NOT USE (DUPLICATE)	Sample	NOT-USE	DNA17	P5	7.92
364525_421-LP3-ITS-0421	SB_swab(cotton)_4deg_24h_2	Sample	SamplingBenchmarking	DNA17	P5	1.8
364525_422-LP3-ITS-0422	SB_swab(cotton)_4deg_24h_3	Sample	SamplingBenchmarking	DNA17	P5	10.66
364525_423-LP3-ITS-0423	SB_must_freeze_immediately_1	Sample	SamplingBenchmarking	DNA17	P5	12.83
364525_424-LP3-ITS-0424	SB_must_freeze_immediately_2	Sample	SamplingBenchmarking	DNA17	P5	4.14
364525_408-LP3-ITS-0408	SB_must_min20_24h_3	Sample	SamplingBenchmarking	DNA17	P5	6.51
364525_409-LP3-ITS-0409	SB_must_min20_1wk_1	Sample	SamplingBenchmarking	DNA17	P5	1.89
364525_414-LP3-ITS-0414	SB_must_min20_1month_3	Sample	SamplingBenchmarking	DNA17	P5	1.7
364525_415-LP3-ITS-0415	DNA17_PosCtrl	PosCtrl	SamplingBenchmarking	DNA17	P5	20.26
364525_416-LP3-ITS-0416	empty?	Sample	NOT-USE	DNA17	P5	1.29
364525_417-LP3-ITS-0417	SB_swab(cotton)_freeze_immediately_1	Sample	SamplingBenchmarking	DNA17	P5	8.39
364525_410-LP3-ITS-0410	SB_must_min20_1wk_2	Sample	SamplingBenchmarking	DNA17	P5	3.64
364525_411-LP3-ITS-0411	SB_must_min20_1wk_3	Sample	SamplingBenchmarking	DNA17	P5	5.91
364525_412-LP3-ITS-0412	SB_must_min20_1month_1	Sample	SamplingBenchmarking	DNA17	P5	3.73
364525_413-LP3-ITS-0413	SB_must_min20_1month_2	Sample	SamplingBenchmarking	DNA17	P5	6.91
364525_567-LP3-ITS-0567	MV_Post-MLF_Plot4_2023-12-11	Sample	Lavaux	DNA38	P6	1.4
364525_568-LP3-ITS-0568	MV_Post-AF_Plot13_2023-10-11	Sample	Lavaux	DNA38	P6	4.6
364525_569-LP3-ITS-0569	MV_Must_Plot13_2023-09-23	Sample	Lavaux	DNA38	P6	4.7
364525_574-LP3-ITS-0574	MV_Post-AF_Plot12_2023-10-11	Sample	Lavaux	DNA38	P6	9.2
364525_575-LP3-ITS-0575	MV_Must_Plot14_2023-09-23	Sample	Lavaux	DNA38	P6	9.8
364525_576-LP3-ITS-0576	DNA38_PosCtrl	PosCtrl	Lavaux	DNA38	P6	13.8
364525_570-LP3-ITS-0570	MV_Post-MLF_Plot13_2023-12-11	Sample	Lavaux	DNA38	P6	5.5
364525_571-LP3-ITS-0571	MV_Post-MLF_Plot9_2023-12-11	Sample	Lavaux	DNA38	P6	0.6
364525_572-LP3-ITS-0572	MV_Post-MLF_Plot5_2023-12-11	Sample	Lavaux	DNA38	P6	2.6
364525_573-LP3-ITS-0573	MV_Must_Plot19_2023-09-23	Sample	Lavaux	DNA38	P6	10.9
364525_534-LP3-ITS-0534	Valais_58	Sample	Valais	DNA38	P6	7.6
364525_535-LP3-ITS-0535	Valais_69	Sample	Valais	DNA38	P6	3.3
364525_536-LP3-ITS-0536	Valais_95	Sample	Valais	DNA38	P6	5.4
364525_537-LP3-ITS-0537	Valais_74	Sample	Valais	DNA38	P6	1.3
364525_541-LP3-ITS-0541	Valais_73	Sample	Valais	DNA38	P6	5.8
364525_542-LP3-ITS-0542	Valais_63	Sample	Valais	DNA38	P6	4.9
364525_543-LP3-ITS-0543	Valais_65	Sample	Valais	DNA38	P6	3.2
364525_544-LP3-ITS-0544	Valais_55	Sample	Valais	DNA38	P6	4.6
364525_538-LP3-ITS-0538	Valais_85	Sample	Valais	DNA38	P6	1.2
364525_539-LP3-ITS-0539	Valais_96	Sample	Valais	DNA38	P6	1.4
364525_540-LP3-ITS-0540	Valais_89	Sample	Valais	DNA38	P6	5.1
364525_527-LP3-ITS-0527	Valais_92	Sample	Valais	DNA38	P6	4.1
364525_523-LP3-ITS-0523	Valais_61	Sample	Valais	DNA38	P6	4.3
364525_524-LP3-ITS-0524	Valais_71	Sample	Valais	DNA38	P6	1.5
364525_525-LP3-ITS-0525	Valais_57	Sample	Valais	DNA38	P6	2.6
364525_526-LP3-ITS-0526	Valais_52	Sample	Valais	DNA38	P6	1.8
364525_530-LP3-ITS-0530	Valais_88	Sample	Valais	DNA38	P6	2.2
364525_531-LP3-ITS-0531	Valais_97	Sample	Valais	DNA38	P6	1.0
364525_532-LP3-ITS-0532	Valais_72	Sample	Valais	DNA38	P6	5.3
364525_533-LP3-ITS-0533	Valais_53	Sample	Valais	DNA38	P6	6.7
364525_528-LP3-ITS-0528	Valais_51	Sample	Valais	DNA38	P6	5.4
364525_529-LP3-ITS-0529	Valais_82	Sample	Valais	DNA38	P6	1.9
364525_556-LP3-ITS-0556	Valais_78	Sample	Valais	DNA38	P6	7.1
364525_557-LP3-ITS-0557	Valais_67	Sample	Valais	DNA38	P6	11.9
364525_558-LP3-ITS-0558	Valais_64	Sample	Valais	DNA38	P6	4.6
364525_563-LP3-ITS-0563	Valais_84	Sample	Valais	DNA38	P6	7.4
364525_564-LP3-ITS-0564	Valais_94	Sample	Valais	DNA38	P6	6.4
364525_565-LP3-ITS-0565	Valais_80	Sample	Valais	DNA38	P6	11.1
364525_566-LP3-ITS-0566	DNA38_NegCtrl	NegCtrl	Valais	DNA38	P6	13.9
364525_559-LP3-ITS-0559	Valais_93	Sample	Valais	DNA38	P6	15.1
364525_560-LP3-ITS-0560	Valais_98	Sample	Valais	DNA38	P6	5.5
364525_561-LP3-ITS-0561	Valais_56	Sample	Valais	DNA38	P6	3.2
364525_562-LP3-ITS-0562	Valais_75	Sample	Valais	DNA38	P6	4.8
364525_545-LP3-ITS-0545	Valais_60	Sample	Valais	DNA38	P6	1.3
364525_546-LP3-ITS-0546	Valais_81	Sample	Valais	DNA38	P6	1.1
364525_547-LP3-ITS-0547	Valais_68	Sample	Valais	DNA38	P6	2.1
364525_552-LP3-ITS-0552	Valais_87	Sample	Valais	DNA38	P6	4.1
364525_553-LP3-ITS-0553	Valais_90	Sample	Valais	DNA38	P6	9.7
364525_554-LP3-ITS-0554	Valais_62	Sample	Valais	DNA38	P6	3.1
364525_555-LP3-ITS-0555	Valais_77	Sample	Valais	DNA38	P6	3.6
364525_548-LP3-ITS-0548	Valais_66	Sample	Valais	DNA38	P6	7.9
364525_549-LP3-ITS-0549	Valais_83	Sample	Valais	DNA38	P6	0.3
364525_550-LP3-ITS-0550	Valais_91	Sample	Valais	DNA38	P6	4.6
364525_551-LP3-ITS-0551	Valais_54	Sample	Valais	DNA38	P6	4.5
364525_007-LP3-ITS-0007	Lavaux_2021-09-30_must_Plot20_Row10/Vine10_ID211	Sample	Lavaux	DNA11	P1	4.97
364525_006-LP3-ITS-0006	Lavaux_2021-09-30_must_Plot15_Row3/Vine20_ID121c	Sample	Lavaux	DNA11	P1	0.95
364525_003-LP3-ITS-0003	Lavaux_2021-09-30_must_Plot17_Row13/Vine20_ID171	Sample	Lavaux	DNA11	P1	13.36
364525_002-LP3-ITS-0002	Lavaux_2021-09-30_must_Plot15_Row3/Vine20_ID121b	Sample	Lavaux	DNA11	P1	3.56
364525_005-LP3-ITS-0005	Lavaux_2021-09-30_must_Plot11_Row6/Vine22_ID66	Sample	Lavaux	DNA11	P1	4.08
364525_004-LP3-ITS-0004	Lavaux_2021-09-30_must_Plot5_Row6/Vine30_ID37b	Sample	Lavaux	DNA11	P1	1.3
364525_001-LP3-ITS-0001	Lavaux_2021-09-30_must_Plot4_Row9/Vine20_ID6	Sample	Lavaux	DNA11	P1	0.92
364525_516-LP3-ITS-0516	Valais_8	Sample	Valais	DNA38	P6	3.8
364525_517-LP3-ITS-0517	Valais_18	Sample	Valais	DNA38	P6	0.7
364525_512-LP3-ITS-0512	Valais_16	Sample	Valais	DNA38	P6	2.6
364525_513-LP3-ITS-0513	Valais_32	Sample	Valais	DNA38	P6	7.4
364525_514-LP3-ITS-0514	Valais_5	Sample	Valais	DNA38	P6	2.4
364525_515-LP3-ITS-0515	Valais_6	Sample	Valais	DNA38	P6	5.6
364525_519-LP3-ITS-0519	Valais_59	Sample	Valais	DNA38	P6	6.5
364525_520-LP3-ITS-0520	Valais_79	Sample	Valais	DNA38	P6	1.7
364525_521-LP3-ITS-0521	Valais_70	Sample	Valais	DNA38	P6	5.3
364525_522-LP3-ITS-0522	Valais_76	Sample	Valais	DNA38	P6	1.3
364525_518-LP3-ITS-0518	Valais_86	Sample	Valais	DNA38	P6	5.0
364525_508-LP3-ITS-0508	Valais_27	Sample	Valais	DNA38	P6	3.5
364525_509-LP3-ITS-0509	Valais_12	Sample	Valais	DNA38	P6	7.4
364525_510-LP3-ITS-0510	Valais_11	Sample	Valais	DNA38	P6	4.8
364525_511-LP3-ITS-0511	Valais_37	Sample	Valais	DNA38	P6	6.5
